id,type,title,url,slug,service,city,word_count,unique_word_count,boilerplate_ratio,h1,h2,h3,template_family_size,similar_to,similarity_kind,hamming,issue_flags,issue_categories,primary_issue,observations
1204,post,شركة تركيب عرائش خشبية في البريمي,https://rukn-eltatawer.com/om/wooden-arbor-installation-al-buraimi/,wooden-arbor-installation-al-buraimi,wooden-arbor-installation,al-buraimi,2158,1045,0.516,0,20,13,1,,,,template_boilerplate|unexpanded_shortcodes|tel_in_content,Template/Boilerplate | Missing SEO Elements | Errors/Placeholders,Template/Boilerplate,"هيكل H2 مكرر على 1 مقالة، ونسبة الجمل المكررة 52%. شورت كود كيان غير مُفسَّر (أقسام ناقصة في HTML): [post_call], [post_features], [post_prices], [post_services], [post_steps]. ما زال هناك رابط اتصال هاتفي tel: داخل المحتوى."
450,post,شركة تنظيف كراجات ومواقف سيارات في عبري,https://rukn-eltatawer.com/om/garage-cleaning-ibri/,garage-cleaning-ibri,garage-cleaning,ibri,2238,1113,0.503,0,20,13,1,,,,template_boilerplate|unexpanded_shortcodes|tel_in_content|missing_meta,Template/Boilerplate | Missing SEO Elements | Errors/Placeholders,Template/Boilerplate,"هيكل H2 مكرر على 1 مقالة، ونسبة الجمل المكررة 50%. شورت كود كيان غير مُفسَّر (أقسام ناقصة في HTML): [post_call], [post_features], [post_prices], [post_services], [post_steps]. ما زال هناك رابط اتصال هاتفي tel: داخل المحتوى. صورة بارزة مفقودة أو مكررة (id=246)."
1724,post,شركة دهان أبواب وشبابيك خشبية في البريمي,https://rukn-eltatawer.com/om/wood-doors-windows-painting-al-buraimi/,wood-doors-windows-painting-al-buraimi,wood-doors-windows-painting,al-buraimi,2237,1273,0.431,0,20,13,1,,,,template_boilerplate|unexpanded_shortcodes|tel_in_content,Template/Boilerplate | Missing SEO Elements | Errors/Placeholders,Template/Boilerplate,"هيكل H2 مكرر على 1 مقالة، ونسبة الجمل المكررة 43%. شورت كود كيان غير مُفسَّر (أقسام ناقصة في HTML): [post_call], [post_features], [post_prices], [post_services], [post_steps]. ما زال هناك رابط اتصال هاتفي tel: داخل المحتوى."
1004,post,شركة تركيب شبابيك في البريمي,https://rukn-eltatawer.com/om/windows-installation-al-buraimi/,windows-installation-al-buraimi,windows-installation,al-buraimi,2074,1281,0.382,0,20,13,1,,,,template_boilerplate|unexpanded_shortcodes|tel_in_content,Template/Boilerplate | Missing SEO Elements | Errors/Placeholders,Template/Boilerplate,"هيكل H2 مكرر على 1 مقالة، ونسبة الجمل المكررة 38%. شورت كود كيان غير مُفسَّر (أقسام ناقصة في HTML): [post_call], [post_features], [post_prices], [post_services], [post_steps]. ما زال هناك رابط اتصال هاتفي tel: داخل المحتوى."
628,post,شركة صيانة مبردات مياه في البريمي,https://rukn-eltatawer.com/om/water-cooler-maintenance-al-buraimi/,water-cooler-maintenance-al-buraimi,water-cooler-maintenance,al-buraimi,2103,1306,0.379,0,20,13,1,,,,template_boilerplate|unexpanded_shortcodes|tel_in_content,Template/Boilerplate | Missing SEO Elements | Errors/Placeholders,Template/Boilerplate,"هيكل H2 مكرر على 1 مقالة، ونسبة الجمل المكررة 38%. شورت كود كيان غير مُفسَّر (أقسام ناقصة في HTML): [post_call], [post_features], [post_prices], [post_services], [post_steps]. ما زال هناك رابط اتصال هاتفي tel: داخل المحتوى."
596,post,شركة صيانة غسالات في البريمي,https://rukn-eltatawer.com/om/washer-maintenance-al-buraimi/,washer-maintenance-al-buraimi,washer-maintenance,al-buraimi,2060,1270,0.383,0,20,13,1,https://rukn-eltatawer.com/om/outdoor-bathrooms-al-buraimi/,cross-service-duplicate,7,template_boilerplate|duplicate_similar|unexpanded_shortcodes|tel_in_content,Template/Boilerplate | Duplicate/Similar | Missing SEO Elements | Errors/Placeholders,Template/Boilerplate,"هيكل H2 مكرر على 1 مقالة، ونسبة الجمل المكررة 38%. تشابه مرتفع (hamming=7, cross-service-duplicate) مع https://rukn-eltatawer.com/om/outdoor-bathrooms-al-buraimi/. شورت كود كيان غير مُفسَّر (أقسام ناقصة في HTML): [post_call], [post_features], [post_prices], [post_services], [post_steps]. ما زال هناك رابط اتصال هاتفي tel: داخل المحتوى."
1652,post,شركة تركيب ورق حائط في البريمي,https://rukn-eltatawer.com/om/wallpaper-installation-al-buraimi/,wallpaper-installation-al-buraimi,wallpaper-installation,al-buraimi,2185,1220,0.442,0,20,13,1,,,,template_boilerplate|unexpanded_shortcodes|tel_in_content,Template/Boilerplate | Missing SEO Elements | Errors/Placeholders,Template/Boilerplate,"هيكل H2 مكرر على 1 مقالة، ونسبة الجمل المكررة 44%. شورت كود كيان غير مُفسَّر (أقسام ناقصة في HTML): [post_call], [post_features], [post_prices], [post_services], [post_steps]. ما زال هناك رابط اتصال هاتفي tel: داخل المحتوى."
451,post,شركة تنظيف كراجات ومواقف سيارات في الرستاق,https://rukn-eltatawer.com/om/garage-cleaning-rustaq/,garage-cleaning-rustaq,garage-cleaning,rustaq,2287,1384,0.395,0,20,13,1,,,,template_boilerplate|unexpanded_shortcodes|tel_in_content|missing_meta,Template/Boilerplate | Missing SEO Elements | Errors/Placeholders,Template/Boilerplate,"هيكل H2 مكرر على 1 مقالة، ونسبة الجمل المكررة 40%. شورت كود كيان غير مُفسَّر (أقسام ناقصة في HTML): [post_call], [post_features], [post_prices], [post_services], [post_steps]. ما زال هناك رابط اتصال هاتفي tel: داخل المحتوى. صورة بارزة مفقودة أو مكررة (id=246)."
948,post,شركة تركيب ورق جدران في البريمي,https://rukn-eltatawer.com/om/wallpaper-al-buraimi/,wallpaper-al-buraimi,wallpaper,al-buraimi,2181,1156,0.47,0,20,13,1,,,,template_boilerplate|unexpanded_shortcodes|tel_in_content,Template/Boilerplate | Missing SEO Elements | Errors/Placeholders,Template/Boilerplate,"هيكل H2 مكرر على 1 مقالة، ونسبة الجمل المكررة 47%. شورت كود كيان غير مُفسَّر (أقسام ناقصة في HTML): [post_call], [post_features], [post_prices], [post_services], [post_steps]. ما زال هناك رابط اتصال هاتفي tel: داخل المحتوى."
1180,post,شركة تركيب عشب جداري في البريمي,https://rukn-eltatawer.com/om/wall-grass-al-buraimi/,wall-grass-al-buraimi,wall-grass,al-buraimi,2228,1315,0.41,0,20,13,1,,,,template_boilerplate|unexpanded_shortcodes|tel_in_content,Template/Boilerplate | Missing SEO Elements | Errors/Placeholders,Template/Boilerplate,"هيكل H2 مكرر على 1 مقالة، ونسبة الجمل المكررة 41%. شورت كود كيان غير مُفسَّر (أقسام ناقصة في HTML): [post_call], [post_features], [post_prices], [post_services], [post_steps]. ما زال هناك رابط اتصال هاتفي tel: داخل المحتوى."
1228,post,شركة تركيب نوافير جدارية في البريمي,https://rukn-eltatawer.com/om/wall-fountain-al-buraimi/,wall-fountain-al-buraimi,wall-fountain,al-buraimi,2166,1222,0.436,0,20,13,1,,,,template_boilerplate|unexpanded_shortcodes|tel_in_content,Template/Boilerplate | Missing SEO Elements | Errors/Placeholders,Template/Boilerplate,"هيكل H2 مكرر على 1 مقالة، ونسبة الجمل المكررة 44%. شورت كود كيان غير مُفسَّر (أقسام ناقصة في HTML): [post_call], [post_features], [post_prices], [post_services], [post_steps]. ما زال هناك رابط اتصال هاتفي tel: داخل المحتوى."
924,post,شركة تركيب فوم للجدران في البريمي,https://rukn-eltatawer.com/om/wall-foam-al-buraimi/,wall-foam-al-buraimi,wall-foam,al-buraimi,2178,1120,0.486,0,20,13,1,,,,template_boilerplate|unexpanded_shortcodes|tel_in_content,Template/Boilerplate | Missing SEO Elements | Errors/Placeholders,Template/Boilerplate,"هيكل H2 مكرر على 1 مقالة، ونسبة الجمل المكررة 49%. شورت كود كيان غير مُفسَّر (أقسام ناقصة في HTML): [post_call], [post_features], [post_prices], [post_services], [post_steps]. ما زال هناك رابط اتصال هاتفي tel: داخل المحتوى."
900,post,شركة تركيب أرضيات فينيل في البريمي,https://rukn-eltatawer.com/om/vinyl-flooring-al-buraimi/,vinyl-flooring-al-buraimi,vinyl-flooring,al-buraimi,2108,1276,0.395,0,20,13,1,,,,template_boilerplate|unexpanded_shortcodes|tel_in_content,Template/Boilerplate | Missing SEO Elements | Errors/Placeholders,Template/Boilerplate,"هيكل H2 مكرر على 1 مقالة، ونسبة الجمل المكررة 40%. شورت كود كيان غير مُفسَّر (أقسام ناقصة في HTML): [post_call], [post_features], [post_prices], [post_services], [post_steps]. ما زال هناك رابط اتصال هاتفي tel: داخل المحتوى."
449,post,شركة تنظيف كراجات ومواقف سيارات في صور,https://rukn-eltatawer.com/om/garage-cleaning-sur/,garage-cleaning-sur,garage-cleaning,sur,2294,1306,0.431,0,20,13,1,,,,template_boilerplate|unexpanded_shortcodes|tel_in_content|missing_meta,Template/Boilerplate | Missing SEO Elements | Errors/Placeholders,Template/Boilerplate,"هيكل H2 مكرر على 1 مقالة، ونسبة الجمل المكررة 43%. شورت كود كيان غير مُفسَّر (أقسام ناقصة في HTML): [post_call], [post_features], [post_prices], [post_services], [post_steps]. ما زال هناك رابط اتصال هاتفي tel: داخل المحتوى. صورة بارزة مفقودة أو مكررة (id=246)."
636,post,شركة صيانة مكانس كهربائية في البريمي,https://rukn-eltatawer.com/om/vacuum-maintenance-al-buraimi/,vacuum-maintenance-al-buraimi,vacuum-maintenance,al-buraimi,2109,1285,0.391,0,20,13,1,,,,template_boilerplate|unexpanded_shortcodes|tel_in_content|structural_error,Template/Boilerplate | Missing SEO Elements | Errors/Placeholders,Template/Boilerplate,"هيكل H2 مكرر على 1 مقالة، ونسبة الجمل المكررة 39%. شورت كود كيان غير مُفسَّر (أقسام ناقصة في HTML): [post_call], [post_features], [post_prices], [post_services], [post_steps]. ما زال هناك رابط اتصال هاتفي tel: داخل المحتوى. فقرتان متتاليتان متطابقتان."
676,post,شركة تركيب وصيانة أجهزة تبريد مياه الخزانات في البريمي,https://rukn-eltatawer.com/om/tank-water-chiller-al-buraimi/,tank-water-chiller-al-buraimi,tank-water-chiller,al-buraimi,2362,1460,0.382,0,20,13,1,,,,template_boilerplate|unexpanded_shortcodes|tel_in_content,Template/Boilerplate | Missing SEO Elements | Errors/Placeholders,Template/Boilerplate,"هيكل H2 مكرر على 1 مقالة، ونسبة الجمل المكررة 38%. شورت كود كيان غير مُفسَّر (أقسام ناقصة في HTML): [post_call], [post_features], [post_prices], [post_services], [post_steps]. ما زال هناك رابط اتصال هاتفي tel: داخل المحتوى."
964,post,شركة تركيب أسقف مستعارة في البريمي,https://rukn-eltatawer.com/om/suspended-ceiling-al-buraimi/,suspended-ceiling-al-buraimi,suspended-ceiling,al-buraimi,2164,1209,0.441,0,20,13,1,,,,template_boilerplate|unexpanded_shortcodes|tel_in_content,Template/Boilerplate | Missing SEO Elements | Errors/Placeholders,Template/Boilerplate,"هيكل H2 مكرر على 1 مقالة، ونسبة الجمل المكررة 44%. شورت كود كيان غير مُفسَّر (أقسام ناقصة في HTML): [post_call], [post_features], [post_prices], [post_services], [post_steps]. ما زال هناك رابط اتصال هاتفي tel: داخل المحتوى."
572,post,شركة صيانة بوتاجازات في البريمي,https://rukn-eltatawer.com/om/stove-maintenance-al-buraimi/,stove-maintenance-al-buraimi,stove-maintenance,al-buraimi,2107,1299,0.383,0,20,13,1,https://rukn-eltatawer.com/om/outdoor-majlis-al-buraimi/,cross-service-duplicate,8,template_boilerplate|duplicate_similar|unexpanded_shortcodes|tel_in_content,Template/Boilerplate | Duplicate/Similar | Missing SEO Elements | Errors/Placeholders,Template/Boilerplate,"هيكل H2 مكرر على 1 مقالة، ونسبة الجمل المكررة 38%. تشابه مرتفع (hamming=8, cross-service-duplicate) مع https://rukn-eltatawer.com/om/outdoor-majlis-al-buraimi/. شورت كود كيان غير مُفسَّر (أقسام ناقصة في HTML): [post_call], [post_features], [post_prices], [post_services], [post_steps]. ما زال هناك رابط اتصال هاتفي tel: داخل المحتوى."
1212,post,شركة إنشاء ممرات حجرية في البريمي,https://rukn-eltatawer.com/om/stone-pathway-al-buraimi/,stone-pathway-al-buraimi,stone-pathway,al-buraimi,2159,1220,0.435,0,20,13,1,https://rukn-eltatawer.com/om/sea-freight-al-buraimi/,cross-service-duplicate,8,template_boilerplate|duplicate_similar|unexpanded_shortcodes|tel_in_content,Template/Boilerplate | Duplicate/Similar | Missing SEO Elements | Errors/Placeholders,Template/Boilerplate,"هيكل H2 مكرر على 1 مقالة، ونسبة الجمل المكررة 44%. تشابه مرتفع (hamming=8, cross-service-duplicate) مع https://rukn-eltatawer.com/om/sea-freight-al-buraimi/. شورت كود كيان غير مُفسَّر (أقسام ناقصة في HTML): [post_call], [post_features], [post_prices], [post_services], [post_steps]. ما زال هناك رابط اتصال هاتفي tel: داخل المحتوى."
448,post,شركة تنظيف كراجات ومواقف سيارات في نزوى,https://rukn-eltatawer.com/om/garage-cleaning-nizwa/,garage-cleaning-nizwa,garage-cleaning,nizwa,2297,1327,0.422,0,20,13,1,,,,template_boilerplate|unexpanded_shortcodes|tel_in_content|missing_meta,Template/Boilerplate | Missing SEO Elements | Errors/Placeholders,Template/Boilerplate,"هيكل H2 مكرر على 1 مقالة، ونسبة الجمل المكررة 42%. شورت كود كيان غير مُفسَّر (أقسام ناقصة في HTML): [post_call], [post_features], [post_prices], [post_services], [post_steps]. ما زال هناك رابط اتصال هاتفي tel: داخل المحتوى. صورة بارزة مفقودة أو مكررة (id=246)."
908,post,شركة تركيب حجر طبيعي وصناعي في البريمي,https://rukn-eltatawer.com/om/stone-al-buraimi/,stone-al-buraimi,stone,al-buraimi,2112,1314,0.378,0,20,13,1,,,,template_boilerplate|unexpanded_shortcodes|tel_in_content,Template/Boilerplate | Missing SEO Elements | Errors/Placeholders,Template/Boilerplate,"هيكل H2 مكرر على 1 مقالة، ونسبة الجمل المكررة 38%. شورت كود كيان غير مُفسَّر (أقسام ناقصة في HTML): [post_call], [post_features], [post_prices], [post_services], [post_steps]. ما زال هناك رابط اتصال هاتفي tel: داخل المحتوى."
1444,post,شركة التعقيم بالبخار في البريمي,https://rukn-eltatawer.com/om/steam-disinfection-al-buraimi/,steam-disinfection-al-buraimi,steam-disinfection,al-buraimi,2166,1260,0.418,0,20,13,1,,,,template_boilerplate|unexpanded_shortcodes|tel_in_content,Template/Boilerplate | Missing SEO Elements | Errors/Placeholders,Template/Boilerplate,"هيكل H2 مكرر على 1 مقالة، ونسبة الجمل المكررة 42%. شورت كود كيان غير مُفسَّر (أقسام ناقصة في HTML): [post_call], [post_features], [post_prices], [post_services], [post_steps]. ما زال هناك رابط اتصال هاتفي tel: داخل المحتوى."
208,post,شركة تنظيف كنب في البريمي,https://rukn-eltatawer.com/om/sofa-cleaning-al-buraimi/,sofa-cleaning-al-buraimi,sofa-cleaning,al-buraimi,2179,1169,0.464,0,20,13,1,,,,template_boilerplate|unexpanded_shortcodes|tel_in_content,Template/Boilerplate | Missing SEO Elements | Errors/Placeholders,Template/Boilerplate,"هيكل H2 مكرر على 1 مقالة، ونسبة الجمل المكررة 46%. شورت كود كيان غير مُفسَّر (أقسام ناقصة في HTML): [post_call], [post_features], [post_prices], [post_services], [post_steps]. ما زال هناك رابط اتصال هاتفي tel: داخل المحتوى."
1372,post,شركة مكافحة الأفاعي في البريمي,https://rukn-eltatawer.com/om/snake-control-al-buraimi/,snake-control-al-buraimi,snake-control,al-buraimi,2218,1429,0.356,0,20,13,1,,,,template_boilerplate|unexpanded_shortcodes|tel_in_content,Template/Boilerplate | Missing SEO Elements | Errors/Placeholders,Template/Boilerplate,"هيكل H2 مكرر على 1 مقالة، ونسبة الجمل المكررة 36%. شورت كود كيان غير مُفسَّر (أقسام ناقصة في HTML): [post_call], [post_features], [post_prices], [post_services], [post_steps]. ما زال هناك رابط اتصال هاتفي tel: داخل المحتوى."
1556,post,شركة مكاتب الشحن في البريمي,https://rukn-eltatawer.com/om/shipping-offices-al-buraimi/,shipping-offices-al-buraimi,shipping-offices,al-buraimi,2075,1291,0.378,0,20,13,1,,,,template_boilerplate|unexpanded_shortcodes|tel_in_content,Template/Boilerplate | Missing SEO Elements | Errors/Placeholders,Template/Boilerplate,"هيكل H2 مكرر على 1 مقالة، ونسبة الجمل المكررة 38%. شورت كود كيان غير مُفسَّر (أقسام ناقصة في HTML): [post_call], [post_features], [post_prices], [post_services], [post_steps]. ما زال هناك رابط اتصال هاتفي tel: داخل المحتوى."
447,post,شركة تنظيف كراجات ومواقف سيارات في صحار,https://rukn-eltatawer.com/om/garage-cleaning-sohar/,garage-cleaning-sohar,garage-cleaning,sohar,2240,1267,0.434,0,20,13,1,,,,template_boilerplate|unexpanded_shortcodes|tel_in_content|missing_meta,Template/Boilerplate | Missing SEO Elements | Errors/Placeholders,Template/Boilerplate,"هيكل H2 مكرر على 1 مقالة، ونسبة الجمل المكررة 43%. شورت كود كيان غير مُفسَّر (أقسام ناقصة في HTML): [post_call], [post_features], [post_prices], [post_services], [post_steps]. ما زال هناك رابط اتصال هاتفي tel: داخل المحتوى. صورة بارزة مفقودة أو مكررة (id=246)."
1012,post,شركة تركيب مظلات وسواتر في البريمي,https://rukn-eltatawer.com/om/shades-sails-al-buraimi/,shades-sails-al-buraimi,shades-sails,al-buraimi,2158,1206,0.441,0,20,13,1,,,,template_boilerplate|unexpanded_shortcodes|tel_in_content,Template/Boilerplate | Missing SEO Elements | Errors/Placeholders,Template/Boilerplate,"هيكل H2 مكرر على 1 مقالة، ونسبة الجمل المكررة 44%. شورت كود كيان غير مُفسَّر (أقسام ناقصة في HTML): [post_call], [post_features], [post_prices], [post_services], [post_steps]. ما زال هناك رابط اتصال هاتفي tel: داخل المحتوى."
1612,post,شركة شحن دولي بحري في البريمي,https://rukn-eltatawer.com/om/sea-freight-al-buraimi/,sea-freight-al-buraimi,sea-freight,al-buraimi,2176,1420,0.347,0,20,13,1,https://rukn-eltatawer.com/om/stone-pathway-al-buraimi/,cross-service-duplicate,8,duplicate_similar|unexpanded_shortcodes|tel_in_content,Duplicate/Similar | Missing SEO Elements | Errors/Placeholders,Duplicate/Similar,"تشابه مرتفع (hamming=8, cross-service-duplicate) مع https://rukn-eltatawer.com/om/stone-pathway-al-buraimi/. شورت كود كيان غير مُفسَّر (أقسام ناقصة في HTML): [post_call], [post_features], [post_prices], [post_services], [post_steps]. ما زال هناك رابط اتصال هاتفي tel: داخل المحتوى."
1380,post,شركة مكافحة العقارب في البريمي,https://rukn-eltatawer.com/om/scorpion-control-al-buraimi/,scorpion-control-al-buraimi,scorpion-control,al-buraimi,2203,1447,0.343,0,20,13,1,https://rukn-eltatawer.com/om/scorpion-control-sur/,city-variant-template,8,duplicate_similar|unexpanded_shortcodes|tel_in_content,Duplicate/Similar | Missing SEO Elements | Errors/Placeholders,Duplicate/Similar,"تشابه مرتفع (hamming=8, city-variant-template) مع https://rukn-eltatawer.com/om/scorpion-control-sur/. شورت كود كيان غير مُفسَّر (أقسام ناقصة في HTML): [post_call], [post_features], [post_prices], [post_services], [post_steps]. ما زال هناك رابط اتصال هاتفي tel: داخل المحتوى."
118,post,شركة تنظيف مدارس وحضانات في البريمي,https://rukn-eltatawer.com/om/school-nursery-cleaning-al-buraimi/,school-nursery-cleaning-al-buraimi,school-nursery-cleaning,al-buraimi,2203,1288,0.415,0,20,13,1,,,,template_boilerplate|unexpanded_shortcodes|tel_in_content,Template/Boilerplate | Missing SEO Elements | Errors/Placeholders,Template/Boilerplate,"هيكل H2 مكرر على 1 مقالة، ونسبة الجمل المكررة 42%. شورت كود كيان غير مُفسَّر (أقسام ناقصة في HTML): [post_call], [post_features], [post_prices], [post_services], [post_steps]. ما زال هناك رابط اتصال هاتفي tel: داخل المحتوى."
1524,post,فني تركيب أقمار صناعية في البريمي,https://rukn-eltatawer.com/om/satellite-tech-al-buraimi/,satellite-tech-al-buraimi,satellite-tech,al-buraimi,2226,1419,0.363,0,20,13,1,https://rukn-eltatawer.com/om/satellite-tech-rustaq/,city-variant-template,7,template_boilerplate|duplicate_similar|unexpanded_shortcodes|tel_in_content,Template/Boilerplate | Duplicate/Similar | Missing SEO Elements | Errors/Placeholders,Template/Boilerplate,"هيكل H2 مكرر على 1 مقالة، ونسبة الجمل المكررة 36%. تشابه مرتفع (hamming=7, city-variant-template) مع https://rukn-eltatawer.com/om/satellite-tech-rustaq/. شورت كود كيان غير مُفسَّر (أقسام ناقصة في HTML): [post_call], [post_features], [post_prices], [post_services], [post_steps]. ما زال هناك رابط اتصال هاتفي tel: داخل المحتوى."
446,post,شركة تنظيف كراجات ومواقف سيارات في صلالة,https://rukn-eltatawer.com/om/garage-cleaning-salalah/,garage-cleaning-salalah,garage-cleaning,salalah,2297,1319,0.426,0,20,13,1,,,,template_boilerplate|unexpanded_shortcodes|tel_in_content|missing_meta,Template/Boilerplate | Missing SEO Elements | Errors/Placeholders,Template/Boilerplate,"هيكل H2 مكرر على 1 مقالة، ونسبة الجمل المكررة 43%. شورت كود كيان غير مُفسَّر (أقسام ناقصة في HTML): [post_call], [post_features], [post_prices], [post_services], [post_steps]. ما زال هناك رابط اتصال هاتفي tel: داخل المحتوى. صورة بارزة مفقودة أو مكررة (id=246)."
1516,post,فني تركيب دش في البريمي,https://rukn-eltatawer.com/om/sat-dish-tech-al-buraimi/,sat-dish-tech-al-buraimi,sat-dish-tech,al-buraimi,2145,1280,0.403,0,20,13,1,https://rukn-eltatawer.com/om/satellite-tech-sohar/,cross-service-duplicate,7,template_boilerplate|duplicate_similar|unexpanded_shortcodes|tel_in_content,Template/Boilerplate | Duplicate/Similar | Missing SEO Elements | Errors/Placeholders,Template/Boilerplate,"هيكل H2 مكرر على 1 مقالة، ونسبة الجمل المكررة 40%. تشابه مرتفع (hamming=7, cross-service-duplicate) مع https://rukn-eltatawer.com/om/satellite-tech-sohar/. شورت كود كيان غير مُفسَّر (أقسام ناقصة في HTML): [post_call], [post_features], [post_prices], [post_services], [post_steps]. ما زال هناك رابط اتصال هاتفي tel: داخل المحتوى."
1676,post,شركة عزل ودهان أسطح في البريمي,https://rukn-eltatawer.com/om/roof-insulation-painting-al-buraimi/,roof-insulation-painting-al-buraimi,roof-insulation-painting,al-buraimi,2250,1383,0.385,0,20,13,1,https://rukn-eltatawer.com/om/roof-insulation-painting-rustaq/,city-variant-template,6,template_boilerplate|duplicate_similar|unexpanded_shortcodes|tel_in_content,Template/Boilerplate | Duplicate/Similar | Missing SEO Elements | Errors/Placeholders,Template/Boilerplate,"هيكل H2 مكرر على 1 مقالة، ونسبة الجمل المكررة 38%. تشابه مرتفع (hamming=6, city-variant-template) مع https://rukn-eltatawer.com/om/roof-insulation-painting-rustaq/. شورت كود كيان غير مُفسَّر (أقسام ناقصة في HTML): [post_call], [post_features], [post_prices], [post_services], [post_steps]. ما زال هناك رابط اتصال هاتفي tel: داخل المحتوى."
1124,post,شركة تصميم حدائق أسطح في البريمي,https://rukn-eltatawer.com/om/roof-garden-design-al-buraimi/,roof-garden-design-al-buraimi,roof-garden-design,al-buraimi,2164,1222,0.435,0,20,13,1,,,,template_boilerplate|unexpanded_shortcodes|tel_in_content,Template/Boilerplate | Missing SEO Elements | Errors/Placeholders,Template/Boilerplate,"هيكل H2 مكرر على 1 مقالة، ونسبة الجمل المكررة 44%. شورت كود كيان غير مُفسَّر (أقسام ناقصة في HTML): [post_call], [post_features], [post_prices], [post_services], [post_steps]. ما زال هناك رابط اتصال هاتفي tel: داخل المحتوى."
1668,post,شركة دهان بويات عالية الجودة في البريمي,https://rukn-eltatawer.com/om/premium-paint-finishing-al-buraimi/,premium-paint-finishing-al-buraimi,premium-paint-finishing,al-buraimi,2256,1282,0.432,0,20,13,1,,,,template_boilerplate|unexpanded_shortcodes|tel_in_content,Template/Boilerplate | Missing SEO Elements | Errors/Placeholders,Template/Boilerplate,"هيكل H2 مكرر على 1 مقالة، ونسبة الجمل المكررة 43%. شورت كود كيان غير مُفسَّر (أقسام ناقصة في HTML): [post_call], [post_features], [post_prices], [post_services], [post_steps]. ما زال هناك رابط اتصال هاتفي tel: داخل المحتوى."
1732,post,شركة صيانة ودهان بعد التسريبات في البريمي,https://rukn-eltatawer.com/om/post-leak-repaint-maintenance-al-buraimi/,post-leak-repaint-maintenance-al-buraimi,post-leak-repaint-maintenance,al-buraimi,2249,1148,0.49,0,20,13,1,,,,template_boilerplate|unexpanded_shortcodes|tel_in_content,Template/Boilerplate | Missing SEO Elements | Errors/Placeholders,Template/Boilerplate,"هيكل H2 مكرر على 1 مقالة، ونسبة الجمل المكررة 49%. شورت كود كيان غير مُفسَّر (أقسام ناقصة في HTML): [post_call], [post_features], [post_prices], [post_services], [post_steps]. ما زال هناك رابط اتصال هاتفي tel: داخل المحتوى."
445,post,شركة تنظيف كراجات ومواقف سيارات في مسقط,https://rukn-eltatawer.com/om/garage-cleaning-muscat/,garage-cleaning-muscat,garage-cleaning,muscat,2365,1291,0.454,0,20,13,1,,,,template_boilerplate|unexpanded_shortcodes|tel_in_content|missing_meta,Template/Boilerplate | Missing SEO Elements | Errors/Placeholders,Template/Boilerplate,"هيكل H2 مكرر على 1 مقالة، ونسبة الجمل المكررة 45%. شورت كود كيان غير مُفسَّر (أقسام ناقصة في HTML): [post_call], [post_features], [post_prices], [post_services], [post_steps]. ما زال هناك رابط اتصال هاتفي tel: داخل المحتوى. صورة بارزة مفقودة أو مكررة (id=246)."
532,post,شركة صيانة مسابح في البريمي,https://rukn-eltatawer.com/om/pool-maintenance-al-buraimi/,pool-maintenance-al-buraimi,pool-maintenance,al-buraimi,2130,1347,0.368,0,20,13,1,,,,template_boilerplate|unexpanded_shortcodes|tel_in_content,Template/Boilerplate | Missing SEO Elements | Errors/Placeholders,Template/Boilerplate,"هيكل H2 مكرر على 1 مقالة، ونسبة الجمل المكررة 37%. شورت كود كيان غير مُفسَّر (أقسام ناقصة في HTML): [post_call], [post_features], [post_prices], [post_services], [post_steps]. ما زال هناك رابط اتصال هاتفي tel: داخل المحتوى."
145,post,شركة تنظيف مسابح في البريمي,https://rukn-eltatawer.com/om/pool-cleaning-al-buraimi/,pool-cleaning-al-buraimi,pool-cleaning,al-buraimi,2173,1215,0.441,0,20,13,1,,,,template_boilerplate|unexpanded_shortcodes|tel_in_content,Template/Boilerplate | Missing SEO Elements | Errors/Placeholders,Template/Boilerplate,"هيكل H2 مكرر على 1 مقالة، ونسبة الجمل المكررة 44%. شورت كود كيان غير مُفسَّر (أقسام ناقصة في HTML): [post_call], [post_features], [post_prices], [post_services], [post_steps]. ما زال هناك رابط اتصال هاتفي tel: داخل المحتوى."
876,post,شركة تركيب بلاستر في البريمي,https://rukn-eltatawer.com/om/plastering-al-buraimi/,plastering-al-buraimi,plastering,al-buraimi,2161,1211,0.44,0,20,13,1,,,,template_boilerplate|unexpanded_shortcodes|tel_in_content,Template/Boilerplate | Missing SEO Elements | Errors/Placeholders,Template/Boilerplate,"هيكل H2 مكرر على 1 مقالة، ونسبة الجمل المكررة 44%. شورت كود كيان غير مُفسَّر (أقسام ناقصة في HTML): [post_call], [post_features], [post_prices], [post_services], [post_steps]. ما زال هناك رابط اتصال هاتفي tel: داخل المحتوى."
1428,post,شركة تركيب مسامير طاردة للحمام في البريمي,https://rukn-eltatawer.com/om/pigeon-spikes-installation-al-buraimi/,pigeon-spikes-installation-al-buraimi,pigeon-spikes-installation,al-buraimi,2271,1463,0.356,0,20,13,1,,,,template_boilerplate|unexpanded_shortcodes|tel_in_content,Template/Boilerplate | Missing SEO Elements | Errors/Placeholders,Template/Boilerplate,"هيكل H2 مكرر على 1 مقالة، ونسبة الجمل المكررة 36%. شورت كود كيان غير مُفسَّر (أقسام ناقصة في HTML): [post_call], [post_features], [post_prices], [post_services], [post_steps]. ما زال هناك رابط اتصال هاتفي tel: داخل المحتوى."
1420,post,شركة تركيب شبك طارد للحمام في البريمي,https://rukn-eltatawer.com/om/pigeon-net-installation-al-buraimi/,pigeon-net-installation-al-buraimi,pigeon-net-installation,al-buraimi,2252,1480,0.343,0,20,13,1,,,,unexpanded_shortcodes|tel_in_content,Missing SEO Elements | Errors/Placeholders,Missing SEO Elements,"شورت كود كيان غير مُفسَّر (أقسام ناقصة في HTML): [post_call], [post_features], [post_prices], [post_services], [post_steps]. ما زال هناك رابط اتصال هاتفي tel: داخل المحتوى."
444,post,شركة تنظيف واجهات حجرية في البريمي,https://rukn-eltatawer.com/om/stone-facade-cleaning-al-buraimi/,stone-facade-cleaning-al-buraimi,stone-facade-cleaning,al-buraimi,2224,1173,0.473,0,20,13,1,,,,template_boilerplate|unexpanded_shortcodes|tel_in_content|missing_meta,Template/Boilerplate | Missing SEO Elements | Errors/Placeholders,Template/Boilerplate,"هيكل H2 مكرر على 1 مقالة، ونسبة الجمل المكررة 47%. شورت كود كيان غير مُفسَّر (أقسام ناقصة في HTML): [post_call], [post_features], [post_prices], [post_services], [post_steps]. ما زال هناك رابط اتصال هاتفي tel: داخل المحتوى. صورة بارزة مفقودة أو مكررة (id=246)."
1260,post,شركة نقل بيانو في البريمي,https://rukn-eltatawer.com/om/piano-moving-al-buraimi/,piano-moving-al-buraimi,piano-moving,al-buraimi,2094,1159,0.447,0,20,13,1,https://rukn-eltatawer.com/om/indoor-moving-al-buraimi/,cross-service-duplicate,8,template_boilerplate|duplicate_similar|unexpanded_shortcodes|tel_in_content,Template/Boilerplate | Duplicate/Similar | Missing SEO Elements | Errors/Placeholders,Template/Boilerplate,"هيكل H2 مكرر على 1 مقالة، ونسبة الجمل المكررة 45%. تشابه مرتفع (hamming=8, cross-service-duplicate) مع https://rukn-eltatawer.com/om/indoor-moving-al-buraimi/. شورت كود كيان غير مُفسَّر (أقسام ناقصة في HTML): [post_call], [post_features], [post_prices], [post_services], [post_steps]. ما زال هناك رابط اتصال هاتفي tel: داخل المحتوى."
1196,post,شركة تركيب برجولات في البريمي,https://rukn-eltatawer.com/om/pergola-installation-al-buraimi/,pergola-installation-al-buraimi,pergola-installation,al-buraimi,2153,1096,0.491,0,20,13,1,,,,template_boilerplate|unexpanded_shortcodes|tel_in_content,Template/Boilerplate | Missing SEO Elements | Errors/Placeholders,Template/Boilerplate,"هيكل H2 مكرر على 1 مقالة، ونسبة الجمل المكررة 49%. شورت كود كيان غير مُفسَّر (أقسام ناقصة في HTML): [post_call], [post_features], [post_prices], [post_services], [post_steps]. ما زال هناك رابط اتصال هاتفي tel: داخل المحتوى."
892,post,شركة تركيب باركيه وأرضيات خشب في البريمي,https://rukn-eltatawer.com/om/parquet-al-buraimi/,parquet-al-buraimi,parquet,al-buraimi,2125,1268,0.403,0,20,13,1,,,,template_boilerplate|unexpanded_shortcodes|tel_in_content,Template/Boilerplate | Missing SEO Elements | Errors/Placeholders,Template/Boilerplate,"هيكل H2 مكرر على 1 مقالة، ونسبة الجمل المكررة 40%. شورت كود كيان غير مُفسَّر (أقسام ناقصة في HTML): [post_call], [post_features], [post_prices], [post_services], [post_steps]. ما زال هناك رابط اتصال هاتفي tel: داخل المحتوى."
1140,post,شركة زرع نخيل وأشجار في البريمي,https://rukn-eltatawer.com/om/palm-tree-planting-al-buraimi/,palm-tree-planting-al-buraimi,palm-tree-planting,al-buraimi,2221,1313,0.409,0,20,13,1,,,,template_boilerplate|unexpanded_shortcodes|tel_in_content,Template/Boilerplate | Missing SEO Elements | Errors/Placeholders,Template/Boilerplate,"هيكل H2 مكرر على 1 مقالة، ونسبة الجمل المكررة 41%. شورت كود كيان غير مُفسَّر (أقسام ناقصة في HTML): [post_call], [post_features], [post_prices], [post_services], [post_steps]. ما زال هناك رابط اتصال هاتفي tel: داخل المحتوى."
91,post,شركة تنظيف قصور في البريمي,https://rukn-eltatawer.com/om/palace-cleaning-al-buraimi/,palace-cleaning-al-buraimi,palace-cleaning,al-buraimi,2215,1200,0.458,0,20,13,1,,,,template_boilerplate|unexpanded_shortcodes|tel_in_content,Template/Boilerplate | Missing SEO Elements | Errors/Placeholders,Template/Boilerplate,"هيكل H2 مكرر على 1 مقالة، ونسبة الجمل المكررة 46%. شورت كود كيان غير مُفسَّر (أقسام ناقصة في HTML): [post_call], [post_features], [post_prices], [post_services], [post_steps]. ما زال هناك رابط اتصال هاتفي tel: داخل المحتوى."
442,post,شركة تنظيف واجهات حجرية في عبري,https://rukn-eltatawer.com/om/stone-facade-cleaning-ibri/,stone-facade-cleaning-ibri,stone-facade-cleaning,ibri,2207,1272,0.424,0,20,13,1,,,,template_boilerplate|unexpanded_shortcodes|tel_in_content|missing_meta,Template/Boilerplate | Missing SEO Elements | Errors/Placeholders,Template/Boilerplate,"هيكل H2 مكرر على 1 مقالة، ونسبة الجمل المكررة 42%. شورت كود كيان غير مُفسَّر (أقسام ناقصة في HTML): [post_call], [post_features], [post_prices], [post_services], [post_steps]. ما زال هناك رابط اتصال هاتفي tel: داخل المحتوى. صورة بارزة مفقودة أو مكررة (id=246)."
1500,post,عامل دهانات في البريمي,https://rukn-eltatawer.com/om/painter-al-buraimi/,painter-al-buraimi,painter,al-buraimi,2129,1132,0.468,0,20,13,1,,,,template_boilerplate|unexpanded_shortcodes|tel_in_content,Template/Boilerplate | Missing SEO Elements | Errors/Placeholders,Template/Boilerplate,"هيكل H2 مكرر على 1 مقالة، ونسبة الجمل المكررة 47%. شورت كود كيان غير مُفسَّر (أقسام ناقصة في HTML): [post_call], [post_features], [post_prices], [post_services], [post_steps]. ما زال هناك رابط اتصال هاتفي tel: داخل المحتوى."
1700,post,شركة إزالة دهان قديم وتحضير أسطح في البريمي,https://rukn-eltatawer.com/om/paint-removal-surface-prep-al-buraimi/,paint-removal-surface-prep-al-buraimi,paint-removal-surface-prep,al-buraimi,2273,1293,0.431,0,20,13,1,,,,template_boilerplate|unexpanded_shortcodes|tel_in_content,Template/Boilerplate | Missing SEO Elements | Errors/Placeholders,Template/Boilerplate,"هيكل H2 مكرر على 1 مقالة، ونسبة الجمل المكررة 43%. شورت كود كيان غير مُفسَّر (أقسام ناقصة في HTML): [post_call], [post_features], [post_prices], [post_services], [post_steps]. ما زال هناك رابط اتصال هاتفي tel: داخل المحتوى."
1460,post,شركة التعقيم بالأوزون في البريمي,https://rukn-eltatawer.com/om/ozone-disinfection-al-buraimi/,ozone-disinfection-al-buraimi,ozone-disinfection,al-buraimi,2175,1225,0.437,0,20,13,1,,,,template_boilerplate|unexpanded_shortcodes|tel_in_content,Template/Boilerplate | Missing SEO Elements | Errors/Placeholders,Template/Boilerplate,"هيكل H2 مكرر على 1 مقالة، ونسبة الجمل المكررة 44%. شورت كود كيان غير مُفسَّر (أقسام ناقصة في HTML): [post_call], [post_features], [post_prices], [post_services], [post_steps]. ما زال هناك رابط اتصال هاتفي tel: داخل المحتوى."
564,post,شركة صيانة أفران في البريمي,https://rukn-eltatawer.com/om/oven-maintenance-al-buraimi/,oven-maintenance-al-buraimi,oven-maintenance,al-buraimi,2063,1302,0.369,0,20,13,1,https://rukn-eltatawer.com/om/oven-maintenance-sohar/,city-variant-template,8,template_boilerplate|duplicate_similar|unexpanded_shortcodes|tel_in_content,Template/Boilerplate | Duplicate/Similar | Missing SEO Elements | Errors/Placeholders,Template/Boilerplate,"هيكل H2 مكرر على 1 مقالة، ونسبة الجمل المكررة 37%. تشابه مرتفع (hamming=8, city-variant-template) مع https://rukn-eltatawer.com/om/oven-maintenance-sohar/. شورت كود كيان غير مُفسَّر (أقسام ناقصة في HTML): [post_call], [post_features], [post_prices], [post_services], [post_steps]. ما زال هناك رابط اتصال هاتفي tel: داخل المحتوى."
1244,post,شركة نقل أثاث خارجي في البريمي,https://rukn-eltatawer.com/om/outdoor-moving-al-buraimi/,outdoor-moving-al-buraimi,outdoor-moving,al-buraimi,2167,1225,0.435,0,20,13,1,,,,template_boilerplate|unexpanded_shortcodes|tel_in_content,Template/Boilerplate | Missing SEO Elements | Errors/Placeholders,Template/Boilerplate,"هيكل H2 مكرر على 1 مقالة، ونسبة الجمل المكررة 44%. شورت كود كيان غير مُفسَّر (أقسام ناقصة في HTML): [post_call], [post_features], [post_prices], [post_services], [post_steps]. ما زال هناك رابط اتصال هاتفي tel: داخل المحتوى."
443,post,شركة تنظيف واجهات حجرية في الرستاق,https://rukn-eltatawer.com/om/stone-facade-cleaning-rustaq/,stone-facade-cleaning-rustaq,stone-facade-cleaning,rustaq,2236,1283,0.426,0,20,13,1,,,,template_boilerplate|unexpanded_shortcodes|tel_in_content|missing_meta,Template/Boilerplate | Missing SEO Elements | Errors/Placeholders,Template/Boilerplate,"هيكل H2 مكرر على 1 مقالة، ونسبة الجمل المكررة 43%. شورت كود كيان غير مُفسَّر (أقسام ناقصة في HTML): [post_call], [post_features], [post_prices], [post_services], [post_steps]. ما زال هناك رابط اتصال هاتفي tel: داخل المحتوى. صورة بارزة مفقودة أو مكررة (id=246)."
1068,post,شركة بناء مجالس خارجية في البريمي,https://rukn-eltatawer.com/om/outdoor-majlis-al-buraimi/,outdoor-majlis-al-buraimi,outdoor-majlis,al-buraimi,2157,1182,0.452,0,20,13,1,https://rukn-eltatawer.com/om/stove-maintenance-al-buraimi/,cross-service-duplicate,8,template_boilerplate|duplicate_similar|unexpanded_shortcodes|tel_in_content,Template/Boilerplate | Duplicate/Similar | Missing SEO Elements | Errors/Placeholders,Template/Boilerplate,"هيكل H2 مكرر على 1 مقالة، ونسبة الجمل المكررة 45%. تشابه مرتفع (hamming=8, cross-service-duplicate) مع https://rukn-eltatawer.com/om/stove-maintenance-al-buraimi/. شورت كود كيان غير مُفسَّر (أقسام ناقصة في HTML): [post_call], [post_features], [post_prices], [post_services], [post_steps]. ما زال هناك رابط اتصال هاتفي tel: داخل المحتوى."
1060,post,شركة بناء مطابخ خارجية في البريمي,https://rukn-eltatawer.com/om/outdoor-kitchens-al-buraimi/,outdoor-kitchens-al-buraimi,outdoor-kitchens,al-buraimi,2188,1259,0.425,0,20,13,1,,,,template_boilerplate|unexpanded_shortcodes|tel_in_content,Template/Boilerplate | Missing SEO Elements | Errors/Placeholders,Template/Boilerplate,"هيكل H2 مكرر على 1 مقالة، ونسبة الجمل المكررة 42%. شورت كود كيان غير مُفسَّر (أقسام ناقصة في HTML): [post_call], [post_features], [post_prices], [post_services], [post_steps]. ما زال هناك رابط اتصال هاتفي tel: داخل المحتوى."
1052,post,شركة بناء حمامات خارجية في البريمي,https://rukn-eltatawer.com/om/outdoor-bathrooms-al-buraimi/,outdoor-bathrooms-al-buraimi,outdoor-bathrooms,al-buraimi,2168,1196,0.448,0,20,13,1,https://rukn-eltatawer.com/om/washer-maintenance-al-buraimi/,cross-service-duplicate,7,template_boilerplate|duplicate_similar|unexpanded_shortcodes|tel_in_content,Template/Boilerplate | Duplicate/Similar | Missing SEO Elements | Errors/Placeholders,Template/Boilerplate,"هيكل H2 مكرر على 1 مقالة، ونسبة الجمل المكررة 45%. تشابه مرتفع (hamming=7, cross-service-duplicate) مع https://rukn-eltatawer.com/om/washer-maintenance-al-buraimi/. شورت كود كيان غير مُفسَّر (أقسام ناقصة في HTML): [post_call], [post_features], [post_prices], [post_services], [post_steps]. ما زال هناك رابط اتصال هاتفي tel: داخل المحتوى."
1692,post,شركة دهان مكاتب وشركات في البريمي,https://rukn-eltatawer.com/om/office-painting-al-buraimi/,office-painting-al-buraimi,office-painting,al-buraimi,2170,1164,0.464,0,20,13,1,,,,template_boilerplate|unexpanded_shortcodes|tel_in_content,Template/Boilerplate | Missing SEO Elements | Errors/Placeholders,Template/Boilerplate,"هيكل H2 مكرر على 1 مقالة، ونسبة الجمل المكررة 46%. شورت كود كيان غير مُفسَّر (أقسام ناقصة في HTML): [post_call], [post_features], [post_prices], [post_services], [post_steps]. ما زال هناك رابط اتصال هاتفي tel: داخل المحتوى."
1684,post,شركة تشطيب ودهان فلل جديدة في البريمي,https://rukn-eltatawer.com/om/new-villa-finishing-painting-al-buraimi/,new-villa-finishing-painting-al-buraimi,new-villa-finishing-painting,al-buraimi,2221,1324,0.404,0,20,13,1,,,,template_boilerplate|unexpanded_shortcodes|tel_in_content,Template/Boilerplate | Missing SEO Elements | Errors/Placeholders,Template/Boilerplate,"هيكل H2 مكرر على 1 مقالة، ونسبة الجمل المكررة 40%. شورت كود كيان غير مُفسَّر (أقسام ناقصة في HTML): [post_call], [post_features], [post_prices], [post_services], [post_steps]. ما زال هناك رابط اتصال هاتفي tel: داخل المحتوى."
441,post,شركة تنظيف واجهات حجرية في صور,https://rukn-eltatawer.com/om/stone-facade-cleaning-sur/,stone-facade-cleaning-sur,stone-facade-cleaning,sur,2248,1245,0.446,0,20,13,1,,,,template_boilerplate|unexpanded_shortcodes|tel_in_content|missing_meta,Template/Boilerplate | Missing SEO Elements | Errors/Placeholders,Template/Boilerplate,"هيكل H2 مكرر على 1 مقالة، ونسبة الجمل المكررة 45%. شورت كود كيان غير مُفسَّر (أقسام ناقصة في HTML): [post_call], [post_features], [post_prices], [post_services], [post_steps]. ما زال هناك رابط اتصال هاتفي tel: داخل المحتوى. صورة بارزة مفقودة أو مكررة (id=246)."
1828,post,شركة تأسيس كهرباء وسباكة لمبنى جديد في البريمي,https://rukn-eltatawer.com/om/new-building-electrical-plumbing-al-buraimi/,new-building-electrical-plumbing-al-buraimi,new-building-electrical-plumbing,al-buraimi,2273,1539,0.323,0,20,13,1,,,,unexpanded_shortcodes|tel_in_content,Missing SEO Elements | Errors/Placeholders,Missing SEO Elements,"شورت كود كيان غير مُفسَّر (أقسام ناقصة في HTML): [post_call], [post_features], [post_prices], [post_services], [post_steps]. ما زال هناك رابط اتصال هاتفي tel: داخل المحتوى."
1132,post,شركة قص عشب طبيعي في البريمي,https://rukn-eltatawer.com/om/natural-grass-cutting-al-buraimi/,natural-grass-cutting-al-buraimi,natural-grass-cutting,al-buraimi,2198,1242,0.435,0,20,13,1,,,,template_boilerplate|unexpanded_shortcodes|tel_in_content,Template/Boilerplate | Missing SEO Elements | Errors/Placeholders,Template/Boilerplate,"هيكل H2 مكرر على 1 مقالة، ونسبة الجمل المكررة 44%. شورت كود كيان غير مُفسَّر (أقسام ناقصة في HTML): [post_call], [post_features], [post_prices], [post_services], [post_steps]. ما زال هناك رابط اتصال هاتفي tel: داخل المحتوى."
199,post,شركة تنظيف موكيت في البريمي,https://rukn-eltatawer.com/om/moquette-cleaning-al-buraimi/,moquette-cleaning-al-buraimi,moquette-cleaning,al-buraimi,2202,1244,0.435,0,20,13,1,,,,template_boilerplate|unexpanded_shortcodes|tel_in_content,Template/Boilerplate | Missing SEO Elements | Errors/Placeholders,Template/Boilerplate,"هيكل H2 مكرر على 1 مقالة، ونسبة الجمل المكررة 44%. شورت كود كيان غير مُفسَّر (أقسام ناقصة في HTML): [post_call], [post_features], [post_prices], [post_services], [post_steps]. ما زال هناك رابط اتصال هاتفي tel: داخل المحتوى."
1156,post,شركة تركيب شبكات ري حديثة في البريمي,https://rukn-eltatawer.com/om/modern-irrigation-al-buraimi/,modern-irrigation-al-buraimi,modern-irrigation,al-buraimi,2183,1171,0.464,0,20,13,1,,,,template_boilerplate|unexpanded_shortcodes|tel_in_content|structural_error,Template/Boilerplate | Missing SEO Elements | Errors/Placeholders,Template/Boilerplate,"هيكل H2 مكرر على 1 مقالة، ونسبة الجمل المكررة 46%. شورت كود كيان غير مُفسَّر (أقسام ناقصة في HTML): [post_call], [post_features], [post_prices], [post_services], [post_steps]. ما زال هناك رابط اتصال هاتفي tel: داخل المحتوى. فقرتان متتاليتان متطابقتان."
612,post,شركة صيانة ميكروويف في البريمي,https://rukn-eltatawer.com/om/microwave-maintenance-al-buraimi/,microwave-maintenance-al-buraimi,microwave-maintenance,al-buraimi,2084,1155,0.446,0,20,13,1,,,,template_boilerplate|unexpanded_shortcodes|tel_in_content,Template/Boilerplate | Missing SEO Elements | Errors/Placeholders,Template/Boilerplate,"هيكل H2 مكرر على 1 مقالة، ونسبة الجمل المكررة 45%. شورت كود كيان غير مُفسَّر (أقسام ناقصة في HTML): [post_call], [post_features], [post_prices], [post_services], [post_steps]. ما زال هناك رابط اتصال هاتفي tel: داخل المحتوى."
226,post,شركة تنظيف مراتب في البريمي,https://rukn-eltatawer.com/om/mattress-cleaning-al-buraimi/,mattress-cleaning-al-buraimi,mattress-cleaning,al-buraimi,2214,1290,0.417,0,20,13,1,,,,template_boilerplate|unexpanded_shortcodes|tel_in_content,Template/Boilerplate | Missing SEO Elements | Errors/Placeholders,Template/Boilerplate,"هيكل H2 مكرر على 1 مقالة، ونسبة الجمل المكررة 42%. شورت كود كيان غير مُفسَّر (أقسام ناقصة في HTML): [post_call], [post_features], [post_prices], [post_services], [post_steps]. ما زال هناك رابط اتصال هاتفي tel: داخل المحتوى."
440,post,شركة تنظيف واجهات حجرية في نزوى,https://rukn-eltatawer.com/om/stone-facade-cleaning-nizwa/,stone-facade-cleaning-nizwa,stone-facade-cleaning,nizwa,2248,1255,0.442,0,20,13,1,,,,template_boilerplate|unexpanded_shortcodes|tel_in_content|missing_meta,Template/Boilerplate | Missing SEO Elements | Errors/Placeholders,Template/Boilerplate,"هيكل H2 مكرر على 1 مقالة، ونسبة الجمل المكررة 44%. شورت كود كيان غير مُفسَّر (أقسام ناقصة في HTML): [post_call], [post_features], [post_prices], [post_services], [post_steps]. ما زال هناك رابط اتصال هاتفي tel: داخل المحتوى. صورة بارزة مفقودة أو مكررة (id=246)."
235,post,شركة تنظيف أرضيات رخام وجلي رخام في البريمي,https://rukn-eltatawer.com/om/marble-polishing-al-buraimi/,marble-polishing-al-buraimi,marble-polishing,al-buraimi,2253,1280,0.432,0,20,13,1,,,,template_boilerplate|unexpanded_shortcodes|tel_in_content,Template/Boilerplate | Missing SEO Elements | Errors/Placeholders,Template/Boilerplate,"هيكل H2 مكرر على 1 مقالة، ونسبة الجمل المكررة 43%. شورت كود كيان غير مُفسَّر (أقسام ناقصة في HTML): [post_call], [post_features], [post_prices], [post_services], [post_steps]. ما زال هناك رابط اتصال هاتفي tel: داخل المحتوى."
916,post,شركة تركيب رخام وجرانيت في البريمي,https://rukn-eltatawer.com/om/marble-granite-al-buraimi/,marble-granite-al-buraimi,marble-granite,al-buraimi,2077,1308,0.37,0,20,13,1,,,,template_boilerplate|unexpanded_shortcodes|tel_in_content,Template/Boilerplate | Missing SEO Elements | Errors/Placeholders,Template/Boilerplate,"هيكل H2 مكرر على 1 مقالة، ونسبة الجمل المكررة 37%. شورت كود كيان غير مُفسَّر (أقسام ناقصة في HTML): [post_call], [post_features], [post_prices], [post_services], [post_steps]. ما زال هناك رابط اتصال هاتفي tel: داخل المحتوى."
136,post,شركة تنظيف محلات تجارية ومولات في البريمي,https://rukn-eltatawer.com/om/mall-cleaning-al-buraimi/,mall-cleaning-al-buraimi,mall-cleaning,al-buraimi,2237,1078,0.518,0,20,13,1,,,,template_boilerplate|unexpanded_shortcodes|tel_in_content,Template/Boilerplate | Missing SEO Elements | Errors/Placeholders,Template/Boilerplate,"هيكل H2 مكرر على 1 مقالة، ونسبة الجمل المكررة 52%. شورت كود كيان غير مُفسَّر (أقسام ناقصة في HTML): [post_call], [post_features], [post_prices], [post_services], [post_steps]. ما زال هناك رابط اتصال هاتفي tel: داخل المحتوى."
109,post,شركة تنظيف مجالس في البريمي,https://rukn-eltatawer.com/om/majlis-cleaning-al-buraimi/,majlis-cleaning-al-buraimi,majlis-cleaning,al-buraimi,2159,1183,0.452,0,20,13,1,,,,template_boilerplate|unexpanded_shortcodes|tel_in_content,Template/Boilerplate | Missing SEO Elements | Errors/Placeholders,Template/Boilerplate,"هيكل H2 مكرر على 1 مقالة، ونسبة الجمل المكررة 45%. شورت كود كيان غير مُفسَّر (أقسام ناقصة في HTML): [post_call], [post_features], [post_prices], [post_services], [post_steps]. ما زال هناك رابط اتصال هاتفي tel: داخل المحتوى."
1044,post,شركة بناء استراحات في البريمي,https://rukn-eltatawer.com/om/majlis-building-al-buraimi/,majlis-building-al-buraimi,majlis-building,al-buraimi,2118,1192,0.437,0,20,13,1,,,,template_boilerplate|unexpanded_shortcodes|tel_in_content|structural_error,Template/Boilerplate | Missing SEO Elements | Errors/Placeholders,Template/Boilerplate,"هيكل H2 مكرر على 1 مقالة، ونسبة الجمل المكررة 44%. شورت كود كيان غير مُفسَّر (أقسام ناقصة في HTML): [post_call], [post_features], [post_prices], [post_services], [post_steps]. ما زال هناك رابط اتصال هاتفي tel: داخل المحتوى. فقرتان متتاليتان متطابقتان."
439,post,شركة تنظيف واجهات حجرية في صحار,https://rukn-eltatawer.com/om/stone-facade-cleaning-sohar/,stone-facade-cleaning-sohar,stone-facade-cleaning,sohar,2217,1161,0.476,0,20,13,1,,,,template_boilerplate|unexpanded_shortcodes|tel_in_content|missing_meta,Template/Boilerplate | Missing SEO Elements | Errors/Placeholders,Template/Boilerplate,"هيكل H2 مكرر على 1 مقالة، ونسبة الجمل المكررة 48%. شورت كود كيان غير مُفسَّر (أقسام ناقصة في HTML): [post_call], [post_features], [post_prices], [post_services], [post_steps]. ما زال هناك رابط اتصال هاتفي tel: داخل المحتوى. صورة بارزة مفقودة أو مكررة (id=246)."
1396,post,شركة مكافحة الوزغ (البرص) في البريمي,https://rukn-eltatawer.com/om/lizard-control-al-buraimi/,lizard-control-al-buraimi,lizard-control,al-buraimi,2217,1469,0.337,0,20,13,1,,,,unexpanded_shortcodes|tel_in_content,Missing SEO Elements | Errors/Placeholders,Missing SEO Elements,"شورت كود كيان غير مُفسَّر (أقسام ناقصة في HTML): [post_call], [post_features], [post_prices], [post_services], [post_steps]. ما زال هناك رابط اتصال هاتفي tel: داخل المحتوى."
1108,post,شركة تنسيق حدائق في البريمي,https://rukn-eltatawer.com/om/landscaping-al-buraimi/,landscaping-al-buraimi,landscaping,al-buraimi,2138,1139,0.467,0,20,13,1,,,,template_boilerplate|unexpanded_shortcodes|tel_in_content,Template/Boilerplate | Missing SEO Elements | Errors/Placeholders,Template/Boilerplate,"هيكل H2 مكرر على 1 مقالة، ونسبة الجمل المكررة 47%. شورت كود كيان غير مُفسَّر (أقسام ناقصة في HTML): [post_call], [post_features], [post_prices], [post_services], [post_steps]. ما زال هناك رابط اتصال هاتفي tel: داخل المحتوى."
1604,post,شركة شحن دولي بري في البريمي,https://rukn-eltatawer.com/om/land-freight-al-buraimi/,land-freight-al-buraimi,land-freight,al-buraimi,2161,1406,0.349,0,20,13,1,,,,unexpanded_shortcodes|tel_in_content,Missing SEO Elements | Errors/Placeholders,Missing SEO Elements,"شورت كود كيان غير مُفسَّر (أقسام ناقصة في HTML): [post_call], [post_features], [post_prices], [post_services], [post_steps]. ما زال هناك رابط اتصال هاتفي tel: داخل المحتوى."
988,post,شركة تركيب مطابخ في البريمي,https://rukn-eltatawer.com/om/kitchen-installation-al-buraimi/,kitchen-installation-al-buraimi,kitchen-installation,al-buraimi,2065,1305,0.368,0,20,13,1,,,,template_boilerplate|unexpanded_shortcodes|tel_in_content,Template/Boilerplate | Missing SEO Elements | Errors/Placeholders,Template/Boilerplate,"هيكل H2 مكرر على 1 مقالة، ونسبة الجمل المكررة 37%. شورت كود كيان غير مُفسَّر (أقسام ناقصة في HTML): [post_call], [post_features], [post_prices], [post_services], [post_steps]. ما زال هناك رابط اتصال هاتفي tel: داخل المحتوى."
644,post,شركة تركيب وصيانة شفاطات مطابخ في البريمي,https://rukn-eltatawer.com/om/kitchen-hoods-al-buraimi/,kitchen-hoods-al-buraimi,kitchen-hoods,al-buraimi,2112,1337,0.367,0,20,13,1,,,,template_boilerplate|unexpanded_shortcodes|tel_in_content,Template/Boilerplate | Missing SEO Elements | Errors/Placeholders,Template/Boilerplate,"هيكل H2 مكرر على 1 مقالة، ونسبة الجمل المكررة 37%. شورت كود كيان غير مُفسَّر (أقسام ناقصة في HTML): [post_call], [post_features], [post_prices], [post_services], [post_steps]. ما زال هناك رابط اتصال هاتفي tel: داخل المحتوى."
438,post,شركة تنظيف واجهات حجرية في صلالة,https://rukn-eltatawer.com/om/stone-facade-cleaning-salalah/,stone-facade-cleaning-salalah,stone-facade-cleaning,salalah,2262,1313,0.42,0,20,13,1,,,,template_boilerplate|unexpanded_shortcodes|tel_in_content|missing_meta,Template/Boilerplate | Missing SEO Elements | Errors/Placeholders,Template/Boilerplate,"هيكل H2 مكرر على 1 مقالة، ونسبة الجمل المكررة 42%. شورت كود كيان غير مُفسَّر (أقسام ناقصة في HTML): [post_call], [post_features], [post_prices], [post_services], [post_steps]. ما زال هناك رابط اتصال هاتفي tel: داخل المحتوى. صورة بارزة مفقودة أو مكررة (id=246)."
860,post,شركة تركيب كربستون في البريمي,https://rukn-eltatawer.com/om/kerbstone-al-buraimi/,kerbstone-al-buraimi,kerbstone,al-buraimi,2155,1204,0.441,0,20,13,1,,,,template_boilerplate|unexpanded_shortcodes|tel_in_content,Template/Boilerplate | Missing SEO Elements | Errors/Placeholders,Template/Boilerplate,"هيكل H2 مكرر على 1 مقالة، ونسبة الجمل المكررة 44%. شورت كود كيان غير مُفسَّر (أقسام ناقصة في HTML): [post_call], [post_features], [post_prices], [post_services], [post_steps]. ما زال هناك رابط اتصال هاتفي tel: داخل المحتوى."
852,post,شركة تركيب انترلوك في البريمي,https://rukn-eltatawer.com/om/interlock-al-buraimi/,interlock-al-buraimi,interlock,al-buraimi,2134,1185,0.445,0,20,13,1,,,,template_boilerplate|unexpanded_shortcodes|tel_in_content,Template/Boilerplate | Missing SEO Elements | Errors/Placeholders,Template/Boilerplate,"هيكل H2 مكرر على 1 مقالة، ونسبة الجمل المكررة 44%. شورت كود كيان غير مُفسَّر (أقسام ناقصة في HTML): [post_call], [post_features], [post_prices], [post_services], [post_steps]. ما زال هناك رابط اتصال هاتفي tel: داخل المحتوى."
1772,post,شركة تركيب إنارة داخلية وخارجية في البريمي,https://rukn-eltatawer.com/om/indoor-outdoor-lighting-installation-al-buraimi/,indoor-outdoor-lighting-installation-al-buraimi,indoor-outdoor-lighting-installation,al-buraimi,2236,1411,0.369,0,20,13,1,https://rukn-eltatawer.com/om/indoor-outdoor-lighting-installation-salalah/,city-variant-template,7,template_boilerplate|duplicate_similar|unexpanded_shortcodes|tel_in_content,Template/Boilerplate | Duplicate/Similar | Missing SEO Elements | Errors/Placeholders,Template/Boilerplate,"هيكل H2 مكرر على 1 مقالة، ونسبة الجمل المكررة 37%. تشابه مرتفع (hamming=7, city-variant-template) مع https://rukn-eltatawer.com/om/indoor-outdoor-lighting-installation-salalah/. شورت كود كيان غير مُفسَّر (أقسام ناقصة في HTML): [post_call], [post_features], [post_prices], [post_services], [post_steps]. ما زال هناك رابط اتصال هاتفي tel: داخل المحتوى."
1236,post,شركة نقل أثاث داخلي في البريمي,https://rukn-eltatawer.com/om/indoor-moving-al-buraimi/,indoor-moving-al-buraimi,indoor-moving,al-buraimi,2117,1190,0.438,0,20,13,1,https://rukn-eltatawer.com/om/piano-moving-al-buraimi/,cross-service-duplicate,8,template_boilerplate|duplicate_similar|unexpanded_shortcodes|tel_in_content,Template/Boilerplate | Duplicate/Similar | Missing SEO Elements | Errors/Placeholders,Template/Boilerplate,"هيكل H2 مكرر على 1 مقالة، ونسبة الجمل المكررة 44%. تشابه مرتفع (hamming=8, cross-service-duplicate) مع https://rukn-eltatawer.com/om/piano-moving-al-buraimi/. شورت كود كيان غير مُفسَّر (أقسام ناقصة في HTML): [post_call], [post_features], [post_prices], [post_services], [post_steps]. ما زال هناك رابط اتصال هاتفي tel: داخل المحتوى."
1116,post,شركة تصميم حدائق داخلية في البريمي,https://rukn-eltatawer.com/om/indoor-garden-design-al-buraimi/,indoor-garden-design-al-buraimi,indoor-garden-design,al-buraimi,2145,1049,0.511,0,20,13,1,,,,template_boilerplate|unexpanded_shortcodes|tel_in_content,Template/Boilerplate | Missing SEO Elements | Errors/Placeholders,Template/Boilerplate,"هيكل H2 مكرر على 1 مقالة، ونسبة الجمل المكررة 51%. شورت كود كيان غير مُفسَّر (أقسام ناقصة في HTML): [post_call], [post_features], [post_prices], [post_services], [post_steps]. ما زال هناك رابط اتصال هاتفي tel: داخل المحتوى."
437,post,شركة تنظيف واجهات حجرية في مسقط,https://rukn-eltatawer.com/om/stone-facade-cleaning-muscat/,stone-facade-cleaning-muscat,stone-facade-cleaning,muscat,2380,1348,0.434,0,20,13,1,,,,template_boilerplate|unexpanded_shortcodes|tel_in_content|missing_meta,Template/Boilerplate | Missing SEO Elements | Errors/Placeholders,Template/Boilerplate,"هيكل H2 مكرر على 1 مقالة، ونسبة الجمل المكررة 43%. شورت كود كيان غير مُفسَّر (أقسام ناقصة في HTML): [post_call], [post_features], [post_prices], [post_services], [post_steps]. ما زال هناك رابط اتصال هاتفي tel: داخل المحتوى. صورة بارزة مفقودة أو مكررة (id=246)."
127,post,شركة تنظيف مستشفيات وعيادات في البريمي,https://rukn-eltatawer.com/om/hospital-clinic-cleaning-al-buraimi/,hospital-clinic-cleaning-al-buraimi,hospital-clinic-cleaning,al-buraimi,2218,1222,0.449,0,20,13,1,,,,template_boilerplate|unexpanded_shortcodes|tel_in_content,Template/Boilerplate | Missing SEO Elements | Errors/Placeholders,Template/Boilerplate,"هيكل H2 مكرر على 1 مقالة، ونسبة الجمل المكررة 45%. شورت كود كيان غير مُفسَّر (أقسام ناقصة في HTML): [post_call], [post_features], [post_prices], [post_services], [post_steps]. ما زال هناك رابط اتصال هاتفي tel: داخل المحتوى."
1548,post,فني أنظمة صوت منزلية في البريمي,https://rukn-eltatawer.com/om/home-audio-tech-al-buraimi/,home-audio-tech-al-buraimi,home-audio-tech,al-buraimi,2174,1330,0.388,0,20,13,1,,,,template_boilerplate|unexpanded_shortcodes|tel_in_content,Template/Boilerplate | Missing SEO Elements | Errors/Placeholders,Template/Boilerplate,"هيكل H2 مكرر على 1 مقالة، ونسبة الجمل المكررة 39%. شورت كود كيان غير مُفسَّر (أقسام ناقصة في HTML): [post_call], [post_features], [post_prices], [post_services], [post_steps]. ما زال هناك رابط اتصال هاتفي tel: داخل المحتوى."
1508,post,فني جبس بورد في البريمي,https://rukn-eltatawer.com/om/gypsum-tech-al-buraimi/,gypsum-tech-al-buraimi,gypsum-tech,al-buraimi,2146,1106,0.485,0,20,13,1,,,,template_boilerplate|unexpanded_shortcodes|tel_in_content,Template/Boilerplate | Missing SEO Elements | Errors/Placeholders,Template/Boilerplate,"هيكل H2 مكرر على 1 مقالة، ونسبة الجمل المكررة 48%. شورت كود كيان غير مُفسَّر (أقسام ناقصة في HTML): [post_call], [post_features], [post_prices], [post_services], [post_steps]. ما زال هناك رابط اتصال هاتفي tel: داخل المحتوى."
1660,post,شركة ديكورات جبس بورد في البريمي,https://rukn-eltatawer.com/om/gypsum-board-decor-al-buraimi/,gypsum-board-decor-al-buraimi,gypsum-board-decor,al-buraimi,2197,1262,0.426,0,20,13,1,,,,template_boilerplate|unexpanded_shortcodes|tel_in_content,Template/Boilerplate | Missing SEO Elements | Errors/Placeholders,Template/Boilerplate,"هيكل H2 مكرر على 1 مقالة، ونسبة الجمل المكررة 43%. شورت كود كيان غير مُفسَّر (أقسام ناقصة في HTML): [post_call], [post_features], [post_prices], [post_services], [post_steps]. ما زال هناك رابط اتصال هاتفي tel: داخل المحتوى."
932,post,شركة تركيب جبس بورد في البريمي,https://rukn-eltatawer.com/om/gypsum-board-al-buraimi/,gypsum-board-al-buraimi,gypsum-board,al-buraimi,2164,1109,0.488,0,20,13,1,,,,template_boilerplate|unexpanded_shortcodes|tel_in_content,Template/Boilerplate | Missing SEO Elements | Errors/Placeholders,Template/Boilerplate,"هيكل H2 مكرر على 1 مقالة، ونسبة الجمل المكررة 49%. شورت كود كيان غير مُفسَّر (أقسام ناقصة في HTML): [post_call], [post_features], [post_prices], [post_services], [post_steps]. ما زال هناك رابط اتصال هاتفي tel: داخل المحتوى."
476,post,شركة تنظيف المداخن والشفاطات في البريمي,https://rukn-eltatawer.com/om/chimney-cleaning-al-buraimi/,chimney-cleaning-al-buraimi,chimney-cleaning,al-buraimi,2193,1238,0.435,0,20,13,1,,,,template_boilerplate|unexpanded_shortcodes|tel_in_content|missing_meta,Template/Boilerplate | Missing SEO Elements | Errors/Placeholders,Template/Boilerplate,"هيكل H2 مكرر على 1 مقالة، ونسبة الجمل المكررة 44%. شورت كود كيان غير مُفسَّر (أقسام ناقصة في HTML): [post_call], [post_features], [post_prices], [post_services], [post_steps]. ما زال هناك رابط اتصال هاتفي tel: داخل المحتوى. صورة بارزة مفقودة أو مكررة (id=246)."
972,post,شركة تركيب فواصل زجاجية وألومنيوم في البريمي,https://rukn-eltatawer.com/om/glass-aluminium-partitions-al-buraimi/,glass-aluminium-partitions-al-buraimi,glass-aluminium-partitions,al-buraimi,2088,1257,0.398,0,20,13,1,,,,template_boilerplate|unexpanded_shortcodes|tel_in_content,Template/Boilerplate | Missing SEO Elements | Errors/Placeholders,Template/Boilerplate,"هيكل H2 مكرر على 1 مقالة، ونسبة الجمل المكررة 40%. شورت كود كيان غير مُفسَّر (أقسام ناقصة في HTML): [post_call], [post_features], [post_prices], [post_services], [post_steps]. ما زال هناك رابط اتصال هاتفي tel: داخل المحتوى."
980,post,شركة تركيب زجاج وألوميتال في البريمي,https://rukn-eltatawer.com/om/glass-alumetal-al-buraimi/,glass-alumetal-al-buraimi,glass-alumetal,al-buraimi,2102,1134,0.461,0,20,13,1,,,,template_boilerplate|unexpanded_shortcodes|tel_in_content,Template/Boilerplate | Missing SEO Elements | Errors/Placeholders,Template/Boilerplate,"هيكل H2 مكرر على 1 مقالة، ونسبة الجمل المكررة 46%. شورت كود كيان غير مُفسَّر (أقسام ناقصة في HTML): [post_call], [post_features], [post_prices], [post_services], [post_steps]. ما زال هناك رابط اتصال هاتفي tel: داخل المحتوى."
1188,post,شركة إنشاء جلسات حدائق في البريمي,https://rukn-eltatawer.com/om/garden-seating-al-buraimi/,garden-seating-al-buraimi,garden-seating,al-buraimi,2164,1213,0.439,0,20,13,1,,,,template_boilerplate|unexpanded_shortcodes|tel_in_content,Template/Boilerplate | Missing SEO Elements | Errors/Placeholders,Template/Boilerplate,"هيكل H2 مكرر على 1 مقالة، ونسبة الجمل المكررة 44%. شورت كود كيان غير مُفسَّر (أقسام ناقصة في HTML): [post_call], [post_features], [post_prices], [post_services], [post_steps]. ما زال هناك رابط اتصال هاتفي tel: داخل المحتوى."
1148,post,شركة تنظيف وتزيين الحدائق في البريمي,https://rukn-eltatawer.com/om/garden-cleaning-al-buraimi/,garden-cleaning-al-buraimi,garden-cleaning,al-buraimi,2185,1060,0.515,0,20,13,1,https://rukn-eltatawer.com/om/bathroom-cleaning-ibri/,cross-service-duplicate,8,template_boilerplate|duplicate_similar|unexpanded_shortcodes|tel_in_content|missing_meta|structural_error,Template/Boilerplate | Duplicate/Similar | Missing SEO Elements | Errors/Placeholders,Template/Boilerplate,"هيكل H2 مكرر على 1 مقالة، ونسبة الجمل المكررة 52%. تشابه مرتفع (hamming=8, cross-service-duplicate) مع https://rukn-eltatawer.com/om/bathroom-cleaning-ibri/. شورت كود كيان غير مُفسَّر (أقسام ناقصة في HTML): [post_call], [post_features], [post_prices], [post_services], [post_steps]. ما زال هناك رابط اتصال هاتفي tel: داخل المحتوى. صورة بارزة مفقودة أو مكررة (id=246). فقرتان متتاليتان متطابقتان."
1284,post,شركة تخزين أثاث في البريمي,https://rukn-eltatawer.com/om/furniture-storage-al-buraimi/,furniture-storage-al-buraimi,furniture-storage,al-buraimi,2091,1266,0.395,0,20,13,1,,,,template_boilerplate|unexpanded_shortcodes|tel_in_content,Template/Boilerplate | Missing SEO Elements | Errors/Placeholders,Template/Boilerplate,"هيكل H2 مكرر على 1 مقالة، ونسبة الجمل المكررة 40%. شورت كود كيان غير مُفسَّر (أقسام ناقصة في HTML): [post_call], [post_features], [post_prices], [post_services], [post_steps]. ما زال هناك رابط اتصال هاتفي tel: داخل المحتوى."
474,post,شركة تنظيف المداخن والشفاطات في عبري,https://rukn-eltatawer.com/om/chimney-cleaning-ibri/,chimney-cleaning-ibri,chimney-cleaning,ibri,2170,1206,0.444,0,20,13,1,,,,template_boilerplate|unexpanded_shortcodes|tel_in_content|missing_meta,Template/Boilerplate | Missing SEO Elements | Errors/Placeholders,Template/Boilerplate,"هيكل H2 مكرر على 1 مقالة، ونسبة الجمل المكررة 44%. شورت كود كيان غير مُفسَّر (أقسام ناقصة في HTML): [post_call], [post_features], [post_prices], [post_services], [post_steps]. ما زال هناك رابط اتصال هاتفي tel: داخل المحتوى. صورة بارزة مفقودة أو مكررة (id=246)."
1572,post,شركة شحن أثاث في البريمي,https://rukn-eltatawer.com/om/furniture-shipping-al-buraimi/,furniture-shipping-al-buraimi,furniture-shipping,al-buraimi,2124,1325,0.376,0,20,13,1,,,,template_boilerplate|unexpanded_shortcodes|tel_in_content,Template/Boilerplate | Missing SEO Elements | Errors/Placeholders,Template/Boilerplate,"هيكل H2 مكرر على 1 مقالة، ونسبة الجمل المكررة 38%. شورت كود كيان غير مُفسَّر (أقسام ناقصة في HTML): [post_call], [post_features], [post_prices], [post_services], [post_steps]. ما زال هناك رابط اتصال هاتفي tel: داخل المحتوى."
180,post,شركة تنظيف خزانات ديزل في الرستاق,https://rukn-eltatawer.com/om/diesel-tank-cleaning-rustaq/,diesel-tank-cleaning-rustaq,diesel-tank-cleaning,rustaq,2263,1247,0.449,0,20,13,1,,,,template_boilerplate|unexpanded_shortcodes|tel_in_content,Template/Boilerplate | Missing SEO Elements | Errors/Placeholders,Template/Boilerplate,"هيكل H2 مكرر على 1 مقالة، ونسبة الجمل المكررة 45%. شورت كود كيان غير مُفسَّر (أقسام ناقصة في HTML): [post_call], [post_features], [post_prices], [post_services], [post_steps]. ما زال هناك رابط اتصال هاتفي tel: داخل المحتوى."
1715,post,شركة دهانات ديكورية وتأثيرات جدارية في الرستاق,https://rukn-eltatawer.com/om/decorative-wall-effects-rustaq/,decorative-wall-effects-rustaq,decorative-wall-effects,rustaq,2261,1239,0.452,0,20,13,1,,,,template_boilerplate|unexpanded_shortcodes|tel_in_content,Template/Boilerplate | Missing SEO Elements | Errors/Placeholders,Template/Boilerplate,"هيكل H2 مكرر على 1 مقالة، ونسبة الجمل المكررة 45%. شورت كود كيان غير مُفسَّر (أقسام ناقصة في HTML): [post_call], [post_features], [post_prices], [post_services], [post_steps]. ما زال هناك رابط اتصال هاتفي tel: داخل المحتوى."
1099,post,شركة تصميم وتنفيذ ديكورات في الرستاق,https://rukn-eltatawer.com/om/decor-design-rustaq/,decor-design-rustaq,decor-design,rustaq,2234,1216,0.456,0,20,13,1,,,,template_boilerplate|unexpanded_shortcodes|tel_in_content,Template/Boilerplate | Missing SEO Elements | Errors/Placeholders,Template/Boilerplate,"هيكل H2 مكرر على 1 مقالة، ونسبة الجمل المكررة 46%. شورت كود كيان غير مُفسَّر (أقسام ناقصة في HTML): [post_call], [post_features], [post_prices], [post_services], [post_steps]. ما زال هناك رابط اتصال هاتفي tel: داخل المحتوى."
169,post,شركة تنظيف خزانات مياه في صور,https://rukn-eltatawer.com/om/water-tank-cleaning-sur/,water-tank-cleaning-sur,water-tank-cleaning,sur,2265,1269,0.44,0,20,13,1,,,,template_boilerplate|unexpanded_shortcodes|tel_in_content|structural_error,Template/Boilerplate | Missing SEO Elements | Errors/Placeholders,Template/Boilerplate,"هيكل H2 مكرر على 1 مقالة، ونسبة الجمل المكررة 44%. شورت كود كيان غير مُفسَّر (أقسام ناقصة في HTML): [post_call], [post_features], [post_prices], [post_services], [post_steps]. ما زال هناك رابط اتصال هاتفي tel: داخل المحتوى. فقرتان متتاليتان متطابقتان."
216,post,شركة تنظيف ستائر في الرستاق,https://rukn-eltatawer.com/om/curtain-cleaning-rustaq/,curtain-cleaning-rustaq,curtain-cleaning,rustaq,2195,1177,0.464,0,20,13,1,,,,template_boilerplate|unexpanded_shortcodes|tel_in_content,Template/Boilerplate | Missing SEO Elements | Errors/Placeholders,Template/Boilerplate,"هيكل H2 مكرر على 1 مقالة، ونسبة الجمل المكررة 46%. شورت كود كيان غير مُفسَّر (أقسام ناقصة في HTML): [post_call], [post_features], [post_prices], [post_services], [post_steps]. ما زال هناك رابط اتصال هاتفي tel: داخل المحتوى."
1451,post,شركة التعقيم بالكلور في الرستاق,https://rukn-eltatawer.com/om/chlorine-disinfection-rustaq/,chlorine-disinfection-rustaq,chlorine-disinfection,rustaq,2182,1238,0.433,0,20,13,1,,,,template_boilerplate|unexpanded_shortcodes|tel_in_content,Template/Boilerplate | Missing SEO Elements | Errors/Placeholders,Template/Boilerplate,"هيكل H2 مكرر على 1 مقالة، ونسبة الجمل المكررة 43%. شورت كود كيان غير مُفسَّر (أقسام ناقصة في HTML): [post_call], [post_features], [post_prices], [post_services], [post_steps]. ما زال هناك رابط اتصال هاتفي tel: داخل المحتوى."
883,post,شركة تركيب سيراميك وبورسلين في الرستاق,https://rukn-eltatawer.com/om/ceramic-porcelain-rustaq/,ceramic-porcelain-rustaq,ceramic-porcelain,rustaq,2096,1324,0.368,0,20,13,1,,,,template_boilerplate|unexpanded_shortcodes|tel_in_content,Template/Boilerplate | Missing SEO Elements | Errors/Placeholders,Template/Boilerplate,"هيكل H2 مكرر على 1 مقالة، ونسبة الجمل المكررة 37%. شورت كود كيان غير مُفسَّر (أقسام ناقصة في HTML): [post_call], [post_features], [post_prices], [post_services], [post_steps]. ما زال هناك رابط اتصال هاتفي tel: داخل المحتوى."
1843,post,شركة تركيب وصيانة سخانات مركزية في الرستاق,https://rukn-eltatawer.com/om/central-heater-installation-maintenance-rustaq/,central-heater-installation-maintenance-rustaq,central-heater-installation-maintenance,rustaq,2114,1382,0.346,0,20,13,1,https://rukn-eltatawer.com/om/tank-lining-maintenance-nizwa/,cross-service-duplicate,8,duplicate_similar|unexpanded_shortcodes|tel_in_content|structural_error,Duplicate/Similar | Missing SEO Elements | Errors/Placeholders,Duplicate/Similar,"تشابه مرتفع (hamming=8, cross-service-duplicate) مع https://rukn-eltatawer.com/om/tank-lining-maintenance-nizwa/. شورت كود كيان غير مُفسَّر (أقسام ناقصة في HTML): [post_call], [post_features], [post_prices], [post_services], [post_steps]. ما زال هناك رابط اتصال هاتفي tel: داخل المحتوى. فقرتان متتاليتان متطابقتان."
1483,post,نجار أثاث في الرستاق,https://rukn-eltatawer.com/om/carpenter-rustaq/,carpenter-rustaq,carpenter,rustaq,2055,1291,0.372,0,20,13,1,,,,template_boilerplate|unexpanded_shortcodes|tel_in_content,Template/Boilerplate | Missing SEO Elements | Errors/Placeholders,Template/Boilerplate,"هيكل H2 مكرر على 1 مقالة، ونسبة الجمل المكررة 37%. شورت كود كيان غير مُفسَّر (أقسام ناقصة في HTML): [post_call], [post_features], [post_prices], [post_services], [post_steps]. ما زال هناك رابط اتصال هاتفي tel: داخل المحتوى."
168,post,شركة تنظيف خزانات مياه في نزوى,https://rukn-eltatawer.com/om/water-tank-cleaning-nizwa/,water-tank-cleaning-nizwa,water-tank-cleaning,nizwa,2258,1341,0.406,0,20,13,1,,,,template_boilerplate|unexpanded_shortcodes|tel_in_content,Template/Boilerplate | Missing SEO Elements | Errors/Placeholders,Template/Boilerplate,"هيكل H2 مكرر على 1 مقالة، ونسبة الجمل المكررة 41%. شورت كود كيان غير مُفسَّر (أقسام ناقصة في HTML): [post_call], [post_features], [post_prices], [post_services], [post_steps]. ما زال هناك رابط اتصال هاتفي tel: داخل المحتوى."
1563,post,شركة شحن بضائع في الرستاق,https://rukn-eltatawer.com/om/cargo-shipping-rustaq/,cargo-shipping-rustaq,cargo-shipping,rustaq,2111,1315,0.377,0,20,13,1,,,,template_boilerplate|unexpanded_shortcodes|tel_in_content,Template/Boilerplate | Missing SEO Elements | Errors/Placeholders,Template/Boilerplate,"هيكل H2 مكرر على 1 مقالة، ونسبة الجمل المكررة 38%. شورت كود كيان غير مُفسَّر (أقسام ناقصة في HTML): [post_call], [post_features], [post_prices], [post_services], [post_steps]. ما زال هناك رابط اتصال هاتفي tel: داخل المحتوى."
1579,post,شركة شحن سيارات في الرستاق,https://rukn-eltatawer.com/om/car-shipping-rustaq/,car-shipping-rustaq,car-shipping,rustaq,2127,1310,0.384,0,20,13,1,,,,template_boilerplate|unexpanded_shortcodes|tel_in_content,Template/Boilerplate | Missing SEO Elements | Errors/Placeholders,Template/Boilerplate,"هيكل H2 مكرر على 1 مقالة، ونسبة الجمل المكررة 38%. شورت كود كيان غير مُفسَّر (أقسام ناقصة في HTML): [post_call], [post_features], [post_prices], [post_services], [post_steps]. ما زال هناك رابط اتصال هاتفي tel: داخل المحتوى."
867,post,شركة تركيب طابوق في الرستاق,https://rukn-eltatawer.com/om/brickwork-rustaq/,brickwork-rustaq,brickwork,rustaq,1976,1213,0.386,0,20,13,1,,,,template_boilerplate|unexpanded_shortcodes|tel_in_content,Template/Boilerplate | Missing SEO Elements | Errors/Placeholders,Template/Boilerplate,"هيكل H2 مكرر على 1 مقالة، ونسبة الجمل المكررة 39%. شورت كود كيان غير مُفسَّر (أقسام ناقصة في HTML): [post_call], [post_features], [post_prices], [post_services], [post_steps]. ما زال هناك رابط اتصال هاتفي tel: داخل المحتوى."
1075,post,شركة بناء أسوار طابوق في الرستاق,https://rukn-eltatawer.com/om/block-fences-rustaq/,block-fences-rustaq,block-fences,rustaq,2002,1174,0.414,0,20,13,1,,,,template_boilerplate|unexpanded_shortcodes|tel_in_content,Template/Boilerplate | Missing SEO Elements | Errors/Placeholders,Template/Boilerplate,"هيكل H2 مكرر على 1 مقالة، ونسبة الجمل المكررة 41%. شورت كود كيان غير مُفسَّر (أقسام ناقصة في HTML): [post_call], [post_features], [post_prices], [post_services], [post_steps]. ما زال هناك رابط اتصال هاتفي tel: داخل المحتوى."
1491,post,حداد أبواب ونوافذ في الرستاق,https://rukn-eltatawer.com/om/blacksmith-doors-windows-rustaq/,blacksmith-doors-windows-rustaq,blacksmith-doors-windows,rustaq,2076,1264,0.391,0,20,13,1,https://rukn-eltatawer.com/om/blacksmith-doors-windows-ibri/,city-variant-template,5,template_boilerplate|duplicate_similar|unexpanded_shortcodes|tel_in_content,Template/Boilerplate | Duplicate/Similar | Missing SEO Elements | Errors/Placeholders,Template/Boilerplate,"هيكل H2 مكرر على 1 مقالة، ونسبة الجمل المكررة 39%. تشابه مرتفع (hamming=5, city-variant-template) مع https://rukn-eltatawer.com/om/blacksmith-doors-windows-ibri/. شورت كود كيان غير مُفسَّر (أقسام ناقصة في HTML): [post_call], [post_features], [post_prices], [post_services], [post_steps]. ما زال هناك رابط اتصال هاتفي tel: داخل المحتوى."
167,post,شركة تنظيف خزانات مياه في صحار,https://rukn-eltatawer.com/om/water-tank-cleaning-sohar/,water-tank-cleaning-sohar,water-tank-cleaning,sohar,2217,1293,0.417,0,20,13,1,,,,template_boilerplate|unexpanded_shortcodes|tel_in_content,Template/Boilerplate | Missing SEO Elements | Errors/Placeholders,Template/Boilerplate,"هيكل H2 مكرر على 1 مقالة، ونسبة الجمل المكررة 42%. شورت كود كيان غير مُفسَّر (أقسام ناقصة في HTML): [post_call], [post_features], [post_prices], [post_services], [post_steps]. ما زال هناك رابط اتصال هاتفي tel: داخل المحتوى."
1435,post,شركة تركيب أجهزة صوتية لطرد الطيور في الرستاق,https://rukn-eltatawer.com/om/bird-sound-device-rustaq/,bird-sound-device-rustaq,bird-sound-device,rustaq,2366,1525,0.355,0,20,13,1,,,,template_boilerplate|unexpanded_shortcodes|tel_in_content,Template/Boilerplate | Missing SEO Elements | Errors/Placeholders,Template/Boilerplate,"هيكل H2 مكرر على 1 مقالة، ونسبة الجمل المكررة 36%. شورت كود كيان غير مُفسَّر (أقسام ناقصة في HTML): [post_call], [post_features], [post_prices], [post_services], [post_steps]. ما زال هناك رابط اتصال هاتفي tel: داخل المحتوى."
1403,post,شركة مكافحة الطيور في الرستاق,https://rukn-eltatawer.com/om/bird-control-rustaq/,bird-control-rustaq,bird-control,rustaq,2237,1322,0.409,0,20,13,1,,,,template_boilerplate|unexpanded_shortcodes|tel_in_content,Template/Boilerplate | Missing SEO Elements | Errors/Placeholders,Template/Boilerplate,"هيكل H2 مكرر على 1 مقالة، ونسبة الجمل المكررة 41%. شورت كود كيان غير مُفسَّر (أقسام ناقصة في HTML): [post_call], [post_features], [post_prices], [post_services], [post_steps]. ما زال هناك رابط اتصال هاتفي tel: داخل المحتوى."
1163,post,شركة تركيب شبكات ري أوتوماتيكية في الرستاق,https://rukn-eltatawer.com/om/automatic-irrigation-rustaq/,automatic-irrigation-rustaq,automatic-irrigation,rustaq,2223,1218,0.452,0,20,13,1,,,,template_boilerplate|unexpanded_shortcodes|tel_in_content,Template/Boilerplate | Missing SEO Elements | Errors/Placeholders,Template/Boilerplate,"هيكل H2 مكرر على 1 مقالة، ونسبة الجمل المكررة 45%. شورت كود كيان غير مُفسَّر (أقسام ناقصة في HTML): [post_call], [post_features], [post_prices], [post_services], [post_steps]. ما زال هناك رابط اتصال هاتفي tel: داخل المحتوى."
555,post,شركة صيانة أبواب أوتوماتيكية في الرستاق,https://rukn-eltatawer.com/om/automatic-doors-maintenance-rustaq/,automatic-doors-maintenance-rustaq,automatic-doors-maintenance,rustaq,2012,1209,0.399,0,20,12,1,,,,template_boilerplate|unexpanded_shortcodes|tel_in_content,Template/Boilerplate | Missing SEO Elements | Errors/Placeholders,Template/Boilerplate,"هيكل H2 مكرر على 1 مقالة، ونسبة الجمل المكررة 40%. شورت كود كيان غير مُفسَّر (أقسام ناقصة في HTML): [post_call], [post_features], [post_prices], [post_services], [post_steps]. ما زال هناك رابط اتصال هاتفي tel: داخل المحتوى."
1219,post,شركة تركيب شلالات اصطناعية في الرستاق,https://rukn-eltatawer.com/om/artificial-waterfall-rustaq/,artificial-waterfall-rustaq,artificial-waterfall,rustaq,2112,1216,0.424,0,20,13,1,,,,template_boilerplate|unexpanded_shortcodes|tel_in_content,Template/Boilerplate | Missing SEO Elements | Errors/Placeholders,Template/Boilerplate,"هيكل H2 مكرر على 1 مقالة، ونسبة الجمل المكررة 42%. شورت كود كيان غير مُفسَّر (أقسام ناقصة في HTML): [post_call], [post_features], [post_prices], [post_services], [post_steps]. ما زال هناك رابط اتصال هاتفي tel: داخل المحتوى."
166,post,شركة تنظيف خزانات مياه في صلالة,https://rukn-eltatawer.com/om/water-tank-cleaning-salalah/,water-tank-cleaning-salalah,water-tank-cleaning,salalah,2269,1288,0.432,0,20,13,1,,,,template_boilerplate|unexpanded_shortcodes|tel_in_content,Template/Boilerplate | Missing SEO Elements | Errors/Placeholders,Template/Boilerplate,"هيكل H2 مكرر على 1 مقالة، ونسبة الجمل المكررة 43%. شورت كود كيان غير مُفسَّر (أقسام ناقصة في HTML): [post_call], [post_features], [post_prices], [post_services], [post_steps]. ما زال هناك رابط اتصال هاتفي tel: داخل المحتوى."
1019,post,شركة تركيب عشب صناعي في الرستاق,https://rukn-eltatawer.com/om/artificial-grass-rustaq/,artificial-grass-rustaq,artificial-grass,rustaq,2177,1227,0.436,0,20,13,1,,,,template_boilerplate|unexpanded_shortcodes|tel_in_content,Template/Boilerplate | Missing SEO Elements | Errors/Placeholders,Template/Boilerplate,"هيكل H2 مكرر على 1 مقالة، ونسبة الجمل المكررة 44%. شورت كود كيان غير مُفسَّر (أقسام ناقصة في HTML): [post_call], [post_features], [post_prices], [post_services], [post_steps]. ما زال هناك رابط اتصال هاتفي tel: داخل المحتوى."
579,post,شركة صيانة الأجهزة الكهربائية في الرستاق,https://rukn-eltatawer.com/om/appliance-maintenance-rustaq/,appliance-maintenance-rustaq,appliance-maintenance,rustaq,2204,1422,0.355,0,20,13,1,,,,template_boilerplate|unexpanded_shortcodes|tel_in_content,Template/Boilerplate | Missing SEO Elements | Errors/Placeholders,Template/Boilerplate,"هيكل H2 مكرر على 1 مقالة، ونسبة الجمل المكررة 36%. شورت كود كيان غير مُفسَّر (أقسام ناقصة في HTML): [post_call], [post_features], [post_prices], [post_services], [post_steps]. ما زال هناك رابط اتصال هاتفي tel: داخل المحتوى."
1035,post,شركة بناء ملاحق في الرستاق,https://rukn-eltatawer.com/om/annex-building-rustaq/,annex-building-rustaq,annex-building,rustaq,2028,1244,0.387,0,20,13,1,,,,template_boilerplate|unexpanded_shortcodes|tel_in_content,Template/Boilerplate | Missing SEO Elements | Errors/Placeholders,Template/Boilerplate,"هيكل H2 مكرر على 1 مقالة، ونسبة الجمل المكررة 39%. شورت كود كيان غير مُفسَّر (أقسام ناقصة في HTML): [post_call], [post_features], [post_prices], [post_services], [post_steps]. ما زال هناك رابط اتصال هاتفي tel: داخل المحتوى."
683,post,شركة تركيب وصيانة أنظمة تنقية الهواء في الرستاق,https://rukn-eltatawer.com/om/air-purification-rustaq/,air-purification-rustaq,air-purification,rustaq,2326,1405,0.396,0,20,13,1,,,,template_boilerplate|unexpanded_shortcodes|tel_in_content,Template/Boilerplate | Missing SEO Elements | Errors/Placeholders,Template/Boilerplate,"هيكل H2 مكرر على 1 مقالة، ونسبة الجمل المكررة 40%. شورت كود كيان غير مُفسَّر (أقسام ناقصة في HTML): [post_call], [post_features], [post_prices], [post_services], [post_steps]. ما زال هناك رابط اتصال هاتفي tel: داخل المحتوى."
1619,post,شركة شحن دولي جوي في الرستاق,https://rukn-eltatawer.com/om/air-freight-rustaq/,air-freight-rustaq,air-freight,rustaq,2188,1319,0.397,0,20,13,1,,,,template_boilerplate|unexpanded_shortcodes|tel_in_content,Template/Boilerplate | Missing SEO Elements | Errors/Placeholders,Template/Boilerplate,"هيكل H2 مكرر على 1 مقالة، ونسبة الجمل المكررة 40%. شورت كود كيان غير مُفسَّر (أقسام ناقصة في HTML): [post_call], [post_features], [post_prices], [post_services], [post_steps]. ما زال هناك رابط اتصال هاتفي tel: داخل المحتوى."
165,post,شركة تنظيف خزانات مياه في مسقط,https://rukn-eltatawer.com/om/water-tank-cleaning-muscat/,water-tank-cleaning-muscat,water-tank-cleaning,muscat,2321,1354,0.417,0,20,13,1,,,,template_boilerplate|unexpanded_shortcodes|tel_in_content,Template/Boilerplate | Missing SEO Elements | Errors/Placeholders,Template/Boilerplate,"هيكل H2 مكرر على 1 مقالة، ونسبة الجمل المكررة 42%. شورت كود كيان غير مُفسَّر (أقسام ناقصة في HTML): [post_call], [post_features], [post_prices], [post_services], [post_steps]. ما زال هناك رابط اتصال هاتفي tel: داخل المحتوى."
1201,post,شركة تركيب عرائش خشبية في صور,https://rukn-eltatawer.com/om/wooden-arbor-installation-sur/,wooden-arbor-installation-sur,wooden-arbor-installation,sur,2168,1216,0.439,0,20,13,1,,,,template_boilerplate|unexpanded_shortcodes|tel_in_content,Template/Boilerplate | Missing SEO Elements | Errors/Placeholders,Template/Boilerplate,"هيكل H2 مكرر على 1 مقالة، ونسبة الجمل المكررة 44%. شورت كود كيان غير مُفسَّر (أقسام ناقصة في HTML): [post_call], [post_features], [post_prices], [post_services], [post_steps]. ما زال هناك رابط اتصال هاتفي tel: داخل المحتوى."
1721,post,شركة دهان أبواب وشبابيك خشبية في صور,https://rukn-eltatawer.com/om/wood-doors-windows-painting-sur/,wood-doors-windows-painting-sur,wood-doors-windows-painting,sur,2223,1188,0.466,0,20,13,1,,,,template_boilerplate|unexpanded_shortcodes|tel_in_content|structural_error,Template/Boilerplate | Missing SEO Elements | Errors/Placeholders,Template/Boilerplate,"هيكل H2 مكرر على 1 مقالة، ونسبة الجمل المكررة 47%. شورت كود كيان غير مُفسَّر (أقسام ناقصة في HTML): [post_call], [post_features], [post_prices], [post_services], [post_steps]. ما زال هناك رابط اتصال هاتفي tel: داخل المحتوى. فقرتان متتاليتان متطابقتان."
1001,post,شركة تركيب شبابيك في صور,https://rukn-eltatawer.com/om/windows-installation-sur/,windows-installation-sur,windows-installation,sur,2102,1226,0.417,0,20,13,1,,,,template_boilerplate|unexpanded_shortcodes|tel_in_content,Template/Boilerplate | Missing SEO Elements | Errors/Placeholders,Template/Boilerplate,"هيكل H2 مكرر على 1 مقالة، ونسبة الجمل المكررة 42%. شورت كود كيان غير مُفسَّر (أقسام ناقصة في HTML): [post_call], [post_features], [post_prices], [post_services], [post_steps]. ما زال هناك رابط اتصال هاتفي tel: داخل المحتوى."
625,post,شركة صيانة مبردات مياه في صور,https://rukn-eltatawer.com/om/water-cooler-maintenance-sur/,water-cooler-maintenance-sur,water-cooler-maintenance,sur,2134,1398,0.345,0,20,13,1,,,,unexpanded_shortcodes|tel_in_content,Missing SEO Elements | Errors/Placeholders,Missing SEO Elements,"شورت كود كيان غير مُفسَّر (أقسام ناقصة في HTML): [post_call], [post_features], [post_prices], [post_services], [post_steps]. ما زال هناك رابط اتصال هاتفي tel: داخل المحتوى."
593,post,شركة صيانة غسالات في صور,https://rukn-eltatawer.com/om/washer-maintenance-sur/,washer-maintenance-sur,washer-maintenance,sur,2072,1233,0.405,0,20,13,1,,,,template_boilerplate|unexpanded_shortcodes|tel_in_content,Template/Boilerplate | Missing SEO Elements | Errors/Placeholders,Template/Boilerplate,"هيكل H2 مكرر على 1 مقالة، ونسبة الجمل المكررة 40%. شورت كود كيان غير مُفسَّر (أقسام ناقصة في HTML): [post_call], [post_features], [post_prices], [post_services], [post_steps]. ما زال هناك رابط اتصال هاتفي tel: داخل المحتوى."
100,post,شركة تنظيف مكاتب في البريمي,https://rukn-eltatawer.com/om/office-cleaning-al-buraimi/,office-cleaning-al-buraimi,office-cleaning,al-buraimi,2183,1206,0.448,0,20,13,1,https://rukn-eltatawer.com/om/water-tank-cleaning-al-buraimi/,cross-service-duplicate,8,template_boilerplate|duplicate_similar|unexpanded_shortcodes|tel_in_content,Template/Boilerplate | Duplicate/Similar | Missing SEO Elements | Errors/Placeholders,Template/Boilerplate,"هيكل H2 مكرر على 1 مقالة، ونسبة الجمل المكررة 45%. تشابه مرتفع (hamming=8, cross-service-duplicate) مع https://rukn-eltatawer.com/om/water-tank-cleaning-al-buraimi/. شورت كود كيان غير مُفسَّر (أقسام ناقصة في HTML): [post_call], [post_features], [post_prices], [post_services], [post_steps]. ما زال هناك رابط اتصال هاتفي tel: داخل المحتوى."
945,post,شركة تركيب ورق جدران في صور,https://rukn-eltatawer.com/om/wallpaper-sur/,wallpaper-sur,wallpaper,sur,2179,1196,0.451,0,20,13,1,,,,template_boilerplate|unexpanded_shortcodes|tel_in_content|structural_error,Template/Boilerplate | Missing SEO Elements | Errors/Placeholders,Template/Boilerplate,"هيكل H2 مكرر على 1 مقالة، ونسبة الجمل المكررة 45%. شورت كود كيان غير مُفسَّر (أقسام ناقصة في HTML): [post_call], [post_features], [post_prices], [post_services], [post_steps]. ما زال هناك رابط اتصال هاتفي tel: داخل المحتوى. فقرتان متتاليتان متطابقتان."
1649,post,شركة تركيب ورق حائط في صور,https://rukn-eltatawer.com/om/wallpaper-installation-sur/,wallpaper-installation-sur,wallpaper-installation,sur,2199,1125,0.488,0,20,13,1,,,,template_boilerplate|unexpanded_shortcodes|tel_in_content,Template/Boilerplate | Missing SEO Elements | Errors/Placeholders,Template/Boilerplate,"هيكل H2 مكرر على 1 مقالة، ونسبة الجمل المكررة 49%. شورت كود كيان غير مُفسَّر (أقسام ناقصة في HTML): [post_call], [post_features], [post_prices], [post_services], [post_steps]. ما زال هناك رابط اتصال هاتفي tel: داخل المحتوى."
1177,post,شركة تركيب عشب جداري في صور,https://rukn-eltatawer.com/om/wall-grass-sur/,wall-grass-sur,wall-grass,sur,2195,1253,0.429,0,20,13,1,,,,template_boilerplate|unexpanded_shortcodes|tel_in_content,Template/Boilerplate | Missing SEO Elements | Errors/Placeholders,Template/Boilerplate,"هيكل H2 مكرر على 1 مقالة، ونسبة الجمل المكررة 43%. شورت كود كيان غير مُفسَّر (أقسام ناقصة في HTML): [post_call], [post_features], [post_prices], [post_services], [post_steps]. ما زال هناك رابط اتصال هاتفي tel: داخل المحتوى."
1225,post,شركة تركيب نوافير جدارية في صور,https://rukn-eltatawer.com/om/wall-fountain-sur/,wall-fountain-sur,wall-fountain,sur,2209,1262,0.429,0,20,13,1,,,,template_boilerplate|unexpanded_shortcodes|tel_in_content,Template/Boilerplate | Missing SEO Elements | Errors/Placeholders,Template/Boilerplate,"هيكل H2 مكرر على 1 مقالة، ونسبة الجمل المكررة 43%. شورت كود كيان غير مُفسَّر (أقسام ناقصة في HTML): [post_call], [post_features], [post_prices], [post_services], [post_steps]. ما زال هناك رابط اتصال هاتفي tel: داخل المحتوى."
921,post,شركة تركيب فوم للجدران في صور,https://rukn-eltatawer.com/om/wall-foam-sur/,wall-foam-sur,wall-foam,sur,2200,1267,0.424,0,20,13,1,,,,template_boilerplate|unexpanded_shortcodes|tel_in_content|structural_error,Template/Boilerplate | Missing SEO Elements | Errors/Placeholders,Template/Boilerplate,"هيكل H2 مكرر على 1 مقالة، ونسبة الجمل المكررة 42%. شورت كود كيان غير مُفسَّر (أقسام ناقصة في HTML): [post_call], [post_features], [post_prices], [post_services], [post_steps]. ما زال هناك رابط اتصال هاتفي tel: داخل المحتوى. فقرتان متتاليتان متطابقتان."
98,post,شركة تنظيف مكاتب في عبري,https://rukn-eltatawer.com/om/office-cleaning-ibri/,office-cleaning-ibri,office-cleaning,ibri,2178,1091,0.499,0,20,13,1,,,,template_boilerplate|unexpanded_shortcodes|tel_in_content,Template/Boilerplate | Missing SEO Elements | Errors/Placeholders,Template/Boilerplate,"هيكل H2 مكرر على 1 مقالة، ونسبة الجمل المكررة 50%. شورت كود كيان غير مُفسَّر (أقسام ناقصة في HTML): [post_call], [post_features], [post_prices], [post_services], [post_steps]. ما زال هناك رابط اتصال هاتفي tel: داخل المحتوى."
897,post,شركة تركيب أرضيات فينيل في صور,https://rukn-eltatawer.com/om/vinyl-flooring-sur/,vinyl-flooring-sur,vinyl-flooring,sur,2101,1140,0.457,0,20,13,1,,,,template_boilerplate|unexpanded_shortcodes|tel_in_content,Template/Boilerplate | Missing SEO Elements | Errors/Placeholders,Template/Boilerplate,"هيكل H2 مكرر على 1 مقالة، ونسبة الجمل المكررة 46%. شورت كود كيان غير مُفسَّر (أقسام ناقصة في HTML): [post_call], [post_features], [post_prices], [post_services], [post_steps]. ما زال هناك رابط اتصال هاتفي tel: داخل المحتوى."
633,post,شركة صيانة مكانس كهربائية في صور,https://rukn-eltatawer.com/om/vacuum-maintenance-sur/,vacuum-maintenance-sur,vacuum-maintenance,sur,2122,1285,0.394,0,20,13,1,,,,template_boilerplate|unexpanded_shortcodes|tel_in_content,Template/Boilerplate | Missing SEO Elements | Errors/Placeholders,Template/Boilerplate,"هيكل H2 مكرر على 1 مقالة، ونسبة الجمل المكررة 39%. شورت كود كيان غير مُفسَّر (أقسام ناقصة في HTML): [post_call], [post_features], [post_prices], [post_services], [post_steps]. ما زال هناك رابط اتصال هاتفي tel: داخل المحتوى."
673,post,شركة تركيب وصيانة أجهزة تبريد مياه الخزانات في صور,https://rukn-eltatawer.com/om/tank-water-chiller-sur/,tank-water-chiller-sur,tank-water-chiller,sur,2357,1476,0.374,0,20,13,1,,,,template_boilerplate|unexpanded_shortcodes|tel_in_content,Template/Boilerplate | Missing SEO Elements | Errors/Placeholders,Template/Boilerplate,"هيكل H2 مكرر على 1 مقالة، ونسبة الجمل المكررة 37%. شورت كود كيان غير مُفسَّر (أقسام ناقصة في HTML): [post_call], [post_features], [post_prices], [post_services], [post_steps]. ما زال هناك رابط اتصال هاتفي tel: داخل المحتوى."
961,post,شركة تركيب أسقف مستعارة في صور,https://rukn-eltatawer.com/om/suspended-ceiling-sur/,suspended-ceiling-sur,suspended-ceiling,sur,2214,1261,0.43,0,20,13,1,,,,template_boilerplate|unexpanded_shortcodes|tel_in_content,Template/Boilerplate | Missing SEO Elements | Errors/Placeholders,Template/Boilerplate,"هيكل H2 مكرر على 1 مقالة، ونسبة الجمل المكررة 43%. شورت كود كيان غير مُفسَّر (أقسام ناقصة في HTML): [post_call], [post_features], [post_prices], [post_services], [post_steps]. ما زال هناك رابط اتصال هاتفي tel: داخل المحتوى."
569,post,شركة صيانة بوتاجازات في صور,https://rukn-eltatawer.com/om/stove-maintenance-sur/,stove-maintenance-sur,stove-maintenance,sur,2087,1272,0.391,0,20,13,1,https://rukn-eltatawer.com/om/fridge-maintenance-sur/,cross-service-duplicate,7,template_boilerplate|duplicate_similar|unexpanded_shortcodes|tel_in_content,Template/Boilerplate | Duplicate/Similar | Missing SEO Elements | Errors/Placeholders,Template/Boilerplate,"هيكل H2 مكرر على 1 مقالة، ونسبة الجمل المكررة 39%. تشابه مرتفع (hamming=7, cross-service-duplicate) مع https://rukn-eltatawer.com/om/fridge-maintenance-sur/. شورت كود كيان غير مُفسَّر (أقسام ناقصة في HTML): [post_call], [post_features], [post_prices], [post_services], [post_steps]. ما زال هناك رابط اتصال هاتفي tel: داخل المحتوى."
99,post,شركة تنظيف مكاتب في الرستاق,https://rukn-eltatawer.com/om/office-cleaning-rustaq/,office-cleaning-rustaq,office-cleaning,rustaq,2200,1235,0.439,0,20,13,1,,,,template_boilerplate|unexpanded_shortcodes|tel_in_content,Template/Boilerplate | Missing SEO Elements | Errors/Placeholders,Template/Boilerplate,"هيكل H2 مكرر على 1 مقالة، ونسبة الجمل المكررة 44%. شورت كود كيان غير مُفسَّر (أقسام ناقصة في HTML): [post_call], [post_features], [post_prices], [post_services], [post_steps]. ما زال هناك رابط اتصال هاتفي tel: داخل المحتوى."
905,post,شركة تركيب حجر طبيعي وصناعي في صور,https://rukn-eltatawer.com/om/stone-sur/,stone-sur,stone,sur,2162,1273,0.411,0,20,13,1,,,,template_boilerplate|unexpanded_shortcodes|tel_in_content,Template/Boilerplate | Missing SEO Elements | Errors/Placeholders,Template/Boilerplate,"هيكل H2 مكرر على 1 مقالة، ونسبة الجمل المكررة 41%. شورت كود كيان غير مُفسَّر (أقسام ناقصة في HTML): [post_call], [post_features], [post_prices], [post_services], [post_steps]. ما زال هناك رابط اتصال هاتفي tel: داخل المحتوى."
1209,post,شركة إنشاء ممرات حجرية في صور,https://rukn-eltatawer.com/om/stone-pathway-sur/,stone-pathway-sur,stone-pathway,sur,2181,1248,0.428,0,20,13,1,,,,template_boilerplate|unexpanded_shortcodes|tel_in_content,Template/Boilerplate | Missing SEO Elements | Errors/Placeholders,Template/Boilerplate,"هيكل H2 مكرر على 1 مقالة، ونسبة الجمل المكررة 43%. شورت كود كيان غير مُفسَّر (أقسام ناقصة في HTML): [post_call], [post_features], [post_prices], [post_services], [post_steps]. ما زال هناك رابط اتصال هاتفي tel: داخل المحتوى."
1441,post,شركة التعقيم بالبخار في صور,https://rukn-eltatawer.com/om/steam-disinfection-sur/,steam-disinfection-sur,steam-disinfection,sur,2212,1124,0.492,0,20,13,1,,,,template_boilerplate|unexpanded_shortcodes|tel_in_content,Template/Boilerplate | Missing SEO Elements | Errors/Placeholders,Template/Boilerplate,"هيكل H2 مكرر على 1 مقالة، ونسبة الجمل المكررة 49%. شورت كود كيان غير مُفسَّر (أقسام ناقصة في HTML): [post_call], [post_features], [post_prices], [post_services], [post_steps]. ما زال هناك رابط اتصال هاتفي tel: داخل المحتوى."
205,post,شركة تنظيف كنب في صور,https://rukn-eltatawer.com/om/sofa-cleaning-sur/,sofa-cleaning-sur,sofa-cleaning,sur,2202,1289,0.415,0,20,13,1,,,,template_boilerplate|unexpanded_shortcodes|tel_in_content,Template/Boilerplate | Missing SEO Elements | Errors/Placeholders,Template/Boilerplate,"هيكل H2 مكرر على 1 مقالة، ونسبة الجمل المكررة 42%. شورت كود كيان غير مُفسَّر (أقسام ناقصة في HTML): [post_call], [post_features], [post_prices], [post_services], [post_steps]. ما زال هناك رابط اتصال هاتفي tel: داخل المحتوى."
1369,post,شركة مكافحة الأفاعي في صور,https://rukn-eltatawer.com/om/snake-control-sur/,snake-control-sur,snake-control,sur,2204,1430,0.351,0,20,13,1,,,,template_boilerplate|unexpanded_shortcodes|tel_in_content,Template/Boilerplate | Missing SEO Elements | Errors/Placeholders,Template/Boilerplate,"هيكل H2 مكرر على 1 مقالة، ونسبة الجمل المكررة 35%. شورت كود كيان غير مُفسَّر (أقسام ناقصة في HTML): [post_call], [post_features], [post_prices], [post_services], [post_steps]. ما زال هناك رابط اتصال هاتفي tel: داخل المحتوى."
97,post,شركة تنظيف مكاتب في صور,https://rukn-eltatawer.com/om/office-cleaning-sur/,office-cleaning-sur,office-cleaning,sur,2182,1161,0.468,0,20,13,1,,,,template_boilerplate|unexpanded_shortcodes|tel_in_content,Template/Boilerplate | Missing SEO Elements | Errors/Placeholders,Template/Boilerplate,"هيكل H2 مكرر على 1 مقالة، ونسبة الجمل المكررة 47%. شورت كود كيان غير مُفسَّر (أقسام ناقصة في HTML): [post_call], [post_features], [post_prices], [post_services], [post_steps]. ما زال هناك رابط اتصال هاتفي tel: داخل المحتوى."
1553,post,شركة مكاتب الشحن في صور,https://rukn-eltatawer.com/om/shipping-offices-sur/,shipping-offices-sur,shipping-offices,sur,2135,1318,0.383,0,20,13,1,,,,template_boilerplate|unexpanded_shortcodes|tel_in_content,Template/Boilerplate | Missing SEO Elements | Errors/Placeholders,Template/Boilerplate,"هيكل H2 مكرر على 1 مقالة، ونسبة الجمل المكررة 38%. شورت كود كيان غير مُفسَّر (أقسام ناقصة في HTML): [post_call], [post_features], [post_prices], [post_services], [post_steps]. ما زال هناك رابط اتصال هاتفي tel: داخل المحتوى."
1009,post,شركة تركيب مظلات وسواتر في صور,https://rukn-eltatawer.com/om/shades-sails-sur/,shades-sails-sur,shades-sails,sur,2146,1257,0.414,0,20,13,1,,,,template_boilerplate|unexpanded_shortcodes|tel_in_content,Template/Boilerplate | Missing SEO Elements | Errors/Placeholders,Template/Boilerplate,"هيكل H2 مكرر على 1 مقالة، ونسبة الجمل المكررة 41%. شورت كود كيان غير مُفسَّر (أقسام ناقصة في HTML): [post_call], [post_features], [post_prices], [post_services], [post_steps]. ما زال هناك رابط اتصال هاتفي tel: داخل المحتوى."
1609,post,شركة شحن دولي بحري في صور,https://rukn-eltatawer.com/om/sea-freight-sur/,sea-freight-sur,sea-freight,sur,2160,1306,0.395,0,20,13,1,,,,template_boilerplate|unexpanded_shortcodes|tel_in_content,Template/Boilerplate | Missing SEO Elements | Errors/Placeholders,Template/Boilerplate,"هيكل H2 مكرر على 1 مقالة، ونسبة الجمل المكررة 40%. شورت كود كيان غير مُفسَّر (أقسام ناقصة في HTML): [post_call], [post_features], [post_prices], [post_services], [post_steps]. ما زال هناك رابط اتصال هاتفي tel: داخل المحتوى."
1377,post,شركة مكافحة العقارب في صور,https://rukn-eltatawer.com/om/scorpion-control-sur/,scorpion-control-sur,scorpion-control,sur,2236,1408,0.37,0,20,13,1,https://rukn-eltatawer.com/om/scorpion-control-al-buraimi/,city-variant-template,8,template_boilerplate|duplicate_similar|unexpanded_shortcodes|tel_in_content,Template/Boilerplate | Duplicate/Similar | Missing SEO Elements | Errors/Placeholders,Template/Boilerplate,"هيكل H2 مكرر على 1 مقالة، ونسبة الجمل المكررة 37%. تشابه مرتفع (hamming=8, city-variant-template) مع https://rukn-eltatawer.com/om/scorpion-control-al-buraimi/. شورت كود كيان غير مُفسَّر (أقسام ناقصة في HTML): [post_call], [post_features], [post_prices], [post_services], [post_steps]. ما زال هناك رابط اتصال هاتفي tel: داخل المحتوى."
115,post,شركة تنظيف مدارس وحضانات في صور,https://rukn-eltatawer.com/om/school-nursery-cleaning-sur/,school-nursery-cleaning-sur,school-nursery-cleaning,sur,2281,1269,0.444,0,20,13,1,https://rukn-eltatawer.com/om/school-nursery-cleaning-salalah/,city-variant-template,8,template_boilerplate|duplicate_similar|unexpanded_shortcodes|tel_in_content,Template/Boilerplate | Duplicate/Similar | Missing SEO Elements | Errors/Placeholders,Template/Boilerplate,"هيكل H2 مكرر على 1 مقالة، ونسبة الجمل المكررة 44%. تشابه مرتفع (hamming=8, city-variant-template) مع https://rukn-eltatawer.com/om/school-nursery-cleaning-salalah/. شورت كود كيان غير مُفسَّر (أقسام ناقصة في HTML): [post_call], [post_features], [post_prices], [post_services], [post_steps]. ما زال هناك رابط اتصال هاتفي tel: داخل المحتوى."
96,post,شركة تنظيف مكاتب في نزوى,https://rukn-eltatawer.com/om/office-cleaning-nizwa/,office-cleaning-nizwa,office-cleaning,nizwa,2213,1194,0.46,0,20,13,1,https://rukn-eltatawer.com/om/home-electrician-elec-al-buraimi/,cross-service-duplicate,7,template_boilerplate|duplicate_similar|unexpanded_shortcodes|tel_in_content,Template/Boilerplate | Duplicate/Similar | Missing SEO Elements | Errors/Placeholders,Template/Boilerplate,"هيكل H2 مكرر على 1 مقالة، ونسبة الجمل المكررة 46%. تشابه مرتفع (hamming=7, cross-service-duplicate) مع https://rukn-eltatawer.com/om/home-electrician-elec-al-buraimi/. شورت كود كيان غير مُفسَّر (أقسام ناقصة في HTML): [post_call], [post_features], [post_prices], [post_services], [post_steps]. ما زال هناك رابط اتصال هاتفي tel: داخل المحتوى."
1521,post,فني تركيب أقمار صناعية في صور,https://rukn-eltatawer.com/om/satellite-tech-sur/,satellite-tech-sur,satellite-tech,sur,2243,1482,0.339,0,20,13,1,,,,unexpanded_shortcodes|tel_in_content,Missing SEO Elements | Errors/Placeholders,Missing SEO Elements,"شورت كود كيان غير مُفسَّر (أقسام ناقصة في HTML): [post_call], [post_features], [post_prices], [post_services], [post_steps]. ما زال هناك رابط اتصال هاتفي tel: داخل المحتوى."
1513,post,فني تركيب دش في صور,https://rukn-eltatawer.com/om/sat-dish-tech-sur/,sat-dish-tech-sur,sat-dish-tech,sur,2150,1371,0.362,0,20,13,1,,,,template_boilerplate|unexpanded_shortcodes|tel_in_content,Template/Boilerplate | Missing SEO Elements | Errors/Placeholders,Template/Boilerplate,"هيكل H2 مكرر على 1 مقالة، ونسبة الجمل المكررة 36%. شورت كود كيان غير مُفسَّر (أقسام ناقصة في HTML): [post_call], [post_features], [post_prices], [post_services], [post_steps]. ما زال هناك رابط اتصال هاتفي tel: داخل المحتوى."
1673,post,شركة عزل ودهان أسطح في صور,https://rukn-eltatawer.com/om/roof-insulation-painting-sur/,roof-insulation-painting-sur,roof-insulation-painting,sur,2233,1321,0.408,0,20,13,1,,,,template_boilerplate|unexpanded_shortcodes|tel_in_content,Template/Boilerplate | Missing SEO Elements | Errors/Placeholders,Template/Boilerplate,"هيكل H2 مكرر على 1 مقالة، ونسبة الجمل المكررة 41%. شورت كود كيان غير مُفسَّر (أقسام ناقصة في HTML): [post_call], [post_features], [post_prices], [post_services], [post_steps]. ما زال هناك رابط اتصال هاتفي tel: داخل المحتوى."
1121,post,شركة تصميم حدائق أسطح في صور,https://rukn-eltatawer.com/om/roof-garden-design-sur/,roof-garden-design-sur,roof-garden-design,sur,2164,1120,0.482,0,20,13,1,,,,template_boilerplate|unexpanded_shortcodes|tel_in_content,Template/Boilerplate | Missing SEO Elements | Errors/Placeholders,Template/Boilerplate,"هيكل H2 مكرر على 1 مقالة، ونسبة الجمل المكررة 48%. شورت كود كيان غير مُفسَّر (أقسام ناقصة في HTML): [post_call], [post_features], [post_prices], [post_services], [post_steps]. ما زال هناك رابط اتصال هاتفي tel: داخل المحتوى."
1665,post,شركة دهان بويات عالية الجودة في صور,https://rukn-eltatawer.com/om/premium-paint-finishing-sur/,premium-paint-finishing-sur,premium-paint-finishing,sur,2265,1352,0.403,0,20,13,1,,,,template_boilerplate|unexpanded_shortcodes|tel_in_content|structural_error,Template/Boilerplate | Missing SEO Elements | Errors/Placeholders,Template/Boilerplate,"هيكل H2 مكرر على 1 مقالة، ونسبة الجمل المكررة 40%. شورت كود كيان غير مُفسَّر (أقسام ناقصة في HTML): [post_call], [post_features], [post_prices], [post_services], [post_steps]. ما زال هناك رابط اتصال هاتفي tel: داخل المحتوى. فقرتان متتاليتان متطابقتان."
1729,post,شركة صيانة ودهان بعد التسريبات في صور,https://rukn-eltatawer.com/om/post-leak-repaint-maintenance-sur/,post-leak-repaint-maintenance-sur,post-leak-repaint-maintenance,sur,2242,1108,0.506,0,20,13,1,,,,template_boilerplate|unexpanded_shortcodes|tel_in_content,Template/Boilerplate | Missing SEO Elements | Errors/Placeholders,Template/Boilerplate,"هيكل H2 مكرر على 1 مقالة، ونسبة الجمل المكررة 51%. شورت كود كيان غير مُفسَّر (أقسام ناقصة في HTML): [post_call], [post_features], [post_prices], [post_services], [post_steps]. ما زال هناك رابط اتصال هاتفي tel: داخل المحتوى."
95,post,شركة تنظيف مكاتب في صحار,https://rukn-eltatawer.com/om/office-cleaning-sohar/,office-cleaning-sohar,office-cleaning,sohar,2233,1201,0.462,0,20,13,1,,,,template_boilerplate|unexpanded_shortcodes|tel_in_content,Template/Boilerplate | Missing SEO Elements | Errors/Placeholders,Template/Boilerplate,"هيكل H2 مكرر على 1 مقالة، ونسبة الجمل المكررة 46%. شورت كود كيان غير مُفسَّر (أقسام ناقصة في HTML): [post_call], [post_features], [post_prices], [post_services], [post_steps]. ما زال هناك رابط اتصال هاتفي tel: داخل المحتوى."
529,post,شركة صيانة مسابح في صور,https://rukn-eltatawer.com/om/pool-maintenance-sur/,pool-maintenance-sur,pool-maintenance,sur,2132,1325,0.379,0,20,13,1,https://rukn-eltatawer.com/om/pool-maintenance-muscat/,city-variant-template,8,template_boilerplate|duplicate_similar|unexpanded_shortcodes|tel_in_content,Template/Boilerplate | Duplicate/Similar | Missing SEO Elements | Errors/Placeholders,Template/Boilerplate,"هيكل H2 مكرر على 1 مقالة، ونسبة الجمل المكررة 38%. تشابه مرتفع (hamming=8, city-variant-template) مع https://rukn-eltatawer.com/om/pool-maintenance-muscat/. شورت كود كيان غير مُفسَّر (أقسام ناقصة في HTML): [post_call], [post_features], [post_prices], [post_services], [post_steps]. ما زال هناك رابط اتصال هاتفي tel: داخل المحتوى."
142,post,شركة تنظيف مسابح في صور,https://rukn-eltatawer.com/om/pool-cleaning-sur/,pool-cleaning-sur,pool-cleaning,sur,2214,1242,0.439,0,20,13,1,,,,template_boilerplate|unexpanded_shortcodes|tel_in_content,Template/Boilerplate | Missing SEO Elements | Errors/Placeholders,Template/Boilerplate,"هيكل H2 مكرر على 1 مقالة، ونسبة الجمل المكررة 44%. شورت كود كيان غير مُفسَّر (أقسام ناقصة في HTML): [post_call], [post_features], [post_prices], [post_services], [post_steps]. ما زال هناك رابط اتصال هاتفي tel: داخل المحتوى."
873,post,شركة تركيب بلاستر في صور,https://rukn-eltatawer.com/om/plastering-sur/,plastering-sur,plastering,sur,2146,1130,0.473,0,20,13,1,,,,template_boilerplate|unexpanded_shortcodes|tel_in_content,Template/Boilerplate | Missing SEO Elements | Errors/Placeholders,Template/Boilerplate,"هيكل H2 مكرر على 1 مقالة، ونسبة الجمل المكررة 47%. شورت كود كيان غير مُفسَّر (أقسام ناقصة في HTML): [post_call], [post_features], [post_prices], [post_services], [post_steps]. ما زال هناك رابط اتصال هاتفي tel: داخل المحتوى."
1425,post,شركة تركيب مسامير طاردة للحمام في صور,https://rukn-eltatawer.com/om/pigeon-spikes-installation-sur/,pigeon-spikes-installation-sur,pigeon-spikes-installation,sur,2309,1486,0.356,0,20,13,1,,,,template_boilerplate|unexpanded_shortcodes|tel_in_content,Template/Boilerplate | Missing SEO Elements | Errors/Placeholders,Template/Boilerplate,"هيكل H2 مكرر على 1 مقالة، ونسبة الجمل المكررة 36%. شورت كود كيان غير مُفسَّر (أقسام ناقصة في HTML): [post_call], [post_features], [post_prices], [post_services], [post_steps]. ما زال هناك رابط اتصال هاتفي tel: داخل المحتوى."
1417,post,شركة تركيب شبك طارد للحمام في صور,https://rukn-eltatawer.com/om/pigeon-net-installation-sur/,pigeon-net-installation-sur,pigeon-net-installation,sur,2281,1508,0.339,0,20,13,1,,,,unexpanded_shortcodes|tel_in_content,Missing SEO Elements | Errors/Placeholders,Missing SEO Elements,"شورت كود كيان غير مُفسَّر (أقسام ناقصة في HTML): [post_call], [post_features], [post_prices], [post_services], [post_steps]. ما زال هناك رابط اتصال هاتفي tel: داخل المحتوى."
94,post,شركة تنظيف مكاتب في صلالة,https://rukn-eltatawer.com/om/office-cleaning-salalah/,office-cleaning-salalah,office-cleaning,salalah,2224,1274,0.427,0,20,13,1,,,,template_boilerplate|unexpanded_shortcodes|tel_in_content,Template/Boilerplate | Missing SEO Elements | Errors/Placeholders,Template/Boilerplate,"هيكل H2 مكرر على 1 مقالة، ونسبة الجمل المكررة 43%. شورت كود كيان غير مُفسَّر (أقسام ناقصة في HTML): [post_call], [post_features], [post_prices], [post_services], [post_steps]. ما زال هناك رابط اتصال هاتفي tel: داخل المحتوى."
1257,post,شركة نقل بيانو في صور,https://rukn-eltatawer.com/om/piano-moving-sur/,piano-moving-sur,piano-moving,sur,2152,1163,0.46,0,20,13,1,,,,template_boilerplate|unexpanded_shortcodes|tel_in_content,Template/Boilerplate | Missing SEO Elements | Errors/Placeholders,Template/Boilerplate,"هيكل H2 مكرر على 1 مقالة، ونسبة الجمل المكررة 46%. شورت كود كيان غير مُفسَّر (أقسام ناقصة في HTML): [post_call], [post_features], [post_prices], [post_services], [post_steps]. ما زال هناك رابط اتصال هاتفي tel: داخل المحتوى."
1193,post,شركة تركيب برجولات في صور,https://rukn-eltatawer.com/om/pergola-installation-sur/,pergola-installation-sur,pergola-installation,sur,2168,1184,0.454,0,20,13,1,,,,template_boilerplate|unexpanded_shortcodes|tel_in_content,Template/Boilerplate | Missing SEO Elements | Errors/Placeholders,Template/Boilerplate,"هيكل H2 مكرر على 1 مقالة، ونسبة الجمل المكررة 45%. شورت كود كيان غير مُفسَّر (أقسام ناقصة في HTML): [post_call], [post_features], [post_prices], [post_services], [post_steps]. ما زال هناك رابط اتصال هاتفي tel: داخل المحتوى."
889,post,شركة تركيب باركيه وأرضيات خشب في صور,https://rukn-eltatawer.com/om/parquet-sur/,parquet-sur,parquet,sur,2114,1353,0.36,0,20,13,1,,,,template_boilerplate|unexpanded_shortcodes|tel_in_content,Template/Boilerplate | Missing SEO Elements | Errors/Placeholders,Template/Boilerplate,"هيكل H2 مكرر على 1 مقالة، ونسبة الجمل المكررة 36%. شورت كود كيان غير مُفسَّر (أقسام ناقصة في HTML): [post_call], [post_features], [post_prices], [post_services], [post_steps]. ما زال هناك رابط اتصال هاتفي tel: داخل المحتوى."
1137,post,شركة زرع نخيل وأشجار في صور,https://rukn-eltatawer.com/om/palm-tree-planting-sur/,palm-tree-planting-sur,palm-tree-planting,sur,2205,1161,0.473,0,20,13,1,,,,template_boilerplate|unexpanded_shortcodes|tel_in_content,Template/Boilerplate | Missing SEO Elements | Errors/Placeholders,Template/Boilerplate,"هيكل H2 مكرر على 1 مقالة، ونسبة الجمل المكررة 47%. شورت كود كيان غير مُفسَّر (أقسام ناقصة في HTML): [post_call], [post_features], [post_prices], [post_services], [post_steps]. ما زال هناك رابط اتصال هاتفي tel: داخل المحتوى."
88,post,شركة تنظيف قصور في صور,https://rukn-eltatawer.com/om/palace-cleaning-sur/,palace-cleaning-sur,palace-cleaning,sur,2201,1122,0.49,0,20,13,1,,,,template_boilerplate|unexpanded_shortcodes|tel_in_content,Template/Boilerplate | Missing SEO Elements | Errors/Placeholders,Template/Boilerplate,"هيكل H2 مكرر على 1 مقالة، ونسبة الجمل المكررة 49%. شورت كود كيان غير مُفسَّر (أقسام ناقصة في HTML): [post_call], [post_features], [post_prices], [post_services], [post_steps]. ما زال هناك رابط اتصال هاتفي tel: داخل المحتوى."
93,post,شركة تنظيف مكاتب في مسقط,https://rukn-eltatawer.com/om/office-cleaning-muscat/,office-cleaning-muscat,office-cleaning,muscat,2305,1263,0.452,0,20,13,1,,,,template_boilerplate|unexpanded_shortcodes|tel_in_content,Template/Boilerplate | Missing SEO Elements | Errors/Placeholders,Template/Boilerplate,"هيكل H2 مكرر على 1 مقالة، ونسبة الجمل المكررة 45%. شورت كود كيان غير مُفسَّر (أقسام ناقصة في HTML): [post_call], [post_features], [post_prices], [post_services], [post_steps]. ما زال هناك رابط اتصال هاتفي tel: داخل المحتوى."
1497,post,عامل دهانات في صور,https://rukn-eltatawer.com/om/painter-sur/,painter-sur,painter,sur,2180,1224,0.439,0,20,13,1,,,,template_boilerplate|unexpanded_shortcodes|tel_in_content,Template/Boilerplate | Missing SEO Elements | Errors/Placeholders,Template/Boilerplate,"هيكل H2 مكرر على 1 مقالة، ونسبة الجمل المكررة 44%. شورت كود كيان غير مُفسَّر (أقسام ناقصة في HTML): [post_call], [post_features], [post_prices], [post_services], [post_steps]. ما زال هناك رابط اتصال هاتفي tel: داخل المحتوى."
1697,post,شركة إزالة دهان قديم وتحضير أسطح في صور,https://rukn-eltatawer.com/om/paint-removal-surface-prep-sur/,paint-removal-surface-prep-sur,paint-removal-surface-prep,sur,2274,1290,0.433,0,20,13,1,,,,template_boilerplate|unexpanded_shortcodes|tel_in_content,Template/Boilerplate | Missing SEO Elements | Errors/Placeholders,Template/Boilerplate,"هيكل H2 مكرر على 1 مقالة، ونسبة الجمل المكررة 43%. شورت كود كيان غير مُفسَّر (أقسام ناقصة في HTML): [post_call], [post_features], [post_prices], [post_services], [post_steps]. ما زال هناك رابط اتصال هاتفي tel: داخل المحتوى."
1457,post,شركة التعقيم بالأوزون في صور,https://rukn-eltatawer.com/om/ozone-disinfection-sur/,ozone-disinfection-sur,ozone-disinfection,sur,2222,1269,0.429,0,20,13,1,,,,template_boilerplate|unexpanded_shortcodes|tel_in_content,Template/Boilerplate | Missing SEO Elements | Errors/Placeholders,Template/Boilerplate,"هيكل H2 مكرر على 1 مقالة، ونسبة الجمل المكررة 43%. شورت كود كيان غير مُفسَّر (أقسام ناقصة في HTML): [post_call], [post_features], [post_prices], [post_services], [post_steps]. ما زال هناك رابط اتصال هاتفي tel: داخل المحتوى."
561,post,شركة صيانة أفران في صور,https://rukn-eltatawer.com/om/oven-maintenance-sur/,oven-maintenance-sur,oven-maintenance,sur,2111,1245,0.41,0,20,13,1,https://rukn-eltatawer.com/om/stove-maintenance-salalah/,cross-service-duplicate,7,template_boilerplate|duplicate_similar|unexpanded_shortcodes|tel_in_content,Template/Boilerplate | Duplicate/Similar | Missing SEO Elements | Errors/Placeholders,Template/Boilerplate,"هيكل H2 مكرر على 1 مقالة، ونسبة الجمل المكررة 41%. تشابه مرتفع (hamming=7, cross-service-duplicate) مع https://rukn-eltatawer.com/om/stove-maintenance-salalah/. شورت كود كيان غير مُفسَّر (أقسام ناقصة في HTML): [post_call], [post_features], [post_prices], [post_services], [post_steps]. ما زال هناك رابط اتصال هاتفي tel: داخل المحتوى."
1241,post,شركة نقل أثاث خارجي في صور,https://rukn-eltatawer.com/om/outdoor-moving-sur/,outdoor-moving-sur,outdoor-moving,sur,2202,1273,0.422,0,20,13,1,,,,template_boilerplate|unexpanded_shortcodes|tel_in_content,Template/Boilerplate | Missing SEO Elements | Errors/Placeholders,Template/Boilerplate,"هيكل H2 مكرر على 1 مقالة، ونسبة الجمل المكررة 42%. شورت كود كيان غير مُفسَّر (أقسام ناقصة في HTML): [post_call], [post_features], [post_prices], [post_services], [post_steps]. ما زال هناك رابط اتصال هاتفي tel: داخل المحتوى."
82,post,شركة تنظيف فلل في البريمي,https://rukn-eltatawer.com/om/villa-cleaning-al-buraimi/,villa-cleaning-al-buraimi,villa-cleaning,al-buraimi,2198,1291,0.413,0,20,13,1,,,,template_boilerplate|unexpanded_shortcodes|tel_in_content,Template/Boilerplate | Missing SEO Elements | Errors/Placeholders,Template/Boilerplate,"هيكل H2 مكرر على 1 مقالة، ونسبة الجمل المكررة 41%. شورت كود كيان غير مُفسَّر (أقسام ناقصة في HTML): [post_call], [post_features], [post_prices], [post_services], [post_steps]. ما زال هناك رابط اتصال هاتفي tel: داخل المحتوى."
1065,post,شركة بناء مجالس خارجية في صور,https://rukn-eltatawer.com/om/outdoor-majlis-sur/,outdoor-majlis-sur,outdoor-majlis,sur,2169,1147,0.471,0,20,13,1,,,,template_boilerplate|unexpanded_shortcodes|tel_in_content,Template/Boilerplate | Missing SEO Elements | Errors/Placeholders,Template/Boilerplate,"هيكل H2 مكرر على 1 مقالة، ونسبة الجمل المكررة 47%. شورت كود كيان غير مُفسَّر (أقسام ناقصة في HTML): [post_call], [post_features], [post_prices], [post_services], [post_steps]. ما زال هناك رابط اتصال هاتفي tel: داخل المحتوى."
1057,post,شركة بناء مطابخ خارجية في صور,https://rukn-eltatawer.com/om/outdoor-kitchens-sur/,outdoor-kitchens-sur,outdoor-kitchens,sur,2226,1238,0.444,0,20,13,1,,,,template_boilerplate|unexpanded_shortcodes|tel_in_content,Template/Boilerplate | Missing SEO Elements | Errors/Placeholders,Template/Boilerplate,"هيكل H2 مكرر على 1 مقالة، ونسبة الجمل المكررة 44%. شورت كود كيان غير مُفسَّر (أقسام ناقصة في HTML): [post_call], [post_features], [post_prices], [post_services], [post_steps]. ما زال هناك رابط اتصال هاتفي tel: داخل المحتوى."
1049,post,شركة بناء حمامات خارجية في صور,https://rukn-eltatawer.com/om/outdoor-bathrooms-sur/,outdoor-bathrooms-sur,outdoor-bathrooms,sur,2212,1105,0.5,0,20,13,1,,,,template_boilerplate|unexpanded_shortcodes|tel_in_content,Template/Boilerplate | Missing SEO Elements | Errors/Placeholders,Template/Boilerplate,"هيكل H2 مكرر على 1 مقالة، ونسبة الجمل المكررة 50%. شورت كود كيان غير مُفسَّر (أقسام ناقصة في HTML): [post_call], [post_features], [post_prices], [post_services], [post_steps]. ما زال هناك رابط اتصال هاتفي tel: داخل المحتوى."
1689,post,شركة دهان مكاتب وشركات في صور,https://rukn-eltatawer.com/om/office-painting-sur/,office-painting-sur,office-painting,sur,2239,1320,0.41,0,20,13,1,,,,template_boilerplate|unexpanded_shortcodes|tel_in_content,Template/Boilerplate | Missing SEO Elements | Errors/Placeholders,Template/Boilerplate,"هيكل H2 مكرر على 1 مقالة، ونسبة الجمل المكررة 41%. شورت كود كيان غير مُفسَّر (أقسام ناقصة في HTML): [post_call], [post_features], [post_prices], [post_services], [post_steps]. ما زال هناك رابط اتصال هاتفي tel: داخل المحتوى."
1681,post,شركة تشطيب ودهان فلل جديدة في صور,https://rukn-eltatawer.com/om/new-villa-finishing-painting-sur/,new-villa-finishing-painting-sur,new-villa-finishing-painting,sur,2234,1296,0.42,0,20,13,1,,,,template_boilerplate|unexpanded_shortcodes|tel_in_content,Template/Boilerplate | Missing SEO Elements | Errors/Placeholders,Template/Boilerplate,"هيكل H2 مكرر على 1 مقالة، ونسبة الجمل المكررة 42%. شورت كود كيان غير مُفسَّر (أقسام ناقصة في HTML): [post_call], [post_features], [post_prices], [post_services], [post_steps]. ما زال هناك رابط اتصال هاتفي tel: داخل المحتوى."
80,post,شركة تنظيف فلل في عبري,https://rukn-eltatawer.com/om/villa-cleaning-ibri/,villa-cleaning-ibri,villa-cleaning,ibri,2166,1174,0.458,0,20,13,1,,,,template_boilerplate|unexpanded_shortcodes|tel_in_content,Template/Boilerplate | Missing SEO Elements | Errors/Placeholders,Template/Boilerplate,"هيكل H2 مكرر على 1 مقالة، ونسبة الجمل المكررة 46%. شورت كود كيان غير مُفسَّر (أقسام ناقصة في HTML): [post_call], [post_features], [post_prices], [post_services], [post_steps]. ما زال هناك رابط اتصال هاتفي tel: داخل المحتوى."
1825,post,شركة تأسيس كهرباء وسباكة لمبنى جديد في صور,https://rukn-eltatawer.com/om/new-building-electrical-plumbing-sur/,new-building-electrical-plumbing-sur,new-building-electrical-plumbing,sur,2322,1551,0.332,0,20,13,1,,,,unexpanded_shortcodes|tel_in_content,Missing SEO Elements | Errors/Placeholders,Missing SEO Elements,"شورت كود كيان غير مُفسَّر (أقسام ناقصة في HTML): [post_call], [post_features], [post_prices], [post_services], [post_steps]. ما زال هناك رابط اتصال هاتفي tel: داخل المحتوى."
1129,post,شركة قص عشب طبيعي في صور,https://rukn-eltatawer.com/om/natural-grass-cutting-sur/,natural-grass-cutting-sur,natural-grass-cutting,sur,2178,1097,0.496,0,20,13,1,,,,template_boilerplate|unexpanded_shortcodes|tel_in_content,Template/Boilerplate | Missing SEO Elements | Errors/Placeholders,Template/Boilerplate,"هيكل H2 مكرر على 1 مقالة، ونسبة الجمل المكررة 50%. شورت كود كيان غير مُفسَّر (أقسام ناقصة في HTML): [post_call], [post_features], [post_prices], [post_services], [post_steps]. ما زال هناك رابط اتصال هاتفي tel: داخل المحتوى."
196,post,شركة تنظيف موكيت في صور,https://rukn-eltatawer.com/om/moquette-cleaning-sur/,moquette-cleaning-sur,moquette-cleaning,sur,2252,1180,0.476,0,20,13,1,,,,template_boilerplate|unexpanded_shortcodes|tel_in_content,Template/Boilerplate | Missing SEO Elements | Errors/Placeholders,Template/Boilerplate,"هيكل H2 مكرر على 1 مقالة، ونسبة الجمل المكررة 48%. شورت كود كيان غير مُفسَّر (أقسام ناقصة في HTML): [post_call], [post_features], [post_prices], [post_services], [post_steps]. ما زال هناك رابط اتصال هاتفي tel: داخل المحتوى."
1153,post,شركة تركيب شبكات ري حديثة في صور,https://rukn-eltatawer.com/om/modern-irrigation-sur/,modern-irrigation-sur,modern-irrigation,sur,2215,1280,0.422,0,20,13,1,,,,template_boilerplate|unexpanded_shortcodes|tel_in_content,Template/Boilerplate | Missing SEO Elements | Errors/Placeholders,Template/Boilerplate,"هيكل H2 مكرر على 1 مقالة، ونسبة الجمل المكررة 42%. شورت كود كيان غير مُفسَّر (أقسام ناقصة في HTML): [post_call], [post_features], [post_prices], [post_services], [post_steps]. ما زال هناك رابط اتصال هاتفي tel: داخل المحتوى."
609,post,شركة صيانة ميكروويف في صور,https://rukn-eltatawer.com/om/microwave-maintenance-sur/,microwave-maintenance-sur,microwave-maintenance,sur,2079,1260,0.394,0,20,13,1,,,,template_boilerplate|unexpanded_shortcodes|tel_in_content,Template/Boilerplate | Missing SEO Elements | Errors/Placeholders,Template/Boilerplate,"هيكل H2 مكرر على 1 مقالة، ونسبة الجمل المكررة 39%. شورت كود كيان غير مُفسَّر (أقسام ناقصة في HTML): [post_call], [post_features], [post_prices], [post_services], [post_steps]. ما زال هناك رابط اتصال هاتفي tel: داخل المحتوى."
81,post,شركة تنظيف فلل في الرستاق,https://rukn-eltatawer.com/om/villa-cleaning-rustaq/,villa-cleaning-rustaq,villa-cleaning,rustaq,2169,1153,0.468,0,20,13,1,,,,template_boilerplate|unexpanded_shortcodes|tel_in_content,Template/Boilerplate | Missing SEO Elements | Errors/Placeholders,Template/Boilerplate,"هيكل H2 مكرر على 1 مقالة، ونسبة الجمل المكررة 47%. شورت كود كيان غير مُفسَّر (أقسام ناقصة في HTML): [post_call], [post_features], [post_prices], [post_services], [post_steps]. ما زال هناك رابط اتصال هاتفي tel: داخل المحتوى."
223,post,شركة تنظيف مراتب في صور,https://rukn-eltatawer.com/om/mattress-cleaning-sur/,mattress-cleaning-sur,mattress-cleaning,sur,2233,1311,0.413,0,20,13,1,,,,template_boilerplate|unexpanded_shortcodes|tel_in_content,Template/Boilerplate | Missing SEO Elements | Errors/Placeholders,Template/Boilerplate,"هيكل H2 مكرر على 1 مقالة، ونسبة الجمل المكررة 41%. شورت كود كيان غير مُفسَّر (أقسام ناقصة في HTML): [post_call], [post_features], [post_prices], [post_services], [post_steps]. ما زال هناك رابط اتصال هاتفي tel: داخل المحتوى."
232,post,شركة تنظيف أرضيات رخام وجلي رخام في صور,https://rukn-eltatawer.com/om/marble-polishing-sur/,marble-polishing-sur,marble-polishing,sur,2252,1281,0.431,0,20,13,1,,,,template_boilerplate|unexpanded_shortcodes|tel_in_content,Template/Boilerplate | Missing SEO Elements | Errors/Placeholders,Template/Boilerplate,"هيكل H2 مكرر على 1 مقالة، ونسبة الجمل المكررة 43%. شورت كود كيان غير مُفسَّر (أقسام ناقصة في HTML): [post_call], [post_features], [post_prices], [post_services], [post_steps]. ما زال هناك رابط اتصال هاتفي tel: داخل المحتوى."
913,post,شركة تركيب رخام وجرانيت في صور,https://rukn-eltatawer.com/om/marble-granite-sur/,marble-granite-sur,marble-granite,sur,2106,1187,0.436,0,20,13,1,,,,template_boilerplate|unexpanded_shortcodes|tel_in_content,Template/Boilerplate | Missing SEO Elements | Errors/Placeholders,Template/Boilerplate,"هيكل H2 مكرر على 1 مقالة، ونسبة الجمل المكررة 44%. شورت كود كيان غير مُفسَّر (أقسام ناقصة في HTML): [post_call], [post_features], [post_prices], [post_services], [post_steps]. ما زال هناك رابط اتصال هاتفي tel: داخل المحتوى."
133,post,شركة تنظيف محلات تجارية ومولات في صور,https://rukn-eltatawer.com/om/mall-cleaning-sur/,mall-cleaning-sur,mall-cleaning,sur,2241,1224,0.454,0,20,13,1,,,,template_boilerplate|unexpanded_shortcodes|tel_in_content,Template/Boilerplate | Missing SEO Elements | Errors/Placeholders,Template/Boilerplate,"هيكل H2 مكرر على 1 مقالة، ونسبة الجمل المكررة 45%. شورت كود كيان غير مُفسَّر (أقسام ناقصة في HTML): [post_call], [post_features], [post_prices], [post_services], [post_steps]. ما زال هناك رابط اتصال هاتفي tel: داخل المحتوى."
106,post,شركة تنظيف مجالس في صور,https://rukn-eltatawer.com/om/majlis-cleaning-sur/,majlis-cleaning-sur,majlis-cleaning,sur,2180,1256,0.424,0,20,13,1,,,,template_boilerplate|unexpanded_shortcodes|tel_in_content,Template/Boilerplate | Missing SEO Elements | Errors/Placeholders,Template/Boilerplate,"هيكل H2 مكرر على 1 مقالة، ونسبة الجمل المكررة 42%. شورت كود كيان غير مُفسَّر (أقسام ناقصة في HTML): [post_call], [post_features], [post_prices], [post_services], [post_steps]. ما زال هناك رابط اتصال هاتفي tel: داخل المحتوى."
1050,post,شركة بناء حمامات خارجية في عبري,https://rukn-eltatawer.com/om/outdoor-bathrooms-ibri/,outdoor-bathrooms-ibri,outdoor-bathrooms,ibri,2215,1156,0.478,0,20,13,1,,,,template_boilerplate|unexpanded_shortcodes|tel_in_content,Template/Boilerplate | Missing SEO Elements | Errors/Placeholders,Template/Boilerplate,"هيكل H2 مكرر على 1 مقالة، ونسبة الجمل المكررة 48%. شورت كود كيان غير مُفسَّر (أقسام ناقصة في HTML): [post_call], [post_features], [post_prices], [post_services], [post_steps]. ما زال هناك رابط اتصال هاتفي tel: داخل المحتوى."
1690,post,شركة دهان مكاتب وشركات في عبري,https://rukn-eltatawer.com/om/office-painting-ibri/,office-painting-ibri,office-painting,ibri,2178,1229,0.436,0,20,13,1,,,,template_boilerplate|unexpanded_shortcodes|tel_in_content,Template/Boilerplate | Missing SEO Elements | Errors/Placeholders,Template/Boilerplate,"هيكل H2 مكرر على 1 مقالة، ونسبة الجمل المكررة 44%. شورت كود كيان غير مُفسَّر (أقسام ناقصة في HTML): [post_call], [post_features], [post_prices], [post_services], [post_steps]. ما زال هناك رابط اتصال هاتفي tel: داخل المحتوى."
243,post,شركة تنظيف واجهات زجاجية في الرستاق,https://rukn-eltatawer.com/om/glass-facade-cleaning-rustaq/,glass-facade-cleaning-rustaq,glass-facade-cleaning,rustaq,2204,1197,0.457,0,20,13,1,,,,template_boilerplate|unexpanded_shortcodes|tel_in_content,Template/Boilerplate | Missing SEO Elements | Errors/Placeholders,Template/Boilerplate,"هيكل H2 مكرر على 1 مقالة، ونسبة الجمل المكررة 46%. شورت كود كيان غير مُفسَّر (أقسام ناقصة في HTML): [post_call], [post_features], [post_prices], [post_services], [post_steps]. ما زال هناك رابط اتصال هاتفي tel: داخل المحتوى."
1682,post,شركة تشطيب ودهان فلل جديدة في عبري,https://rukn-eltatawer.com/om/new-villa-finishing-painting-ibri/,new-villa-finishing-painting-ibri,new-villa-finishing-painting,ibri,2268,1336,0.411,0,20,13,1,https://rukn-eltatawer.com/om/new-villa-finishing-painting-nizwa/,city-variant-template,6,template_boilerplate|duplicate_similar|unexpanded_shortcodes|tel_in_content,Template/Boilerplate | Duplicate/Similar | Missing SEO Elements | Errors/Placeholders,Template/Boilerplate,"هيكل H2 مكرر على 1 مقالة، ونسبة الجمل المكررة 41%. تشابه مرتفع (hamming=6, city-variant-template) مع https://rukn-eltatawer.com/om/new-villa-finishing-painting-nizwa/. شورت كود كيان غير مُفسَّر (أقسام ناقصة في HTML): [post_call], [post_features], [post_prices], [post_services], [post_steps]. ما زال هناك رابط اتصال هاتفي tel: داخل المحتوى."
1826,post,شركة تأسيس كهرباء وسباكة لمبنى جديد في عبري,https://rukn-eltatawer.com/om/new-building-electrical-plumbing-ibri/,new-building-electrical-plumbing-ibri,new-building-electrical-plumbing,ibri,2291,1280,0.441,0,20,13,1,,,,template_boilerplate|unexpanded_shortcodes|tel_in_content,Template/Boilerplate | Missing SEO Elements | Errors/Placeholders,Template/Boilerplate,"هيكل H2 مكرر على 1 مقالة، ونسبة الجمل المكررة 44%. شورت كود كيان غير مُفسَّر (أقسام ناقصة في HTML): [post_call], [post_features], [post_prices], [post_services], [post_steps]. ما زال هناك رابط اتصال هاتفي tel: داخل المحتوى."
1130,post,شركة قص عشب طبيعي في عبري,https://rukn-eltatawer.com/om/natural-grass-cutting-ibri/,natural-grass-cutting-ibri,natural-grass-cutting,ibri,2185,1171,0.464,0,20,13,1,,,,template_boilerplate|unexpanded_shortcodes|tel_in_content,Template/Boilerplate | Missing SEO Elements | Errors/Placeholders,Template/Boilerplate,"هيكل H2 مكرر على 1 مقالة، ونسبة الجمل المكررة 46%. شورت كود كيان غير مُفسَّر (أقسام ناقصة في HTML): [post_call], [post_features], [post_prices], [post_services], [post_steps]. ما زال هناك رابط اتصال هاتفي tel: داخل المحتوى."
197,post,شركة تنظيف موكيت في عبري,https://rukn-eltatawer.com/om/moquette-cleaning-ibri/,moquette-cleaning-ibri,moquette-cleaning,ibri,2212,1225,0.446,0,20,13,1,https://rukn-eltatawer.com/om/moquette-cleaning-muscat/,city-variant-template,8,template_boilerplate|duplicate_similar|unexpanded_shortcodes|tel_in_content,Template/Boilerplate | Duplicate/Similar | Missing SEO Elements | Errors/Placeholders,Template/Boilerplate,"هيكل H2 مكرر على 1 مقالة، ونسبة الجمل المكررة 45%. تشابه مرتفع (hamming=8, city-variant-template) مع https://rukn-eltatawer.com/om/moquette-cleaning-muscat/. شورت كود كيان غير مُفسَّر (أقسام ناقصة في HTML): [post_call], [post_features], [post_prices], [post_services], [post_steps]. ما زال هناك رابط اتصال هاتفي tel: داخل المحتوى."
1154,post,شركة تركيب شبكات ري حديثة في عبري,https://rukn-eltatawer.com/om/modern-irrigation-ibri/,modern-irrigation-ibri,modern-irrigation,ibri,2193,1130,0.485,0,20,13,1,,,,template_boilerplate|unexpanded_shortcodes|tel_in_content,Template/Boilerplate | Missing SEO Elements | Errors/Placeholders,Template/Boilerplate,"هيكل H2 مكرر على 1 مقالة، ونسبة الجمل المكررة 48%. شورت كود كيان غير مُفسَّر (أقسام ناقصة في HTML): [post_call], [post_features], [post_prices], [post_services], [post_steps]. ما زال هناك رابط اتصال هاتفي tel: داخل المحتوى."
241,post,شركة تنظيف واجهات زجاجية في صور,https://rukn-eltatawer.com/om/glass-facade-cleaning-sur/,glass-facade-cleaning-sur,glass-facade-cleaning,sur,2195,1103,0.497,0,20,13,1,,,,template_boilerplate|unexpanded_shortcodes|tel_in_content,Template/Boilerplate | Missing SEO Elements | Errors/Placeholders,Template/Boilerplate,"هيكل H2 مكرر على 1 مقالة، ونسبة الجمل المكررة 50%. شورت كود كيان غير مُفسَّر (أقسام ناقصة في HTML): [post_call], [post_features], [post_prices], [post_services], [post_steps]. ما زال هناك رابط اتصال هاتفي tel: داخل المحتوى."
610,post,شركة صيانة ميكروويف في عبري,https://rukn-eltatawer.com/om/microwave-maintenance-ibri/,microwave-maintenance-ibri,microwave-maintenance,ibri,2050,1276,0.378,0,20,13,1,,,,template_boilerplate|unexpanded_shortcodes|tel_in_content|structural_error,Template/Boilerplate | Missing SEO Elements | Errors/Placeholders,Template/Boilerplate,"هيكل H2 مكرر على 1 مقالة، ونسبة الجمل المكررة 38%. شورت كود كيان غير مُفسَّر (أقسام ناقصة في HTML): [post_call], [post_features], [post_prices], [post_services], [post_steps]. ما زال هناك رابط اتصال هاتفي tel: داخل المحتوى. فقرتان متتاليتان متطابقتان."
224,post,شركة تنظيف مراتب في عبري,https://rukn-eltatawer.com/om/mattress-cleaning-ibri/,mattress-cleaning-ibri,mattress-cleaning,ibri,2200,1219,0.446,0,20,13,1,,,,template_boilerplate|unexpanded_shortcodes|tel_in_content,Template/Boilerplate | Missing SEO Elements | Errors/Placeholders,Template/Boilerplate,"هيكل H2 مكرر على 1 مقالة، ونسبة الجمل المكررة 45%. شورت كود كيان غير مُفسَّر (أقسام ناقصة في HTML): [post_call], [post_features], [post_prices], [post_services], [post_steps]. ما زال هناك رابط اتصال هاتفي tel: داخل المحتوى."
233,post,شركة تنظيف أرضيات رخام وجلي رخام في عبري,https://rukn-eltatawer.com/om/marble-polishing-ibri/,marble-polishing-ibri,marble-polishing,ibri,2219,1277,0.425,0,20,13,1,,,,template_boilerplate|unexpanded_shortcodes|tel_in_content,Template/Boilerplate | Missing SEO Elements | Errors/Placeholders,Template/Boilerplate,"هيكل H2 مكرر على 1 مقالة، ونسبة الجمل المكررة 42%. شورت كود كيان غير مُفسَّر (أقسام ناقصة في HTML): [post_call], [post_features], [post_prices], [post_services], [post_steps]. ما زال هناك رابط اتصال هاتفي tel: داخل المحتوى."
914,post,شركة تركيب رخام وجرانيت في عبري,https://rukn-eltatawer.com/om/marble-granite-ibri/,marble-granite-ibri,marble-granite,ibri,2072,1356,0.346,0,20,13,1,,,,unexpanded_shortcodes|tel_in_content,Missing SEO Elements | Errors/Placeholders,Missing SEO Elements,"شورت كود كيان غير مُفسَّر (أقسام ناقصة في HTML): [post_call], [post_features], [post_prices], [post_services], [post_steps]. ما زال هناك رابط اتصال هاتفي tel: داخل المحتوى."
134,post,شركة تنظيف محلات تجارية ومولات في عبري,https://rukn-eltatawer.com/om/mall-cleaning-ibri/,mall-cleaning-ibri,mall-cleaning,ibri,2209,1190,0.461,0,20,13,1,,,,template_boilerplate|unexpanded_shortcodes|tel_in_content,Template/Boilerplate | Missing SEO Elements | Errors/Placeholders,Template/Boilerplate,"هيكل H2 مكرر على 1 مقالة، ونسبة الجمل المكررة 46%. شورت كود كيان غير مُفسَّر (أقسام ناقصة في HTML): [post_call], [post_features], [post_prices], [post_services], [post_steps]. ما زال هناك رابط اتصال هاتفي tel: داخل المحتوى."
240,post,شركة تنظيف واجهات زجاجية في نزوى,https://rukn-eltatawer.com/om/glass-facade-cleaning-nizwa/,glass-facade-cleaning-nizwa,glass-facade-cleaning,nizwa,2260,1240,0.451,0,20,13,1,,,,template_boilerplate|unexpanded_shortcodes|tel_in_content,Template/Boilerplate | Missing SEO Elements | Errors/Placeholders,Template/Boilerplate,"هيكل H2 مكرر على 1 مقالة، ونسبة الجمل المكررة 45%. شورت كود كيان غير مُفسَّر (أقسام ناقصة في HTML): [post_call], [post_features], [post_prices], [post_services], [post_steps]. ما زال هناك رابط اتصال هاتفي tel: داخل المحتوى."
107,post,شركة تنظيف مجالس في عبري,https://rukn-eltatawer.com/om/majlis-cleaning-ibri/,majlis-cleaning-ibri,majlis-cleaning,ibri,2150,1238,0.424,0,20,13,1,,,,template_boilerplate|unexpanded_shortcodes|tel_in_content,Template/Boilerplate | Missing SEO Elements | Errors/Placeholders,Template/Boilerplate,"هيكل H2 مكرر على 1 مقالة، ونسبة الجمل المكررة 42%. شورت كود كيان غير مُفسَّر (أقسام ناقصة في HTML): [post_call], [post_features], [post_prices], [post_services], [post_steps]. ما زال هناك رابط اتصال هاتفي tel: داخل المحتوى."
1042,post,شركة بناء استراحات في عبري,https://rukn-eltatawer.com/om/majlis-building-ibri/,majlis-building-ibri,majlis-building,ibri,2116,1188,0.439,0,20,13,1,,,,template_boilerplate|unexpanded_shortcodes|tel_in_content,Template/Boilerplate | Missing SEO Elements | Errors/Placeholders,Template/Boilerplate,"هيكل H2 مكرر على 1 مقالة، ونسبة الجمل المكررة 44%. شورت كود كيان غير مُفسَّر (أقسام ناقصة في HTML): [post_call], [post_features], [post_prices], [post_services], [post_steps]. ما زال هناك رابط اتصال هاتفي tel: داخل المحتوى."
1394,post,شركة مكافحة الوزغ (البرص) في عبري,https://rukn-eltatawer.com/om/lizard-control-ibri/,lizard-control-ibri,lizard-control,ibri,2202,1328,0.397,0,20,13,1,,,,template_boilerplate|unexpanded_shortcodes|tel_in_content,Template/Boilerplate | Missing SEO Elements | Errors/Placeholders,Template/Boilerplate,"هيكل H2 مكرر على 1 مقالة، ونسبة الجمل المكررة 40%. شورت كود كيان غير مُفسَّر (أقسام ناقصة في HTML): [post_call], [post_features], [post_prices], [post_services], [post_steps]. ما زال هناك رابط اتصال هاتفي tel: داخل المحتوى."
1106,post,شركة تنسيق حدائق في عبري,https://rukn-eltatawer.com/om/landscaping-ibri/,landscaping-ibri,landscaping,ibri,2148,1146,0.466,0,20,13,1,,,,template_boilerplate|unexpanded_shortcodes|tel_in_content,Template/Boilerplate | Missing SEO Elements | Errors/Placeholders,Template/Boilerplate,"هيكل H2 مكرر على 1 مقالة، ونسبة الجمل المكررة 47%. شورت كود كيان غير مُفسَّر (أقسام ناقصة في HTML): [post_call], [post_features], [post_prices], [post_services], [post_steps]. ما زال هناك رابط اتصال هاتفي tel: داخل المحتوى."
1602,post,شركة شحن دولي بري في عبري,https://rukn-eltatawer.com/om/land-freight-ibri/,land-freight-ibri,land-freight,ibri,2137,1335,0.375,0,20,13,1,,,,template_boilerplate|unexpanded_shortcodes|tel_in_content,Template/Boilerplate | Missing SEO Elements | Errors/Placeholders,Template/Boilerplate,"هيكل H2 مكرر على 1 مقالة، ونسبة الجمل المكررة 38%. شورت كود كيان غير مُفسَّر (أقسام ناقصة في HTML): [post_call], [post_features], [post_prices], [post_services], [post_steps]. ما زال هناك رابط اتصال هاتفي tel: داخل المحتوى."
239,post,شركة تنظيف واجهات زجاجية في صحار,https://rukn-eltatawer.com/om/glass-facade-cleaning-sohar/,glass-facade-cleaning-sohar,glass-facade-cleaning,sohar,2215,1123,0.493,0,20,13,1,,,,template_boilerplate|unexpanded_shortcodes|tel_in_content,Template/Boilerplate | Missing SEO Elements | Errors/Placeholders,Template/Boilerplate,"هيكل H2 مكرر على 1 مقالة، ونسبة الجمل المكررة 49%. شورت كود كيان غير مُفسَّر (أقسام ناقصة في HTML): [post_call], [post_features], [post_prices], [post_services], [post_steps]. ما زال هناك رابط اتصال هاتفي tel: داخل المحتوى."
986,post,شركة تركيب مطابخ في عبري,https://rukn-eltatawer.com/om/kitchen-installation-ibri/,kitchen-installation-ibri,kitchen-installation,ibri,2077,1258,0.394,0,20,13,1,,,,template_boilerplate|unexpanded_shortcodes|tel_in_content,Template/Boilerplate | Missing SEO Elements | Errors/Placeholders,Template/Boilerplate,"هيكل H2 مكرر على 1 مقالة، ونسبة الجمل المكررة 39%. شورت كود كيان غير مُفسَّر (أقسام ناقصة في HTML): [post_call], [post_features], [post_prices], [post_services], [post_steps]. ما زال هناك رابط اتصال هاتفي tel: داخل المحتوى."
642,post,شركة تركيب وصيانة شفاطات مطابخ في عبري,https://rukn-eltatawer.com/om/kitchen-hoods-ibri/,kitchen-hoods-ibri,kitchen-hoods,ibri,2107,1254,0.405,0,20,13,1,,,,template_boilerplate|unexpanded_shortcodes|tel_in_content|structural_error,Template/Boilerplate | Missing SEO Elements | Errors/Placeholders,Template/Boilerplate,"هيكل H2 مكرر على 1 مقالة، ونسبة الجمل المكررة 40%. شورت كود كيان غير مُفسَّر (أقسام ناقصة في HTML): [post_call], [post_features], [post_prices], [post_services], [post_steps]. ما زال هناك رابط اتصال هاتفي tel: داخل المحتوى. فقرتان متتاليتان متطابقتان."
858,post,شركة تركيب كربستون في عبري,https://rukn-eltatawer.com/om/kerbstone-ibri/,kerbstone-ibri,kerbstone,ibri,2166,1177,0.457,0,20,13,1,,,,template_boilerplate|unexpanded_shortcodes|tel_in_content,Template/Boilerplate | Missing SEO Elements | Errors/Placeholders,Template/Boilerplate,"هيكل H2 مكرر على 1 مقالة، ونسبة الجمل المكررة 46%. شورت كود كيان غير مُفسَّر (أقسام ناقصة في HTML): [post_call], [post_features], [post_prices], [post_services], [post_steps]. ما زال هناك رابط اتصال هاتفي tel: داخل المحتوى."
850,post,شركة تركيب انترلوك في عبري,https://rukn-eltatawer.com/om/interlock-ibri/,interlock-ibri,interlock,ibri,2130,1111,0.478,0,20,13,1,,,,template_boilerplate|unexpanded_shortcodes|tel_in_content,Template/Boilerplate | Missing SEO Elements | Errors/Placeholders,Template/Boilerplate,"هيكل H2 مكرر على 1 مقالة، ونسبة الجمل المكررة 48%. شورت كود كيان غير مُفسَّر (أقسام ناقصة في HTML): [post_call], [post_features], [post_prices], [post_services], [post_steps]. ما زال هناك رابط اتصال هاتفي tel: داخل المحتوى."
1770,post,شركة تركيب إنارة داخلية وخارجية في عبري,https://rukn-eltatawer.com/om/indoor-outdoor-lighting-installation-ibri/,indoor-outdoor-lighting-installation-ibri,indoor-outdoor-lighting-installation,ibri,2218,1368,0.383,0,20,13,1,,,,template_boilerplate|unexpanded_shortcodes|tel_in_content,Template/Boilerplate | Missing SEO Elements | Errors/Placeholders,Template/Boilerplate,"هيكل H2 مكرر على 1 مقالة، ونسبة الجمل المكررة 38%. شورت كود كيان غير مُفسَّر (أقسام ناقصة في HTML): [post_call], [post_features], [post_prices], [post_services], [post_steps]. ما زال هناك رابط اتصال هاتفي tel: داخل المحتوى."
238,post,شركة تنظيف واجهات زجاجية في صلالة,https://rukn-eltatawer.com/om/glass-facade-cleaning-salalah/,glass-facade-cleaning-salalah,glass-facade-cleaning,salalah,2246,1286,0.427,0,20,13,1,,,,template_boilerplate|unexpanded_shortcodes|tel_in_content,Template/Boilerplate | Missing SEO Elements | Errors/Placeholders,Template/Boilerplate,"هيكل H2 مكرر على 1 مقالة، ونسبة الجمل المكررة 43%. شورت كود كيان غير مُفسَّر (أقسام ناقصة في HTML): [post_call], [post_features], [post_prices], [post_services], [post_steps]. ما زال هناك رابط اتصال هاتفي tel: داخل المحتوى."
1234,post,شركة نقل أثاث داخلي في عبري,https://rukn-eltatawer.com/om/indoor-moving-ibri/,indoor-moving-ibri,indoor-moving,ibri,2123,1166,0.451,0,20,13,1,,,,template_boilerplate|unexpanded_shortcodes|tel_in_content,Template/Boilerplate | Missing SEO Elements | Errors/Placeholders,Template/Boilerplate,"هيكل H2 مكرر على 1 مقالة، ونسبة الجمل المكررة 45%. شورت كود كيان غير مُفسَّر (أقسام ناقصة في HTML): [post_call], [post_features], [post_prices], [post_services], [post_steps]. ما زال هناك رابط اتصال هاتفي tel: داخل المحتوى."
1114,post,شركة تصميم حدائق داخلية في عبري,https://rukn-eltatawer.com/om/indoor-garden-design-ibri/,indoor-garden-design-ibri,indoor-garden-design,ibri,2163,1184,0.453,0,20,13,1,,,,template_boilerplate|unexpanded_shortcodes|tel_in_content,Template/Boilerplate | Missing SEO Elements | Errors/Placeholders,Template/Boilerplate,"هيكل H2 مكرر على 1 مقالة، ونسبة الجمل المكررة 45%. شورت كود كيان غير مُفسَّر (أقسام ناقصة في HTML): [post_call], [post_features], [post_prices], [post_services], [post_steps]. ما زال هناك رابط اتصال هاتفي tel: داخل المحتوى."
125,post,شركة تنظيف مستشفيات وعيادات في عبري,https://rukn-eltatawer.com/om/hospital-clinic-cleaning-ibri/,hospital-clinic-cleaning-ibri,hospital-clinic-cleaning,ibri,2191,1282,0.415,0,20,13,1,https://rukn-eltatawer.com/om/sofa-cleaning-muscat/,cross-service-duplicate,6,template_boilerplate|duplicate_similar|unexpanded_shortcodes|tel_in_content,Template/Boilerplate | Duplicate/Similar | Missing SEO Elements | Errors/Placeholders,Template/Boilerplate,"هيكل H2 مكرر على 1 مقالة، ونسبة الجمل المكررة 42%. تشابه مرتفع (hamming=6, cross-service-duplicate) مع https://rukn-eltatawer.com/om/sofa-cleaning-muscat/. شورت كود كيان غير مُفسَّر (أقسام ناقصة في HTML): [post_call], [post_features], [post_prices], [post_services], [post_steps]. ما زال هناك رابط اتصال هاتفي tel: داخل المحتوى."
1546,post,فني أنظمة صوت منزلية في عبري,https://rukn-eltatawer.com/om/home-audio-tech-ibri/,home-audio-tech-ibri,home-audio-tech,ibri,2194,1330,0.394,0,20,13,1,,,,template_boilerplate|unexpanded_shortcodes|tel_in_content,Template/Boilerplate | Missing SEO Elements | Errors/Placeholders,Template/Boilerplate,"هيكل H2 مكرر على 1 مقالة، ونسبة الجمل المكررة 39%. شورت كود كيان غير مُفسَّر (أقسام ناقصة في HTML): [post_call], [post_features], [post_prices], [post_services], [post_steps]. ما زال هناك رابط اتصال هاتفي tel: داخل المحتوى."
1506,post,فني جبس بورد في عبري,https://rukn-eltatawer.com/om/gypsum-tech-ibri/,gypsum-tech-ibri,gypsum-tech,ibri,2167,1211,0.441,0,20,13,1,,,,template_boilerplate|unexpanded_shortcodes|tel_in_content,Template/Boilerplate | Missing SEO Elements | Errors/Placeholders,Template/Boilerplate,"هيكل H2 مكرر على 1 مقالة، ونسبة الجمل المكررة 44%. شورت كود كيان غير مُفسَّر (أقسام ناقصة في HTML): [post_call], [post_features], [post_prices], [post_services], [post_steps]. ما زال هناك رابط اتصال هاتفي tel: داخل المحتوى."
237,post,شركة تنظيف واجهات زجاجية في مسقط,https://rukn-eltatawer.com/om/glass-facade-cleaning-muscat/,glass-facade-cleaning-muscat,glass-facade-cleaning,muscat,2303,1300,0.436,0,20,13,1,,,,template_boilerplate|unexpanded_shortcodes|tel_in_content,Template/Boilerplate | Missing SEO Elements | Errors/Placeholders,Template/Boilerplate,"هيكل H2 مكرر على 1 مقالة، ونسبة الجمل المكررة 44%. شورت كود كيان غير مُفسَّر (أقسام ناقصة في HTML): [post_call], [post_features], [post_prices], [post_services], [post_steps]. ما زال هناك رابط اتصال هاتفي tel: داخل المحتوى."
930,post,شركة تركيب جبس بورد في عبري,https://rukn-eltatawer.com/om/gypsum-board-ibri/,gypsum-board-ibri,gypsum-board,ibri,2179,1084,0.503,0,20,13,1,,,,template_boilerplate|unexpanded_shortcodes|tel_in_content,Template/Boilerplate | Missing SEO Elements | Errors/Placeholders,Template/Boilerplate,"هيكل H2 مكرر على 1 مقالة، ونسبة الجمل المكررة 50%. شورت كود كيان غير مُفسَّر (أقسام ناقصة في HTML): [post_call], [post_features], [post_prices], [post_services], [post_steps]. ما زال هناك رابط اتصال هاتفي tel: داخل المحتوى."
1658,post,شركة ديكورات جبس بورد في عبري,https://rukn-eltatawer.com/om/gypsum-board-decor-ibri/,gypsum-board-decor-ibri,gypsum-board-decor,ibri,2152,1170,0.456,0,20,13,1,,,,template_boilerplate|unexpanded_shortcodes|tel_in_content,Template/Boilerplate | Missing SEO Elements | Errors/Placeholders,Template/Boilerplate,"هيكل H2 مكرر على 1 مقالة، ونسبة الجمل المكررة 46%. شورت كود كيان غير مُفسَّر (أقسام ناقصة في HTML): [post_call], [post_features], [post_prices], [post_services], [post_steps]. ما زال هناك رابط اتصال هاتفي tel: داخل المحتوى."
970,post,شركة تركيب فواصل زجاجية وألومنيوم في عبري,https://rukn-eltatawer.com/om/glass-aluminium-partitions-ibri/,glass-aluminium-partitions-ibri,glass-aluminium-partitions,ibri,2100,1250,0.405,0,20,13,1,,,,template_boilerplate|unexpanded_shortcodes|tel_in_content,Template/Boilerplate | Missing SEO Elements | Errors/Placeholders,Template/Boilerplate,"هيكل H2 مكرر على 1 مقالة، ونسبة الجمل المكررة 40%. شورت كود كيان غير مُفسَّر (أقسام ناقصة في HTML): [post_call], [post_features], [post_prices], [post_services], [post_steps]. ما زال هناك رابط اتصال هاتفي tel: داخل المحتوى."
978,post,شركة تركيب زجاج وألوميتال في عبري,https://rukn-eltatawer.com/om/glass-alumetal-ibri/,glass-alumetal-ibri,glass-alumetal,ibri,2097,1275,0.392,0,20,13,1,,,,template_boilerplate|unexpanded_shortcodes|tel_in_content,Template/Boilerplate | Missing SEO Elements | Errors/Placeholders,Template/Boilerplate,"هيكل H2 مكرر على 1 مقالة، ونسبة الجمل المكررة 39%. شورت كود كيان غير مُفسَّر (أقسام ناقصة في HTML): [post_call], [post_features], [post_prices], [post_services], [post_steps]. ما زال هناك رابط اتصال هاتفي tel: داخل المحتوى."
1186,post,شركة إنشاء جلسات حدائق في عبري,https://rukn-eltatawer.com/om/garden-seating-ibri/,garden-seating-ibri,garden-seating,ibri,2179,1215,0.442,0,20,13,1,https://rukn-eltatawer.com/om/furniture-shipping-ibri/,cross-service-duplicate,7,template_boilerplate|duplicate_similar|unexpanded_shortcodes|tel_in_content,Template/Boilerplate | Duplicate/Similar | Missing SEO Elements | Errors/Placeholders,Template/Boilerplate,"هيكل H2 مكرر على 1 مقالة، ونسبة الجمل المكررة 44%. تشابه مرتفع (hamming=7, cross-service-duplicate) مع https://rukn-eltatawer.com/om/furniture-shipping-ibri/. شورت كود كيان غير مُفسَّر (أقسام ناقصة في HTML): [post_call], [post_features], [post_prices], [post_services], [post_steps]. ما زال هناك رابط اتصال هاتفي tel: داخل المحتوى."
190,post,شركة تنظيف سجاد في البريمي,https://rukn-eltatawer.com/om/carpet-cleaning-al-buraimi/,carpet-cleaning-al-buraimi,carpet-cleaning,al-buraimi,2176,1244,0.428,0,20,13,1,,,,template_boilerplate|unexpanded_shortcodes|tel_in_content,Template/Boilerplate | Missing SEO Elements | Errors/Placeholders,Template/Boilerplate,"هيكل H2 مكرر على 1 مقالة، ونسبة الجمل المكررة 43%. شورت كود كيان غير مُفسَّر (أقسام ناقصة في HTML): [post_call], [post_features], [post_prices], [post_services], [post_steps]. ما زال هناك رابط اتصال هاتفي tel: داخل المحتوى."
1146,post,شركة تنظيف وتزيين الحدائق في عبري,https://rukn-eltatawer.com/om/garden-cleaning-ibri/,garden-cleaning-ibri,garden-cleaning,ibri,2196,1261,0.426,0,20,13,1,,,,template_boilerplate|unexpanded_shortcodes|tel_in_content|missing_meta,Template/Boilerplate | Missing SEO Elements | Errors/Placeholders,Template/Boilerplate,"هيكل H2 مكرر على 1 مقالة، ونسبة الجمل المكررة 43%. شورت كود كيان غير مُفسَّر (أقسام ناقصة في HTML): [post_call], [post_features], [post_prices], [post_services], [post_steps]. ما زال هناك رابط اتصال هاتفي tel: داخل المحتوى. صورة بارزة مفقودة أو مكررة (id=246)."
1282,post,شركة تخزين أثاث في عبري,https://rukn-eltatawer.com/om/furniture-storage-ibri/,furniture-storage-ibri,furniture-storage,ibri,2044,1294,0.367,0,20,13,1,,,,template_boilerplate|unexpanded_shortcodes|tel_in_content,Template/Boilerplate | Missing SEO Elements | Errors/Placeholders,Template/Boilerplate,"هيكل H2 مكرر على 1 مقالة، ونسبة الجمل المكررة 37%. شورت كود كيان غير مُفسَّر (أقسام ناقصة في HTML): [post_call], [post_features], [post_prices], [post_services], [post_steps]. ما زال هناك رابط اتصال هاتفي tel: داخل المحتوى."
1570,post,شركة شحن أثاث في عبري,https://rukn-eltatawer.com/om/furniture-shipping-ibri/,furniture-shipping-ibri,furniture-shipping,ibri,2074,1272,0.387,0,20,13,1,https://rukn-eltatawer.com/om/garden-seating-ibri/,cross-service-duplicate,7,template_boilerplate|duplicate_similar|unexpanded_shortcodes|tel_in_content,Template/Boilerplate | Duplicate/Similar | Missing SEO Elements | Errors/Placeholders,Template/Boilerplate,"هيكل H2 مكرر على 1 مقالة، ونسبة الجمل المكررة 39%. تشابه مرتفع (hamming=7, cross-service-duplicate) مع https://rukn-eltatawer.com/om/garden-seating-ibri/. شورت كود كيان غير مُفسَّر (أقسام ناقصة في HTML): [post_call], [post_features], [post_prices], [post_services], [post_steps]. ما زال هناك رابط اتصال هاتفي tel: داخل المحتوى."
1266,post,شركة تغليف أثاث احترافي في عبري,https://rukn-eltatawer.com/om/furniture-packaging-ibri/,furniture-packaging-ibri,furniture-packaging,ibri,2110,1303,0.382,0,20,13,1,,,,template_boilerplate|unexpanded_shortcodes|tel_in_content,Template/Boilerplate | Missing SEO Elements | Errors/Placeholders,Template/Boilerplate,"هيكل H2 مكرر على 1 مقالة، ونسبة الجمل المكررة 38%. شورت كود كيان غير مُفسَّر (أقسام ناقصة في HTML): [post_call], [post_features], [post_prices], [post_services], [post_steps]. ما زال هناك رابط اتصال هاتفي tel: داخل المحتوى."
1250,post,شركة نقل عفش مع التغليف في عبري,https://rukn-eltatawer.com/om/furniture-moving-packaging-ibri/,furniture-moving-packaging-ibri,furniture-moving-packaging,ibri,2140,1274,0.405,0,20,13,1,,,,template_boilerplate|unexpanded_shortcodes|tel_in_content,Template/Boilerplate | Missing SEO Elements | Errors/Placeholders,Template/Boilerplate,"هيكل H2 مكرر على 1 مقالة، ونسبة الجمل المكررة 40%. شورت كود كيان غير مُفسَّر (أقسام ناقصة في HTML): [post_call], [post_features], [post_prices], [post_services], [post_steps]. ما زال هناك رابط اتصال هاتفي tel: داخل المحتوى."
188,post,شركة تنظيف سجاد في عبري,https://rukn-eltatawer.com/om/carpet-cleaning-ibri/,carpet-cleaning-ibri,carpet-cleaning,ibri,2190,1251,0.429,0,20,13,1,,,,template_boilerplate|unexpanded_shortcodes|tel_in_content,Template/Boilerplate | Missing SEO Elements | Errors/Placeholders,Template/Boilerplate,"هيكل H2 مكرر على 1 مقالة، ونسبة الجمل المكررة 43%. شورت كود كيان غير مُفسَّر (أقسام ناقصة في HTML): [post_call], [post_features], [post_prices], [post_services], [post_steps]. ما زال هناك رابط اتصال هاتفي tel: داخل المحتوى."
1274,post,شركة تركيب وفك الأثاث في عبري,https://rukn-eltatawer.com/om/furniture-assembly-ibri/,furniture-assembly-ibri,furniture-assembly,ibri,2070,1184,0.428,0,20,13,1,,,,template_boilerplate|unexpanded_shortcodes|tel_in_content,Template/Boilerplate | Missing SEO Elements | Errors/Placeholders,Template/Boilerplate,"هيكل H2 مكرر على 1 مقالة، ونسبة الجمل المكررة 43%. شورت كود كيان غير مُفسَّر (أقسام ناقصة في HTML): [post_call], [post_features], [post_prices], [post_services], [post_steps]. ما زال هناك رابط اتصال هاتفي tel: داخل المحتوى."
586,post,شركة صيانة ثلاجات في عبري,https://rukn-eltatawer.com/om/fridge-maintenance-ibri/,fridge-maintenance-ibri,fridge-maintenance,ibri,2079,1280,0.384,0,20,13,1,https://rukn-eltatawer.com/om/oven-maintenance-ibri/,cross-service-duplicate,8,template_boilerplate|duplicate_similar|unexpanded_shortcodes|tel_in_content,Template/Boilerplate | Duplicate/Similar | Missing SEO Elements | Errors/Placeholders,Template/Boilerplate,"هيكل H2 مكرر على 1 مقالة، ونسبة الجمل المكررة 38%. تشابه مرتفع (hamming=8, cross-service-duplicate) مع https://rukn-eltatawer.com/om/oven-maintenance-ibri/. شورت كود كيان غير مُفسَّر (أقسام ناقصة في HTML): [post_call], [post_features], [post_prices], [post_services], [post_steps]. ما زال هناك رابط اتصال هاتفي tel: داخل المحتوى."
954,post,شركة تركيب سجاد أرضيات في عبري,https://rukn-eltatawer.com/om/floor-carpeting-ibri/,floor-carpeting-ibri,floor-carpeting,ibri,2128,1252,0.412,0,20,13,1,,,,template_boilerplate|unexpanded_shortcodes|tel_in_content,Template/Boilerplate | Missing SEO Elements | Errors/Placeholders,Template/Boilerplate,"هيكل H2 مكرر على 1 مقالة، ونسبة الجمل المكررة 41%. شورت كود كيان غير مُفسَّر (أقسام ناقصة في HTML): [post_call], [post_features], [post_prices], [post_services], [post_steps]. ما زال هناك رابط اتصال هاتفي tel: داخل المحتوى."
1386,post,شركة مكافحة البراغيث في عبري,https://rukn-eltatawer.com/om/flea-control-ibri/,flea-control-ibri,flea-control,ibri,2181,1318,0.396,0,20,13,1,,,,template_boilerplate|unexpanded_shortcodes|tel_in_content,Template/Boilerplate | Missing SEO Elements | Errors/Placeholders,Template/Boilerplate,"هيكل H2 مكرر على 1 مقالة، ونسبة الجمل المكررة 40%. شورت كود كيان غير مُفسَّر (أقسام ناقصة في HTML): [post_call], [post_features], [post_prices], [post_services], [post_steps]. ما زال هناك رابط اتصال هاتفي tel: داخل المحتوى."
938,post,شركة تركيب أسقف جبسية / فورسيلنج في عبري,https://rukn-eltatawer.com/om/false-ceiling-ibri/,false-ceiling-ibri,false-ceiling,ibri,2267,1269,0.44,0,20,13,1,,,,template_boilerplate|unexpanded_shortcodes|tel_in_content,Template/Boilerplate | Missing SEO Elements | Errors/Placeholders,Template/Boilerplate,"هيكل H2 مكرر على 1 مقالة، ونسبة الجمل المكررة 44%. شورت كود كيان غير مُفسَّر (أقسام ناقصة في HTML): [post_call], [post_features], [post_prices], [post_services], [post_steps]. ما زال هناك رابط اتصال هاتفي tel: داخل المحتوى."
189,post,شركة تنظيف سجاد في الرستاق,https://rukn-eltatawer.com/om/carpet-cleaning-rustaq/,carpet-cleaning-rustaq,carpet-cleaning,rustaq,2196,1189,0.459,0,20,13,1,,,,template_boilerplate|unexpanded_shortcodes|tel_in_content,Template/Boilerplate | Missing SEO Elements | Errors/Placeholders,Template/Boilerplate,"هيكل H2 مكرر على 1 مقالة، ونسبة الجمل المكررة 46%. شورت كود كيان غير مُفسَّر (أقسام ناقصة في HTML): [post_call], [post_features], [post_prices], [post_services], [post_steps]. ما زال هناك رابط اتصال هاتفي tel: داخل المحتوى."
1586,post,شركة شحن طرود سريعة في عبري,https://rukn-eltatawer.com/om/express-parcel-shipping-ibri/,express-parcel-shipping-ibri,express-parcel-shipping,ibri,2102,1207,0.426,0,20,13,1,,,,template_boilerplate|unexpanded_shortcodes|tel_in_content,Template/Boilerplate | Missing SEO Elements | Errors/Placeholders,Template/Boilerplate,"هيكل H2 مكرر على 1 مقالة، ونسبة الجمل المكررة 43%. شورت كود كيان غير مُفسَّر (أقسام ناقصة في HTML): [post_call], [post_features], [post_prices], [post_services], [post_steps]. ما زال هناك رابط اتصال هاتفي tel: داخل المحتوى."
538,post,شركة صيانة مصاعد في عبري,https://rukn-eltatawer.com/om/elevator-maintenance-ibri/,elevator-maintenance-ibri,elevator-maintenance,ibri,2010,1179,0.413,0,20,12,1,,,,template_boilerplate|unexpanded_shortcodes|tel_in_content,Template/Boilerplate | Missing SEO Elements | Errors/Placeholders,Template/Boilerplate,"هيكل H2 مكرر على 1 مقالة، ونسبة الجمل المكررة 41%. شورت كود كيان غير مُفسَّر (أقسام ناقصة في HTML): [post_call], [post_features], [post_prices], [post_services], [post_steps]. ما زال هناك رابط اتصال هاتفي tel: داخل المحتوى."
1706,post,شركة رش بويات كهربائي في عبري,https://rukn-eltatawer.com/om/electric-spray-painting-ibri/,electric-spray-painting-ibri,electric-spray-painting,ibri,2197,1383,0.371,0,20,13,1,,,,template_boilerplate|unexpanded_shortcodes|tel_in_content,Template/Boilerplate | Missing SEO Elements | Errors/Placeholders,Template/Boilerplate,"هيكل H2 مكرر على 1 مقالة، ونسبة الجمل المكررة 37%. شورت كود كيان غير مُفسَّر (أقسام ناقصة في HTML): [post_call], [post_features], [post_prices], [post_services], [post_steps]. ما زال هناك رابط اتصال هاتفي tel: داخل المحتوى."
602,post,شركة صيانة نشافات في عبري,https://rukn-eltatawer.com/om/dryer-maintenance-ibri/,dryer-maintenance-ibri,dryer-maintenance,ibri,2091,1271,0.392,0,20,13,1,,,,template_boilerplate|unexpanded_shortcodes|tel_in_content,Template/Boilerplate | Missing SEO Elements | Errors/Placeholders,Template/Boilerplate,"هيكل H2 مكرر على 1 مقالة، ونسبة الجمل المكررة 39%. شورت كود كيان غير مُفسَّر (أقسام ناقصة في HTML): [post_call], [post_features], [post_prices], [post_services], [post_steps]. ما زال هناك رابط اتصال هاتفي tel: داخل المحتوى."
994,post,شركة تركيب أبواب في عبري,https://rukn-eltatawer.com/om/doors-installation-ibri/,doors-installation-ibri,doors-installation,ibri,2048,1128,0.449,0,20,13,1,,,,template_boilerplate|unexpanded_shortcodes|tel_in_content,Template/Boilerplate | Missing SEO Elements | Errors/Placeholders,Template/Boilerplate,"هيكل H2 مكرر على 1 مقالة، ونسبة الجمل المكررة 45%. شورت كود كيان غير مُفسَّر (أقسام ناقصة في HTML): [post_call], [post_features], [post_prices], [post_services], [post_steps]. ما زال هناك رابط اتصال هاتفي tel: داخل المحتوى."
187,post,شركة تنظيف سجاد في صور,https://rukn-eltatawer.com/om/carpet-cleaning-sur/,carpet-cleaning-sur,carpet-cleaning,sur,2224,1289,0.42,0,20,13,1,,,,template_boilerplate|unexpanded_shortcodes|tel_in_content,Template/Boilerplate | Missing SEO Elements | Errors/Placeholders,Template/Boilerplate,"هيكل H2 مكرر على 1 مقالة، ونسبة الجمل المكررة 42%. شورت كود كيان غير مُفسَّر (أقسام ناقصة في HTML): [post_call], [post_features], [post_prices], [post_services], [post_steps]. ما زال هناك رابط اتصال هاتفي tel: داخل المحتوى."
1594,post,شركة شحن داخلي داخل في عبري,https://rukn-eltatawer.com/om/domestic-shipping-ibri/,domestic-shipping-ibri,domestic-shipping,ibri,2136,1292,0.395,0,20,13,1,,,,template_boilerplate|unexpanded_shortcodes|tel_in_content,Template/Boilerplate | Missing SEO Elements | Errors/Placeholders,Template/Boilerplate,"هيكل H2 مكرر على 1 مقالة، ونسبة الجمل المكررة 40%. شورت كود كيان غير مُفسَّر (أقسام ناقصة في HTML): [post_call], [post_features], [post_prices], [post_services], [post_steps]. ما زال هناك رابط اتصال هاتفي tel: داخل المحتوى."
179,post,شركة تنظيف خزانات ديزل في عبري,https://rukn-eltatawer.com/om/diesel-tank-cleaning-ibri/,diesel-tank-cleaning-ibri,diesel-tank-cleaning,ibri,2216,1233,0.444,0,20,13,1,,,,template_boilerplate|unexpanded_shortcodes|tel_in_content,Template/Boilerplate | Missing SEO Elements | Errors/Placeholders,Template/Boilerplate,"هيكل H2 مكرر على 1 مقالة، ونسبة الجمل المكررة 44%. شورت كود كيان غير مُفسَّر (أقسام ناقصة في HTML): [post_call], [post_features], [post_prices], [post_services], [post_steps]. ما زال هناك رابط اتصال هاتفي tel: داخل المحتوى."
1714,post,شركة دهانات ديكورية وتأثيرات جدارية في عبري,https://rukn-eltatawer.com/om/decorative-wall-effects-ibri/,decorative-wall-effects-ibri,decorative-wall-effects,ibri,2209,1246,0.436,0,20,13,1,,,,template_boilerplate|unexpanded_shortcodes|tel_in_content,Template/Boilerplate | Missing SEO Elements | Errors/Placeholders,Template/Boilerplate,"هيكل H2 مكرر على 1 مقالة، ونسبة الجمل المكررة 44%. شورت كود كيان غير مُفسَّر (أقسام ناقصة في HTML): [post_call], [post_features], [post_prices], [post_services], [post_steps]. ما زال هناك رابط اتصال هاتفي tel: داخل المحتوى."
1098,post,شركة تصميم وتنفيذ ديكورات في عبري,https://rukn-eltatawer.com/om/decor-design-ibri/,decor-design-ibri,decor-design,ibri,2178,1122,0.485,0,20,13,1,,,,template_boilerplate|unexpanded_shortcodes|tel_in_content,Template/Boilerplate | Missing SEO Elements | Errors/Placeholders,Template/Boilerplate,"هيكل H2 مكرر على 1 مقالة، ونسبة الجمل المكررة 48%. شورت كود كيان غير مُفسَّر (أقسام ناقصة في HTML): [post_call], [post_features], [post_prices], [post_services], [post_steps]. ما زال هناك رابط اتصال هاتفي tel: داخل المحتوى."
215,post,شركة تنظيف ستائر في عبري,https://rukn-eltatawer.com/om/curtain-cleaning-ibri/,curtain-cleaning-ibri,curtain-cleaning,ibri,2133,1171,0.451,0,20,13,1,,,,template_boilerplate|unexpanded_shortcodes|tel_in_content,Template/Boilerplate | Missing SEO Elements | Errors/Placeholders,Template/Boilerplate,"هيكل H2 مكرر على 1 مقالة، ونسبة الجمل المكررة 45%. شورت كود كيان غير مُفسَّر (أقسام ناقصة في HTML): [post_call], [post_features], [post_prices], [post_services], [post_steps]. ما زال هناك رابط اتصال هاتفي tel: داخل المحتوى."
186,post,شركة تنظيف سجاد في نزوى,https://rukn-eltatawer.com/om/carpet-cleaning-nizwa/,carpet-cleaning-nizwa,carpet-cleaning,nizwa,2194,1072,0.511,0,20,13,1,,,,template_boilerplate|unexpanded_shortcodes|tel_in_content,Template/Boilerplate | Missing SEO Elements | Errors/Placeholders,Template/Boilerplate,"هيكل H2 مكرر على 1 مقالة، ونسبة الجمل المكررة 51%. شورت كود كيان غير مُفسَّر (أقسام ناقصة في HTML): [post_call], [post_features], [post_prices], [post_services], [post_steps]. ما زال هناك رابط اتصال هاتفي tel: داخل المحتوى."
1450,post,شركة التعقيم بالكلور في عبري,https://rukn-eltatawer.com/om/chlorine-disinfection-ibri/,chlorine-disinfection-ibri,chlorine-disinfection,ibri,2161,1187,0.451,0,20,13,1,,,,template_boilerplate|unexpanded_shortcodes|tel_in_content,Template/Boilerplate | Missing SEO Elements | Errors/Placeholders,Template/Boilerplate,"هيكل H2 مكرر على 1 مقالة، ونسبة الجمل المكررة 45%. شورت كود كيان غير مُفسَّر (أقسام ناقصة في HTML): [post_call], [post_features], [post_prices], [post_services], [post_steps]. ما زال هناك رابط اتصال هاتفي tel: داخل المحتوى."
882,post,شركة تركيب سيراميك وبورسلين في عبري,https://rukn-eltatawer.com/om/ceramic-porcelain-ibri/,ceramic-porcelain-ibri,ceramic-porcelain,ibri,2061,1208,0.414,0,20,13,1,https://rukn-eltatawer.com/om/indoor-outdoor-lighting-installation-nizwa/,cross-service-duplicate,8,template_boilerplate|duplicate_similar|unexpanded_shortcodes|tel_in_content,Template/Boilerplate | Duplicate/Similar | Missing SEO Elements | Errors/Placeholders,Template/Boilerplate,"هيكل H2 مكرر على 1 مقالة، ونسبة الجمل المكررة 41%. تشابه مرتفع (hamming=8, cross-service-duplicate) مع https://rukn-eltatawer.com/om/indoor-outdoor-lighting-installation-nizwa/. شورت كود كيان غير مُفسَّر (أقسام ناقصة في HTML): [post_call], [post_features], [post_prices], [post_services], [post_steps]. ما زال هناك رابط اتصال هاتفي tel: داخل المحتوى."
1842,post,شركة تركيب وصيانة سخانات مركزية في عبري,https://rukn-eltatawer.com/om/central-heater-installation-maintenance-ibri/,central-heater-installation-maintenance-ibri,central-heater-installation-maintenance,ibri,2141,1401,0.346,0,20,13,1,,,,unexpanded_shortcodes|tel_in_content,Missing SEO Elements | Errors/Placeholders,Missing SEO Elements,"شورت كود كيان غير مُفسَّر (أقسام ناقصة في HTML): [post_call], [post_features], [post_prices], [post_services], [post_steps]. ما زال هناك رابط اتصال هاتفي tel: داخل المحتوى."
1482,post,نجار أثاث في عبري,https://rukn-eltatawer.com/om/carpenter-ibri/,carpenter-ibri,carpenter,ibri,2039,1210,0.407,0,20,13,1,,,,template_boilerplate|unexpanded_shortcodes|tel_in_content,Template/Boilerplate | Missing SEO Elements | Errors/Placeholders,Template/Boilerplate,"هيكل H2 مكرر على 1 مقالة، ونسبة الجمل المكررة 41%. شورت كود كيان غير مُفسَّر (أقسام ناقصة في HTML): [post_call], [post_features], [post_prices], [post_services], [post_steps]. ما زال هناك رابط اتصال هاتفي tel: داخل المحتوى."
1562,post,شركة شحن بضائع في عبري,https://rukn-eltatawer.com/om/cargo-shipping-ibri/,cargo-shipping-ibri,cargo-shipping,ibri,2091,1292,0.382,0,20,13,1,,,,template_boilerplate|unexpanded_shortcodes|tel_in_content,Template/Boilerplate | Missing SEO Elements | Errors/Placeholders,Template/Boilerplate,"هيكل H2 مكرر على 1 مقالة، ونسبة الجمل المكررة 38%. شورت كود كيان غير مُفسَّر (أقسام ناقصة في HTML): [post_call], [post_features], [post_prices], [post_services], [post_steps]. ما زال هناك رابط اتصال هاتفي tel: داخل المحتوى."
1578,post,شركة شحن سيارات في عبري,https://rukn-eltatawer.com/om/car-shipping-ibri/,car-shipping-ibri,car-shipping,ibri,2065,1282,0.379,0,20,13,1,,,,template_boilerplate|unexpanded_shortcodes|tel_in_content,Template/Boilerplate | Missing SEO Elements | Errors/Placeholders,Template/Boilerplate,"هيكل H2 مكرر على 1 مقالة، ونسبة الجمل المكررة 38%. شورت كود كيان غير مُفسَّر (أقسام ناقصة في HTML): [post_call], [post_features], [post_prices], [post_services], [post_steps]. ما زال هناك رابط اتصال هاتفي tel: داخل المحتوى."
185,post,شركة تنظيف سجاد في صحار,https://rukn-eltatawer.com/om/carpet-cleaning-sohar/,carpet-cleaning-sohar,carpet-cleaning,sohar,2215,1266,0.428,0,20,13,1,,,,template_boilerplate|unexpanded_shortcodes|tel_in_content,Template/Boilerplate | Missing SEO Elements | Errors/Placeholders,Template/Boilerplate,"هيكل H2 مكرر على 1 مقالة، ونسبة الجمل المكررة 43%. شورت كود كيان غير مُفسَّر (أقسام ناقصة في HTML): [post_call], [post_features], [post_prices], [post_services], [post_steps]. ما زال هناك رابط اتصال هاتفي tel: داخل المحتوى."
866,post,شركة تركيب طابوق في عبري,https://rukn-eltatawer.com/om/brickwork-ibri/,brickwork-ibri,brickwork,ibri,1952,1162,0.405,0,20,13,1,,,,template_boilerplate|unexpanded_shortcodes|tel_in_content,Template/Boilerplate | Missing SEO Elements | Errors/Placeholders,Template/Boilerplate,"هيكل H2 مكرر على 1 مقالة، ونسبة الجمل المكررة 40%. شورت كود كيان غير مُفسَّر (أقسام ناقصة في HTML): [post_call], [post_features], [post_prices], [post_services], [post_steps]. ما زال هناك رابط اتصال هاتفي tel: داخل المحتوى."
1074,post,شركة بناء أسوار طابوق في عبري,https://rukn-eltatawer.com/om/block-fences-ibri/,block-fences-ibri,block-fences,ibri,2013,1189,0.409,0,20,13,1,,,,template_boilerplate|unexpanded_shortcodes|tel_in_content,Template/Boilerplate | Missing SEO Elements | Errors/Placeholders,Template/Boilerplate,"هيكل H2 مكرر على 1 مقالة، ونسبة الجمل المكررة 41%. شورت كود كيان غير مُفسَّر (أقسام ناقصة في HTML): [post_call], [post_features], [post_prices], [post_services], [post_steps]. ما زال هناك رابط اتصال هاتفي tel: داخل المحتوى."
1490,post,حداد أبواب ونوافذ في عبري,https://rukn-eltatawer.com/om/blacksmith-doors-windows-ibri/,blacksmith-doors-windows-ibri,blacksmith-doors-windows,ibri,2047,1270,0.38,0,20,13,1,https://rukn-eltatawer.com/om/blacksmith-doors-windows-rustaq/,city-variant-template,5,template_boilerplate|duplicate_similar|unexpanded_shortcodes|tel_in_content,Template/Boilerplate | Duplicate/Similar | Missing SEO Elements | Errors/Placeholders,Template/Boilerplate,"هيكل H2 مكرر على 1 مقالة، ونسبة الجمل المكررة 38%. تشابه مرتفع (hamming=5, city-variant-template) مع https://rukn-eltatawer.com/om/blacksmith-doors-windows-rustaq/. شورت كود كيان غير مُفسَّر (أقسام ناقصة في HTML): [post_call], [post_features], [post_prices], [post_services], [post_steps]. ما زال هناك رابط اتصال هاتفي tel: داخل المحتوى."
1434,post,شركة تركيب أجهزة صوتية لطرد الطيور في عبري,https://rukn-eltatawer.com/om/bird-sound-device-ibri/,bird-sound-device-ibri,bird-sound-device,ibri,2318,1537,0.337,0,20,13,1,,,,unexpanded_shortcodes|tel_in_content,Missing SEO Elements | Errors/Placeholders,Missing SEO Elements,"شورت كود كيان غير مُفسَّر (أقسام ناقصة في HTML): [post_call], [post_features], [post_prices], [post_services], [post_steps]. ما زال هناك رابط اتصال هاتفي tel: داخل المحتوى."
1402,post,شركة مكافحة الطيور في عبري,https://rukn-eltatawer.com/om/bird-control-ibri/,bird-control-ibri,bird-control,ibri,2178,1389,0.362,0,20,13,1,,,,template_boilerplate|unexpanded_shortcodes|tel_in_content,Template/Boilerplate | Missing SEO Elements | Errors/Placeholders,Template/Boilerplate,"هيكل H2 مكرر على 1 مقالة، ونسبة الجمل المكررة 36%. شورت كود كيان غير مُفسَّر (أقسام ناقصة في HTML): [post_call], [post_features], [post_prices], [post_services], [post_steps]. ما زال هناك رابط اتصال هاتفي tel: داخل المحتوى."
184,post,شركة تنظيف سجاد في صلالة,https://rukn-eltatawer.com/om/carpet-cleaning-salalah/,carpet-cleaning-salalah,carpet-cleaning,salalah,2276,1323,0.419,0,20,13,1,,,,template_boilerplate|unexpanded_shortcodes|tel_in_content,Template/Boilerplate | Missing SEO Elements | Errors/Placeholders,Template/Boilerplate,"هيكل H2 مكرر على 1 مقالة، ونسبة الجمل المكررة 42%. شورت كود كيان غير مُفسَّر (أقسام ناقصة في HTML): [post_call], [post_features], [post_prices], [post_services], [post_steps]. ما زال هناك رابط اتصال هاتفي tel: داخل المحتوى."
1162,post,شركة تركيب شبكات ري أوتوماتيكية في عبري,https://rukn-eltatawer.com/om/automatic-irrigation-ibri/,automatic-irrigation-ibri,automatic-irrigation,ibri,2221,1300,0.415,0,20,13,1,,,,template_boilerplate|unexpanded_shortcodes|tel_in_content,Template/Boilerplate | Missing SEO Elements | Errors/Placeholders,Template/Boilerplate,"هيكل H2 مكرر على 1 مقالة، ونسبة الجمل المكررة 42%. شورت كود كيان غير مُفسَّر (أقسام ناقصة في HTML): [post_call], [post_features], [post_prices], [post_services], [post_steps]. ما زال هناك رابط اتصال هاتفي tel: داخل المحتوى."
554,post,شركة صيانة أبواب أوتوماتيكية في عبري,https://rukn-eltatawer.com/om/automatic-doors-maintenance-ibri/,automatic-doors-maintenance-ibri,automatic-doors-maintenance,ibri,1996,1166,0.416,0,20,12,1,,,,template_boilerplate|unexpanded_shortcodes|tel_in_content,Template/Boilerplate | Missing SEO Elements | Errors/Placeholders,Template/Boilerplate,"هيكل H2 مكرر على 1 مقالة، ونسبة الجمل المكررة 42%. شورت كود كيان غير مُفسَّر (أقسام ناقصة في HTML): [post_call], [post_features], [post_prices], [post_services], [post_steps]. ما زال هناك رابط اتصال هاتفي tel: داخل المحتوى."
1218,post,شركة تركيب شلالات اصطناعية في عبري,https://rukn-eltatawer.com/om/artificial-waterfall-ibri/,artificial-waterfall-ibri,artificial-waterfall,ibri,2088,1374,0.342,0,20,13,1,,,,unexpanded_shortcodes|tel_in_content,Missing SEO Elements | Errors/Placeholders,Missing SEO Elements,"شورت كود كيان غير مُفسَّر (أقسام ناقصة في HTML): [post_call], [post_features], [post_prices], [post_services], [post_steps]. ما زال هناك رابط اتصال هاتفي tel: داخل المحتوى."
1018,post,شركة تركيب عشب صناعي في عبري,https://rukn-eltatawer.com/om/artificial-grass-ibri/,artificial-grass-ibri,artificial-grass,ibri,2136,1179,0.448,0,20,13,1,,,,template_boilerplate|unexpanded_shortcodes|tel_in_content,Template/Boilerplate | Missing SEO Elements | Errors/Placeholders,Template/Boilerplate,"هيكل H2 مكرر على 1 مقالة، ونسبة الجمل المكررة 45%. شورت كود كيان غير مُفسَّر (أقسام ناقصة في HTML): [post_call], [post_features], [post_prices], [post_services], [post_steps]. ما زال هناك رابط اتصال هاتفي tel: داخل المحتوى."
578,post,شركة صيانة الأجهزة الكهربائية في عبري,https://rukn-eltatawer.com/om/appliance-maintenance-ibri/,appliance-maintenance-ibri,appliance-maintenance,ibri,2150,1380,0.358,0,20,13,1,,,,template_boilerplate|unexpanded_shortcodes|tel_in_content,Template/Boilerplate | Missing SEO Elements | Errors/Placeholders,Template/Boilerplate,"هيكل H2 مكرر على 1 مقالة، ونسبة الجمل المكررة 36%. شورت كود كيان غير مُفسَّر (أقسام ناقصة في HTML): [post_call], [post_features], [post_prices], [post_services], [post_steps]. ما زال هناك رابط اتصال هاتفي tel: داخل المحتوى."
183,post,شركة تنظيف سجاد في مسقط,https://rukn-eltatawer.com/om/carpet-cleaning-muscat/,carpet-cleaning-muscat,carpet-cleaning,muscat,2300,1340,0.417,0,20,13,1,,,,template_boilerplate|unexpanded_shortcodes|tel_in_content,Template/Boilerplate | Missing SEO Elements | Errors/Placeholders,Template/Boilerplate,"هيكل H2 مكرر على 1 مقالة، ونسبة الجمل المكررة 42%. شورت كود كيان غير مُفسَّر (أقسام ناقصة في HTML): [post_call], [post_features], [post_prices], [post_services], [post_steps]. ما زال هناك رابط اتصال هاتفي tel: داخل المحتوى."
1034,post,شركة بناء ملاحق في عبري,https://rukn-eltatawer.com/om/annex-building-ibri/,annex-building-ibri,annex-building,ibri,1979,1127,0.431,0,20,13,1,,,,template_boilerplate|unexpanded_shortcodes|tel_in_content,Template/Boilerplate | Missing SEO Elements | Errors/Placeholders,Template/Boilerplate,"هيكل H2 مكرر على 1 مقالة، ونسبة الجمل المكررة 43%. شورت كود كيان غير مُفسَّر (أقسام ناقصة في HTML): [post_call], [post_features], [post_prices], [post_services], [post_steps]. ما زال هناك رابط اتصال هاتفي tel: داخل المحتوى."
682,post,شركة تركيب وصيانة أنظمة تنقية الهواء في عبري,https://rukn-eltatawer.com/om/air-purification-ibri/,air-purification-ibri,air-purification,ibri,2270,1367,0.398,0,20,13,1,,,,template_boilerplate|unexpanded_shortcodes|tel_in_content|structural_error,Template/Boilerplate | Missing SEO Elements | Errors/Placeholders,Template/Boilerplate,"هيكل H2 مكرر على 1 مقالة، ونسبة الجمل المكررة 40%. شورت كود كيان غير مُفسَّر (أقسام ناقصة في HTML): [post_call], [post_features], [post_prices], [post_services], [post_steps]. ما زال هناك رابط اتصال هاتفي tel: داخل المحتوى. فقرتان متتاليتان متطابقتان."
1618,post,شركة شحن دولي جوي في عبري,https://rukn-eltatawer.com/om/air-freight-ibri/,air-freight-ibri,air-freight,ibri,2142,1311,0.388,0,20,13,1,,,,template_boilerplate|unexpanded_shortcodes|tel_in_content,Template/Boilerplate | Missing SEO Elements | Errors/Placeholders,Template/Boilerplate,"هيكل H2 مكرر على 1 مقالة، ونسبة الجمل المكررة 39%. شورت كود كيان غير مُفسَّر (أقسام ناقصة في HTML): [post_call], [post_features], [post_prices], [post_services], [post_steps]. ما زال هناك رابط اتصال هاتفي tel: داخل المحتوى."
1203,post,شركة تركيب عرائش خشبية في الرستاق,https://rukn-eltatawer.com/om/wooden-arbor-installation-rustaq/,wooden-arbor-installation-rustaq,wooden-arbor-installation,rustaq,2195,1155,0.474,0,20,13,1,,,,template_boilerplate|unexpanded_shortcodes|tel_in_content,Template/Boilerplate | Missing SEO Elements | Errors/Placeholders,Template/Boilerplate,"هيكل H2 مكرر على 1 مقالة، ونسبة الجمل المكررة 47%. شورت كود كيان غير مُفسَّر (أقسام ناقصة في HTML): [post_call], [post_features], [post_prices], [post_services], [post_steps]. ما زال هناك رابط اتصال هاتفي tel: داخل المحتوى."
1723,post,شركة دهان أبواب وشبابيك خشبية في الرستاق,https://rukn-eltatawer.com/om/wood-doors-windows-painting-rustaq/,wood-doors-windows-painting-rustaq,wood-doors-windows-painting,rustaq,2256,1288,0.429,0,20,13,1,,,,template_boilerplate|unexpanded_shortcodes|tel_in_content,Template/Boilerplate | Missing SEO Elements | Errors/Placeholders,Template/Boilerplate,"هيكل H2 مكرر على 1 مقالة، ونسبة الجمل المكررة 43%. شورت كود كيان غير مُفسَّر (أقسام ناقصة في HTML): [post_call], [post_features], [post_prices], [post_services], [post_steps]. ما زال هناك رابط اتصال هاتفي tel: داخل المحتوى."
154,post,شركة تنظيف مطابخ في البريمي,https://rukn-eltatawer.com/om/kitchen-cleaning-al-buraimi/,kitchen-cleaning-al-buraimi,kitchen-cleaning,al-buraimi,2177,1102,0.494,0,20,13,1,,,,template_boilerplate|unexpanded_shortcodes|tel_in_content,Template/Boilerplate | Missing SEO Elements | Errors/Placeholders,Template/Boilerplate,"هيكل H2 مكرر على 1 مقالة، ونسبة الجمل المكررة 49%. شورت كود كيان غير مُفسَّر (أقسام ناقصة في HTML): [post_call], [post_features], [post_prices], [post_services], [post_steps]. ما زال هناك رابط اتصال هاتفي tel: داخل المحتوى."
1003,post,شركة تركيب شبابيك في الرستاق,https://rukn-eltatawer.com/om/windows-installation-rustaq/,windows-installation-rustaq,windows-installation,rustaq,2098,1313,0.374,0,20,13,1,,,,template_boilerplate|unexpanded_shortcodes|tel_in_content|structural_error,Template/Boilerplate | Missing SEO Elements | Errors/Placeholders,Template/Boilerplate,"هيكل H2 مكرر على 1 مقالة، ونسبة الجمل المكررة 37%. شورت كود كيان غير مُفسَّر (أقسام ناقصة في HTML): [post_call], [post_features], [post_prices], [post_services], [post_steps]. ما زال هناك رابط اتصال هاتفي tel: داخل المحتوى. فقرتان متتاليتان متطابقتان."
627,post,شركة صيانة مبردات مياه في الرستاق,https://rukn-eltatawer.com/om/water-cooler-maintenance-rustaq/,water-cooler-maintenance-rustaq,water-cooler-maintenance,rustaq,2121,1315,0.38,0,20,13,1,https://rukn-eltatawer.com/om/window-ac-installation-al-buraimi/,cross-service-duplicate,8,template_boilerplate|duplicate_similar|unexpanded_shortcodes|tel_in_content,Template/Boilerplate | Duplicate/Similar | Missing SEO Elements | Errors/Placeholders,Template/Boilerplate,"هيكل H2 مكرر على 1 مقالة، ونسبة الجمل المكررة 38%. تشابه مرتفع (hamming=8, cross-service-duplicate) مع https://rukn-eltatawer.com/om/window-ac-installation-al-buraimi/. شورت كود كيان غير مُفسَّر (أقسام ناقصة في HTML): [post_call], [post_features], [post_prices], [post_services], [post_steps]. ما زال هناك رابط اتصال هاتفي tel: داخل المحتوى."
595,post,شركة صيانة غسالات في الرستاق,https://rukn-eltatawer.com/om/washer-maintenance-rustaq/,washer-maintenance-rustaq,washer-maintenance,rustaq,2091,1317,0.37,0,20,13,1,,,,template_boilerplate|unexpanded_shortcodes|tel_in_content,Template/Boilerplate | Missing SEO Elements | Errors/Placeholders,Template/Boilerplate,"هيكل H2 مكرر على 1 مقالة، ونسبة الجمل المكررة 37%. شورت كود كيان غير مُفسَّر (أقسام ناقصة في HTML): [post_call], [post_features], [post_prices], [post_services], [post_steps]. ما زال هناك رابط اتصال هاتفي tel: داخل المحتوى."
947,post,شركة تركيب ورق جدران في الرستاق,https://rukn-eltatawer.com/om/wallpaper-rustaq/,wallpaper-rustaq,wallpaper,rustaq,2195,1118,0.491,0,20,13,1,,,,template_boilerplate|unexpanded_shortcodes|tel_in_content,Template/Boilerplate | Missing SEO Elements | Errors/Placeholders,Template/Boilerplate,"هيكل H2 مكرر على 1 مقالة، ونسبة الجمل المكررة 49%. شورت كود كيان غير مُفسَّر (أقسام ناقصة في HTML): [post_call], [post_features], [post_prices], [post_services], [post_steps]. ما زال هناك رابط اتصال هاتفي tel: داخل المحتوى."
1651,post,شركة تركيب ورق حائط في الرستاق,https://rukn-eltatawer.com/om/wallpaper-installation-rustaq/,wallpaper-installation-rustaq,wallpaper-installation,rustaq,2197,1105,0.497,0,20,13,1,,,,template_boilerplate|unexpanded_shortcodes|tel_in_content,Template/Boilerplate | Missing SEO Elements | Errors/Placeholders,Template/Boilerplate,"هيكل H2 مكرر على 1 مقالة، ونسبة الجمل المكررة 50%. شورت كود كيان غير مُفسَّر (أقسام ناقصة في HTML): [post_call], [post_features], [post_prices], [post_services], [post_steps]. ما زال هناك رابط اتصال هاتفي tel: داخل المحتوى."
152,post,شركة تنظيف مطابخ في عبري,https://rukn-eltatawer.com/om/kitchen-cleaning-ibri/,kitchen-cleaning-ibri,kitchen-cleaning,ibri,2160,1296,0.4,0,20,13,1,,,,template_boilerplate|unexpanded_shortcodes|tel_in_content,Template/Boilerplate | Missing SEO Elements | Errors/Placeholders,Template/Boilerplate,"هيكل H2 مكرر على 1 مقالة، ونسبة الجمل المكررة 40%. شورت كود كيان غير مُفسَّر (أقسام ناقصة في HTML): [post_call], [post_features], [post_prices], [post_services], [post_steps]. ما زال هناك رابط اتصال هاتفي tel: داخل المحتوى."
1179,post,شركة تركيب عشب جداري في الرستاق,https://rukn-eltatawer.com/om/wall-grass-rustaq/,wall-grass-rustaq,wall-grass,rustaq,2204,1206,0.453,0,20,13,1,,,,template_boilerplate|unexpanded_shortcodes|tel_in_content,Template/Boilerplate | Missing SEO Elements | Errors/Placeholders,Template/Boilerplate,"هيكل H2 مكرر على 1 مقالة، ونسبة الجمل المكررة 45%. شورت كود كيان غير مُفسَّر (أقسام ناقصة في HTML): [post_call], [post_features], [post_prices], [post_services], [post_steps]. ما زال هناك رابط اتصال هاتفي tel: داخل المحتوى."
1227,post,شركة تركيب نوافير جدارية في الرستاق,https://rukn-eltatawer.com/om/wall-fountain-rustaq/,wall-fountain-rustaq,wall-fountain,rustaq,2173,1202,0.447,0,20,13,1,,,,template_boilerplate|unexpanded_shortcodes|tel_in_content,Template/Boilerplate | Missing SEO Elements | Errors/Placeholders,Template/Boilerplate,"هيكل H2 مكرر على 1 مقالة، ونسبة الجمل المكررة 45%. شورت كود كيان غير مُفسَّر (أقسام ناقصة في HTML): [post_call], [post_features], [post_prices], [post_services], [post_steps]. ما زال هناك رابط اتصال هاتفي tel: داخل المحتوى."
923,post,شركة تركيب فوم للجدران في الرستاق,https://rukn-eltatawer.com/om/wall-foam-rustaq/,wall-foam-rustaq,wall-foam,rustaq,2212,1216,0.45,0,20,13,1,,,,template_boilerplate|unexpanded_shortcodes|tel_in_content,Template/Boilerplate | Missing SEO Elements | Errors/Placeholders,Template/Boilerplate,"هيكل H2 مكرر على 1 مقالة، ونسبة الجمل المكررة 45%. شورت كود كيان غير مُفسَّر (أقسام ناقصة في HTML): [post_call], [post_features], [post_prices], [post_services], [post_steps]. ما زال هناك رابط اتصال هاتفي tel: داخل المحتوى."
899,post,شركة تركيب أرضيات فينيل في الرستاق,https://rukn-eltatawer.com/om/vinyl-flooring-rustaq/,vinyl-flooring-rustaq,vinyl-flooring,rustaq,2082,1231,0.409,0,20,13,1,,,,template_boilerplate|unexpanded_shortcodes|tel_in_content,Template/Boilerplate | Missing SEO Elements | Errors/Placeholders,Template/Boilerplate,"هيكل H2 مكرر على 1 مقالة، ونسبة الجمل المكررة 41%. شورت كود كيان غير مُفسَّر (أقسام ناقصة في HTML): [post_call], [post_features], [post_prices], [post_services], [post_steps]. ما زال هناك رابط اتصال هاتفي tel: داخل المحتوى."
635,post,شركة صيانة مكانس كهربائية في الرستاق,https://rukn-eltatawer.com/om/vacuum-maintenance-rustaq/,vacuum-maintenance-rustaq,vacuum-maintenance,rustaq,2104,1238,0.412,0,20,13,1,,,,template_boilerplate|unexpanded_shortcodes|tel_in_content,Template/Boilerplate | Missing SEO Elements | Errors/Placeholders,Template/Boilerplate,"هيكل H2 مكرر على 1 مقالة، ونسبة الجمل المكررة 41%. شورت كود كيان غير مُفسَّر (أقسام ناقصة في HTML): [post_call], [post_features], [post_prices], [post_services], [post_steps]. ما زال هناك رابط اتصال هاتفي tel: داخل المحتوى."
153,post,شركة تنظيف مطابخ في الرستاق,https://rukn-eltatawer.com/om/kitchen-cleaning-rustaq/,kitchen-cleaning-rustaq,kitchen-cleaning,rustaq,2231,1313,0.411,0,20,13,1,,,,template_boilerplate|unexpanded_shortcodes|tel_in_content,Template/Boilerplate | Missing SEO Elements | Errors/Placeholders,Template/Boilerplate,"هيكل H2 مكرر على 1 مقالة، ونسبة الجمل المكررة 41%. شورت كود كيان غير مُفسَّر (أقسام ناقصة في HTML): [post_call], [post_features], [post_prices], [post_services], [post_steps]. ما زال هناك رابط اتصال هاتفي tel: داخل المحتوى."
1268,post,شركة تغليف أثاث احترافي في البريمي,https://rukn-eltatawer.com/om/furniture-packaging-al-buraimi/,furniture-packaging-al-buraimi,furniture-packaging,al-buraimi,2111,1318,0.376,0,20,13,1,,,,template_boilerplate|unexpanded_shortcodes|tel_in_content,Template/Boilerplate | Missing SEO Elements | Errors/Placeholders,Template/Boilerplate,"هيكل H2 مكرر على 1 مقالة، ونسبة الجمل المكررة 38%. شورت كود كيان غير مُفسَّر (أقسام ناقصة في HTML): [post_call], [post_features], [post_prices], [post_services], [post_steps]. ما زال هناك رابط اتصال هاتفي tel: داخل المحتوى."
1252,post,شركة نقل عفش مع التغليف في البريمي,https://rukn-eltatawer.com/om/furniture-moving-packaging-al-buraimi/,furniture-moving-packaging-al-buraimi,furniture-moving-packaging,al-buraimi,2177,1391,0.361,0,20,13,1,,,,template_boilerplate|unexpanded_shortcodes|tel_in_content,Template/Boilerplate | Missing SEO Elements | Errors/Placeholders,Template/Boilerplate,"هيكل H2 مكرر على 1 مقالة، ونسبة الجمل المكررة 36%. شورت كود كيان غير مُفسَّر (أقسام ناقصة في HTML): [post_call], [post_features], [post_prices], [post_services], [post_steps]. ما زال هناك رابط اتصال هاتفي tel: داخل المحتوى."
1276,post,شركة تركيب وفك الأثاث في البريمي,https://rukn-eltatawer.com/om/furniture-assembly-al-buraimi/,furniture-assembly-al-buraimi,furniture-assembly,al-buraimi,2069,1187,0.426,0,20,13,1,,,,template_boilerplate|unexpanded_shortcodes|tel_in_content,Template/Boilerplate | Missing SEO Elements | Errors/Placeholders,Template/Boilerplate,"هيكل H2 مكرر على 1 مقالة، ونسبة الجمل المكررة 43%. شورت كود كيان غير مُفسَّر (أقسام ناقصة في HTML): [post_call], [post_features], [post_prices], [post_services], [post_steps]. ما زال هناك رابط اتصال هاتفي tel: داخل المحتوى."
588,post,شركة صيانة ثلاجات في البريمي,https://rukn-eltatawer.com/om/fridge-maintenance-al-buraimi/,fridge-maintenance-al-buraimi,fridge-maintenance,al-buraimi,2068,1229,0.406,0,20,13,1,https://rukn-eltatawer.com/om/microwave-maintenance-sohar/,cross-service-duplicate,5,template_boilerplate|duplicate_similar|unexpanded_shortcodes|tel_in_content,Template/Boilerplate | Duplicate/Similar | Missing SEO Elements | Errors/Placeholders,Template/Boilerplate,"هيكل H2 مكرر على 1 مقالة، ونسبة الجمل المكررة 41%. تشابه مرتفع (hamming=5, cross-service-duplicate) مع https://rukn-eltatawer.com/om/microwave-maintenance-sohar/. شورت كود كيان غير مُفسَّر (أقسام ناقصة في HTML): [post_call], [post_features], [post_prices], [post_services], [post_steps]. ما زال هناك رابط اتصال هاتفي tel: داخل المحتوى."
475,post,شركة تنظيف المداخن والشفاطات في الرستاق,https://rukn-eltatawer.com/om/chimney-cleaning-rustaq/,chimney-cleaning-rustaq,chimney-cleaning,rustaq,2203,1184,0.463,0,20,13,1,,,,template_boilerplate|unexpanded_shortcodes|tel_in_content|missing_meta,Template/Boilerplate | Missing SEO Elements | Errors/Placeholders,Template/Boilerplate,"هيكل H2 مكرر على 1 مقالة، ونسبة الجمل المكررة 46%. شورت كود كيان غير مُفسَّر (أقسام ناقصة في HTML): [post_call], [post_features], [post_prices], [post_services], [post_steps]. ما زال هناك رابط اتصال هاتفي tel: داخل المحتوى. صورة بارزة مفقودة أو مكررة (id=246)."
956,post,شركة تركيب سجاد أرضيات في البريمي,https://rukn-eltatawer.com/om/floor-carpeting-al-buraimi/,floor-carpeting-al-buraimi,floor-carpeting,al-buraimi,2136,1401,0.344,0,20,13,1,,,,unexpanded_shortcodes|tel_in_content,Missing SEO Elements | Errors/Placeholders,Missing SEO Elements,"شورت كود كيان غير مُفسَّر (أقسام ناقصة في HTML): [post_call], [post_features], [post_prices], [post_services], [post_steps]. ما زال هناك رابط اتصال هاتفي tel: داخل المحتوى."
1388,post,شركة مكافحة البراغيث في البريمي,https://rukn-eltatawer.com/om/flea-control-al-buraimi/,flea-control-al-buraimi,flea-control,al-buraimi,2205,1353,0.386,0,20,13,1,,,,template_boilerplate|unexpanded_shortcodes|tel_in_content,Template/Boilerplate | Missing SEO Elements | Errors/Placeholders,Template/Boilerplate,"هيكل H2 مكرر على 1 مقالة، ونسبة الجمل المكررة 39%. شورت كود كيان غير مُفسَّر (أقسام ناقصة في HTML): [post_call], [post_features], [post_prices], [post_services], [post_steps]. ما زال هناك رابط اتصال هاتفي tel: داخل المحتوى."
940,post,شركة تركيب أسقف جبسية / فورسيلنج في البريمي,https://rukn-eltatawer.com/om/false-ceiling-al-buraimi/,false-ceiling-al-buraimi,false-ceiling,al-buraimi,2244,1280,0.43,0,20,13,1,https://rukn-eltatawer.com/om/furniture-assembly-sohar/,cross-service-duplicate,8,template_boilerplate|duplicate_similar|unexpanded_shortcodes|tel_in_content,Template/Boilerplate | Duplicate/Similar | Missing SEO Elements | Errors/Placeholders,Template/Boilerplate,"هيكل H2 مكرر على 1 مقالة، ونسبة الجمل المكررة 43%. تشابه مرتفع (hamming=8, cross-service-duplicate) مع https://rukn-eltatawer.com/om/furniture-assembly-sohar/. شورت كود كيان غير مُفسَّر (أقسام ناقصة في HTML): [post_call], [post_features], [post_prices], [post_services], [post_steps]. ما زال هناك رابط اتصال هاتفي tel: داخل المحتوى."
1588,post,شركة شحن طرود سريعة في البريمي,https://rukn-eltatawer.com/om/express-parcel-shipping-al-buraimi/,express-parcel-shipping-al-buraimi,express-parcel-shipping,al-buraimi,2103,1280,0.391,0,20,13,1,,,,template_boilerplate|unexpanded_shortcodes|tel_in_content,Template/Boilerplate | Missing SEO Elements | Errors/Placeholders,Template/Boilerplate,"هيكل H2 مكرر على 1 مقالة، ونسبة الجمل المكررة 39%. شورت كود كيان غير مُفسَّر (أقسام ناقصة في HTML): [post_call], [post_features], [post_prices], [post_services], [post_steps]. ما زال هناك رابط اتصال هاتفي tel: داخل المحتوى."
540,post,شركة صيانة مصاعد في البريمي,https://rukn-eltatawer.com/om/elevator-maintenance-al-buraimi/,elevator-maintenance-al-buraimi,elevator-maintenance,al-buraimi,2011,1234,0.386,0,20,12,1,,,,template_boilerplate|unexpanded_shortcodes|tel_in_content,Template/Boilerplate | Missing SEO Elements | Errors/Placeholders,Template/Boilerplate,"هيكل H2 مكرر على 1 مقالة، ونسبة الجمل المكررة 39%. شورت كود كيان غير مُفسَّر (أقسام ناقصة في HTML): [post_call], [post_features], [post_prices], [post_services], [post_steps]. ما زال هناك رابط اتصال هاتفي tel: داخل المحتوى."
473,post,شركة تنظيف المداخن والشفاطات في صور,https://rukn-eltatawer.com/om/chimney-cleaning-sur/,chimney-cleaning-sur,chimney-cleaning,sur,2234,1269,0.432,0,20,13,1,,,,template_boilerplate|unexpanded_shortcodes|tel_in_content|missing_meta,Template/Boilerplate | Missing SEO Elements | Errors/Placeholders,Template/Boilerplate,"هيكل H2 مكرر على 1 مقالة، ونسبة الجمل المكررة 43%. شورت كود كيان غير مُفسَّر (أقسام ناقصة في HTML): [post_call], [post_features], [post_prices], [post_services], [post_steps]. ما زال هناك رابط اتصال هاتفي tel: داخل المحتوى. صورة بارزة مفقودة أو مكررة (id=246)."
1708,post,شركة رش بويات كهربائي في البريمي,https://rukn-eltatawer.com/om/electric-spray-painting-al-buraimi/,electric-spray-painting-al-buraimi,electric-spray-painting,al-buraimi,2218,1325,0.403,0,20,13,1,,,,template_boilerplate|unexpanded_shortcodes|tel_in_content,Template/Boilerplate | Missing SEO Elements | Errors/Placeholders,Template/Boilerplate,"هيكل H2 مكرر على 1 مقالة، ونسبة الجمل المكررة 40%. شورت كود كيان غير مُفسَّر (أقسام ناقصة في HTML): [post_call], [post_features], [post_prices], [post_services], [post_steps]. ما زال هناك رابط اتصال هاتفي tel: داخل المحتوى."
604,post,شركة صيانة نشافات في البريمي,https://rukn-eltatawer.com/om/dryer-maintenance-al-buraimi/,dryer-maintenance-al-buraimi,dryer-maintenance,al-buraimi,2087,1287,0.383,0,20,13,1,,,,template_boilerplate|unexpanded_shortcodes|tel_in_content,Template/Boilerplate | Missing SEO Elements | Errors/Placeholders,Template/Boilerplate,"هيكل H2 مكرر على 1 مقالة، ونسبة الجمل المكررة 38%. شورت كود كيان غير مُفسَّر (أقسام ناقصة في HTML): [post_call], [post_features], [post_prices], [post_services], [post_steps]. ما زال هناك رابط اتصال هاتفي tel: داخل المحتوى."
996,post,شركة تركيب أبواب في البريمي,https://rukn-eltatawer.com/om/doors-installation-al-buraimi/,doors-installation-al-buraimi,doors-installation,al-buraimi,2083,1317,0.368,0,20,13,1,,,,template_boilerplate|unexpanded_shortcodes|tel_in_content,Template/Boilerplate | Missing SEO Elements | Errors/Placeholders,Template/Boilerplate,"هيكل H2 مكرر على 1 مقالة، ونسبة الجمل المكررة 37%. شورت كود كيان غير مُفسَّر (أقسام ناقصة في HTML): [post_call], [post_features], [post_prices], [post_services], [post_steps]. ما زال هناك رابط اتصال هاتفي tel: داخل المحتوى."
1596,post,شركة شحن داخلي داخل في البريمي,https://rukn-eltatawer.com/om/domestic-shipping-al-buraimi/,domestic-shipping-al-buraimi,domestic-shipping,al-buraimi,2121,1332,0.372,0,20,13,1,,,,template_boilerplate|unexpanded_shortcodes|tel_in_content,Template/Boilerplate | Missing SEO Elements | Errors/Placeholders,Template/Boilerplate,"هيكل H2 مكرر على 1 مقالة، ونسبة الجمل المكررة 37%. شورت كود كيان غير مُفسَّر (أقسام ناقصة في HTML): [post_call], [post_features], [post_prices], [post_services], [post_steps]. ما زال هناك رابط اتصال هاتفي tel: داخل المحتوى."
181,post,شركة تنظيف خزانات ديزل في البريمي,https://rukn-eltatawer.com/om/diesel-tank-cleaning-al-buraimi/,diesel-tank-cleaning-al-buraimi,diesel-tank-cleaning,al-buraimi,2225,1297,0.417,0,20,13,1,,,,template_boilerplate|unexpanded_shortcodes|tel_in_content,Template/Boilerplate | Missing SEO Elements | Errors/Placeholders,Template/Boilerplate,"هيكل H2 مكرر على 1 مقالة، ونسبة الجمل المكررة 42%. شورت كود كيان غير مُفسَّر (أقسام ناقصة في HTML): [post_call], [post_features], [post_prices], [post_services], [post_steps]. ما زال هناك رابط اتصال هاتفي tel: داخل المحتوى."
472,post,شركة تنظيف المداخن والشفاطات في نزوى,https://rukn-eltatawer.com/om/chimney-cleaning-nizwa/,chimney-cleaning-nizwa,chimney-cleaning,nizwa,2268,1290,0.431,0,20,13,1,,,,template_boilerplate|unexpanded_shortcodes|tel_in_content|missing_meta,Template/Boilerplate | Missing SEO Elements | Errors/Placeholders,Template/Boilerplate,"هيكل H2 مكرر على 1 مقالة، ونسبة الجمل المكررة 43%. شورت كود كيان غير مُفسَّر (أقسام ناقصة في HTML): [post_call], [post_features], [post_prices], [post_services], [post_steps]. ما زال هناك رابط اتصال هاتفي tel: داخل المحتوى. صورة بارزة مفقودة أو مكررة (id=246)."
1716,post,شركة دهانات ديكورية وتأثيرات جدارية في البريمي,https://rukn-eltatawer.com/om/decorative-wall-effects-al-buraimi/,decorative-wall-effects-al-buraimi,decorative-wall-effects,al-buraimi,2247,1279,0.431,0,20,13,1,,,,template_boilerplate|unexpanded_shortcodes|tel_in_content,Template/Boilerplate | Missing SEO Elements | Errors/Placeholders,Template/Boilerplate,"هيكل H2 مكرر على 1 مقالة، ونسبة الجمل المكررة 43%. شورت كود كيان غير مُفسَّر (أقسام ناقصة في HTML): [post_call], [post_features], [post_prices], [post_services], [post_steps]. ما زال هناك رابط اتصال هاتفي tel: داخل المحتوى."
1100,post,شركة تصميم وتنفيذ ديكورات في البريمي,https://rukn-eltatawer.com/om/decor-design-al-buraimi/,decor-design-al-buraimi,decor-design,al-buraimi,2194,1295,0.41,0,20,13,1,,,,template_boilerplate|unexpanded_shortcodes|tel_in_content,Template/Boilerplate | Missing SEO Elements | Errors/Placeholders,Template/Boilerplate,"هيكل H2 مكرر على 1 مقالة، ونسبة الجمل المكررة 41%. شورت كود كيان غير مُفسَّر (أقسام ناقصة في HTML): [post_call], [post_features], [post_prices], [post_services], [post_steps]. ما زال هناك رابط اتصال هاتفي tel: داخل المحتوى."
217,post,شركة تنظيف ستائر في البريمي,https://rukn-eltatawer.com/om/curtain-cleaning-al-buraimi/,curtain-cleaning-al-buraimi,curtain-cleaning,al-buraimi,2190,1230,0.438,0,20,13,1,,,,template_boilerplate|unexpanded_shortcodes|tel_in_content,Template/Boilerplate | Missing SEO Elements | Errors/Placeholders,Template/Boilerplate,"هيكل H2 مكرر على 1 مقالة، ونسبة الجمل المكررة 44%. شورت كود كيان غير مُفسَّر (أقسام ناقصة في HTML): [post_call], [post_features], [post_prices], [post_services], [post_steps]. ما زال هناك رابط اتصال هاتفي tel: داخل المحتوى."
1452,post,شركة التعقيم بالكلور في البريمي,https://rukn-eltatawer.com/om/chlorine-disinfection-al-buraimi/,chlorine-disinfection-al-buraimi,chlorine-disinfection,al-buraimi,2159,1137,0.473,0,20,13,1,,,,template_boilerplate|unexpanded_shortcodes|tel_in_content|structural_error,Template/Boilerplate | Missing SEO Elements | Errors/Placeholders,Template/Boilerplate,"هيكل H2 مكرر على 1 مقالة، ونسبة الجمل المكررة 47%. شورت كود كيان غير مُفسَّر (أقسام ناقصة في HTML): [post_call], [post_features], [post_prices], [post_services], [post_steps]. ما زال هناك رابط اتصال هاتفي tel: داخل المحتوى. فقرتان متتاليتان متطابقتان."
884,post,شركة تركيب سيراميك وبورسلين في البريمي,https://rukn-eltatawer.com/om/ceramic-porcelain-al-buraimi/,ceramic-porcelain-al-buraimi,ceramic-porcelain,al-buraimi,2069,1241,0.4,0,20,13,1,,,,template_boilerplate|unexpanded_shortcodes|tel_in_content,Template/Boilerplate | Missing SEO Elements | Errors/Placeholders,Template/Boilerplate,"هيكل H2 مكرر على 1 مقالة، ونسبة الجمل المكررة 40%. شورت كود كيان غير مُفسَّر (أقسام ناقصة في HTML): [post_call], [post_features], [post_prices], [post_services], [post_steps]. ما زال هناك رابط اتصال هاتفي tel: داخل المحتوى."
471,post,شركة تنظيف المداخن والشفاطات في صحار,https://rukn-eltatawer.com/om/chimney-cleaning-sohar/,chimney-cleaning-sohar,chimney-cleaning,sohar,2232,1204,0.461,0,20,13,1,,,,template_boilerplate|unexpanded_shortcodes|tel_in_content|missing_meta,Template/Boilerplate | Missing SEO Elements | Errors/Placeholders,Template/Boilerplate,"هيكل H2 مكرر على 1 مقالة، ونسبة الجمل المكررة 46%. شورت كود كيان غير مُفسَّر (أقسام ناقصة في HTML): [post_call], [post_features], [post_prices], [post_services], [post_steps]. ما زال هناك رابط اتصال هاتفي tel: داخل المحتوى. صورة بارزة مفقودة أو مكررة (id=246)."
1844,post,شركة تركيب وصيانة سخانات مركزية في البريمي,https://rukn-eltatawer.com/om/central-heater-installation-maintenance-al-buraimi/,central-heater-installation-maintenance-al-buraimi,central-heater-installation-maintenance,al-buraimi,2158,1332,0.383,0,20,13,1,,,,template_boilerplate|unexpanded_shortcodes|tel_in_content,Template/Boilerplate | Missing SEO Elements | Errors/Placeholders,Template/Boilerplate,"هيكل H2 مكرر على 1 مقالة، ونسبة الجمل المكررة 38%. شورت كود كيان غير مُفسَّر (أقسام ناقصة في HTML): [post_call], [post_features], [post_prices], [post_services], [post_steps]. ما زال هناك رابط اتصال هاتفي tel: داخل المحتوى."
1484,post,نجار أثاث في البريمي,https://rukn-eltatawer.com/om/carpenter-al-buraimi/,carpenter-al-buraimi,carpenter,al-buraimi,2039,1160,0.431,0,20,13,1,,,,template_boilerplate|unexpanded_shortcodes|tel_in_content,Template/Boilerplate | Missing SEO Elements | Errors/Placeholders,Template/Boilerplate,"هيكل H2 مكرر على 1 مقالة، ونسبة الجمل المكررة 43%. شورت كود كيان غير مُفسَّر (أقسام ناقصة في HTML): [post_call], [post_features], [post_prices], [post_services], [post_steps]. ما زال هناك رابط اتصال هاتفي tel: داخل المحتوى."
1564,post,شركة شحن بضائع في البريمي,https://rukn-eltatawer.com/om/cargo-shipping-al-buraimi/,cargo-shipping-al-buraimi,cargo-shipping,al-buraimi,2088,1244,0.404,0,20,13,1,,,,template_boilerplate|unexpanded_shortcodes|tel_in_content,Template/Boilerplate | Missing SEO Elements | Errors/Placeholders,Template/Boilerplate,"هيكل H2 مكرر على 1 مقالة، ونسبة الجمل المكررة 40%. شورت كود كيان غير مُفسَّر (أقسام ناقصة في HTML): [post_call], [post_features], [post_prices], [post_services], [post_steps]. ما زال هناك رابط اتصال هاتفي tel: داخل المحتوى."
1580,post,شركة شحن سيارات في البريمي,https://rukn-eltatawer.com/om/car-shipping-al-buraimi/,car-shipping-al-buraimi,car-shipping,al-buraimi,2097,1329,0.366,0,20,13,1,,,,template_boilerplate|unexpanded_shortcodes|tel_in_content|structural_error,Template/Boilerplate | Missing SEO Elements | Errors/Placeholders,Template/Boilerplate,"هيكل H2 مكرر على 1 مقالة، ونسبة الجمل المكررة 37%. شورت كود كيان غير مُفسَّر (أقسام ناقصة في HTML): [post_call], [post_features], [post_prices], [post_services], [post_steps]. ما زال هناك رابط اتصال هاتفي tel: داخل المحتوى. فقرتان متتاليتان متطابقتان."
868,post,شركة تركيب طابوق في البريمي,https://rukn-eltatawer.com/om/brickwork-al-buraimi/,brickwork-al-buraimi,brickwork,al-buraimi,1996,1223,0.387,0,20,13,1,,,,template_boilerplate|unexpanded_shortcodes|tel_in_content,Template/Boilerplate | Missing SEO Elements | Errors/Placeholders,Template/Boilerplate,"هيكل H2 مكرر على 1 مقالة، ونسبة الجمل المكررة 39%. شورت كود كيان غير مُفسَّر (أقسام ناقصة في HTML): [post_call], [post_features], [post_prices], [post_services], [post_steps]. ما زال هناك رابط اتصال هاتفي tel: داخل المحتوى."
470,post,شركة تنظيف المداخن والشفاطات في صلالة,https://rukn-eltatawer.com/om/chimney-cleaning-salalah/,chimney-cleaning-salalah,chimney-cleaning,salalah,2257,1162,0.485,0,20,13,1,,,,template_boilerplate|unexpanded_shortcodes|tel_in_content|missing_meta,Template/Boilerplate | Missing SEO Elements | Errors/Placeholders,Template/Boilerplate,"هيكل H2 مكرر على 1 مقالة، ونسبة الجمل المكررة 48%. شورت كود كيان غير مُفسَّر (أقسام ناقصة في HTML): [post_call], [post_features], [post_prices], [post_services], [post_steps]. ما زال هناك رابط اتصال هاتفي tel: داخل المحتوى. صورة بارزة مفقودة أو مكررة (id=246)."
1076,post,شركة بناء أسوار طابوق في البريمي,https://rukn-eltatawer.com/om/block-fences-al-buraimi/,block-fences-al-buraimi,block-fences,al-buraimi,1992,1137,0.429,0,20,13,1,,,,template_boilerplate|unexpanded_shortcodes|tel_in_content,Template/Boilerplate | Missing SEO Elements | Errors/Placeholders,Template/Boilerplate,"هيكل H2 مكرر على 1 مقالة، ونسبة الجمل المكررة 43%. شورت كود كيان غير مُفسَّر (أقسام ناقصة في HTML): [post_call], [post_features], [post_prices], [post_services], [post_steps]. ما زال هناك رابط اتصال هاتفي tel: داخل المحتوى."
1492,post,حداد أبواب ونوافذ في البريمي,https://rukn-eltatawer.com/om/blacksmith-doors-windows-al-buraimi/,blacksmith-doors-windows-al-buraimi,blacksmith-doors-windows,al-buraimi,2033,1274,0.373,0,20,13,1,,,,template_boilerplate|unexpanded_shortcodes|tel_in_content,Template/Boilerplate | Missing SEO Elements | Errors/Placeholders,Template/Boilerplate,"هيكل H2 مكرر على 1 مقالة، ونسبة الجمل المكررة 37%. شورت كود كيان غير مُفسَّر (أقسام ناقصة في HTML): [post_call], [post_features], [post_prices], [post_services], [post_steps]. ما زال هناك رابط اتصال هاتفي tel: داخل المحتوى."
1436,post,شركة تركيب أجهزة صوتية لطرد الطيور في البريمي,https://rukn-eltatawer.com/om/bird-sound-device-al-buraimi/,bird-sound-device-al-buraimi,bird-sound-device,al-buraimi,2332,1547,0.337,0,20,13,1,,,,unexpanded_shortcodes|tel_in_content,Missing SEO Elements | Errors/Placeholders,Missing SEO Elements,"شورت كود كيان غير مُفسَّر (أقسام ناقصة في HTML): [post_call], [post_features], [post_prices], [post_services], [post_steps]. ما زال هناك رابط اتصال هاتفي tel: داخل المحتوى."
1404,post,شركة مكافحة الطيور في البريمي,https://rukn-eltatawer.com/om/bird-control-al-buraimi/,bird-control-al-buraimi,bird-control,al-buraimi,2257,1440,0.362,0,20,13,1,,,,template_boilerplate|unexpanded_shortcodes|tel_in_content,Template/Boilerplate | Missing SEO Elements | Errors/Placeholders,Template/Boilerplate,"هيكل H2 مكرر على 1 مقالة، ونسبة الجمل المكررة 36%. شورت كود كيان غير مُفسَّر (أقسام ناقصة في HTML): [post_call], [post_features], [post_prices], [post_services], [post_steps]. ما زال هناك رابط اتصال هاتفي tel: داخل المحتوى."
1164,post,شركة تركيب شبكات ري أوتوماتيكية في البريمي,https://rukn-eltatawer.com/om/automatic-irrigation-al-buraimi/,automatic-irrigation-al-buraimi,automatic-irrigation,al-buraimi,2247,1295,0.424,0,20,13,1,,,,template_boilerplate|unexpanded_shortcodes|tel_in_content,Template/Boilerplate | Missing SEO Elements | Errors/Placeholders,Template/Boilerplate,"هيكل H2 مكرر على 1 مقالة، ونسبة الجمل المكررة 42%. شورت كود كيان غير مُفسَّر (أقسام ناقصة في HTML): [post_call], [post_features], [post_prices], [post_services], [post_steps]. ما زال هناك رابط اتصال هاتفي tel: داخل المحتوى."
556,post,شركة صيانة أبواب أوتوماتيكية في البريمي,https://rukn-eltatawer.com/om/automatic-doors-maintenance-al-buraimi/,automatic-doors-maintenance-al-buraimi,automatic-doors-maintenance,al-buraimi,2022,1140,0.436,0,20,12,1,,,,template_boilerplate|unexpanded_shortcodes|tel_in_content,Template/Boilerplate | Missing SEO Elements | Errors/Placeholders,Template/Boilerplate,"هيكل H2 مكرر على 1 مقالة، ونسبة الجمل المكررة 44%. شورت كود كيان غير مُفسَّر (أقسام ناقصة في HTML): [post_call], [post_features], [post_prices], [post_services], [post_steps]. ما زال هناك رابط اتصال هاتفي tel: داخل المحتوى."
469,post,شركة تنظيف المداخن والشفاطات في مسقط,https://rukn-eltatawer.com/om/chimney-cleaning-muscat/,chimney-cleaning-muscat,chimney-cleaning,muscat,2292,1325,0.422,0,20,13,1,,,,template_boilerplate|unexpanded_shortcodes|tel_in_content|missing_meta,Template/Boilerplate | Missing SEO Elements | Errors/Placeholders,Template/Boilerplate,"هيكل H2 مكرر على 1 مقالة، ونسبة الجمل المكررة 42%. شورت كود كيان غير مُفسَّر (أقسام ناقصة في HTML): [post_call], [post_features], [post_prices], [post_services], [post_steps]. ما زال هناك رابط اتصال هاتفي tel: داخل المحتوى. صورة بارزة مفقودة أو مكررة (id=246)."
1220,post,شركة تركيب شلالات اصطناعية في البريمي,https://rukn-eltatawer.com/om/artificial-waterfall-al-buraimi/,artificial-waterfall-al-buraimi,artificial-waterfall,al-buraimi,2108,1295,0.386,0,20,13,1,,,,template_boilerplate|unexpanded_shortcodes|tel_in_content,Template/Boilerplate | Missing SEO Elements | Errors/Placeholders,Template/Boilerplate,"هيكل H2 مكرر على 1 مقالة، ونسبة الجمل المكررة 39%. شورت كود كيان غير مُفسَّر (أقسام ناقصة في HTML): [post_call], [post_features], [post_prices], [post_services], [post_steps]. ما زال هناك رابط اتصال هاتفي tel: داخل المحتوى."
1020,post,شركة تركيب عشب صناعي في البريمي,https://rukn-eltatawer.com/om/artificial-grass-al-buraimi/,artificial-grass-al-buraimi,artificial-grass,al-buraimi,2188,1286,0.412,0,20,13,1,,,,template_boilerplate|unexpanded_shortcodes|tel_in_content,Template/Boilerplate | Missing SEO Elements | Errors/Placeholders,Template/Boilerplate,"هيكل H2 مكرر على 1 مقالة، ونسبة الجمل المكررة 41%. شورت كود كيان غير مُفسَّر (أقسام ناقصة في HTML): [post_call], [post_features], [post_prices], [post_services], [post_steps]. ما زال هناك رابط اتصال هاتفي tel: داخل المحتوى."
580,post,شركة صيانة الأجهزة الكهربائية في البريمي,https://rukn-eltatawer.com/om/appliance-maintenance-al-buraimi/,appliance-maintenance-al-buraimi,appliance-maintenance,al-buraimi,2205,1382,0.373,0,20,13,1,,,,template_boilerplate|unexpanded_shortcodes|tel_in_content,Template/Boilerplate | Missing SEO Elements | Errors/Placeholders,Template/Boilerplate,"هيكل H2 مكرر على 1 مقالة، ونسبة الجمل المكررة 37%. شورت كود كيان غير مُفسَّر (أقسام ناقصة في HTML): [post_call], [post_features], [post_prices], [post_services], [post_steps]. ما زال هناك رابط اتصال هاتفي tel: داخل المحتوى."
1036,post,شركة بناء ملاحق في البريمي,https://rukn-eltatawer.com/om/annex-building-al-buraimi/,annex-building-al-buraimi,annex-building,al-buraimi,1992,1117,0.439,0,20,13,1,,,,template_boilerplate|unexpanded_shortcodes|tel_in_content,Template/Boilerplate | Missing SEO Elements | Errors/Placeholders,Template/Boilerplate,"هيكل H2 مكرر على 1 مقالة، ونسبة الجمل المكررة 44%. شورت كود كيان غير مُفسَّر (أقسام ناقصة في HTML): [post_call], [post_features], [post_prices], [post_services], [post_steps]. ما زال هناك رابط اتصال هاتفي tel: داخل المحتوى."
684,post,شركة تركيب وصيانة أنظمة تنقية الهواء في البريمي,https://rukn-eltatawer.com/om/air-purification-al-buraimi/,air-purification-al-buraimi,air-purification,al-buraimi,2297,1328,0.422,0,20,13,1,,,,template_boilerplate|unexpanded_shortcodes|tel_in_content,Template/Boilerplate | Missing SEO Elements | Errors/Placeholders,Template/Boilerplate,"هيكل H2 مكرر على 1 مقالة، ونسبة الجمل المكررة 42%. شورت كود كيان غير مُفسَّر (أقسام ناقصة في HTML): [post_call], [post_features], [post_prices], [post_services], [post_steps]. ما زال هناك رابط اتصال هاتفي tel: داخل المحتوى."
468,post,شركة تنظيف وصيانة دكتات المكيفات في البريمي,https://rukn-eltatawer.com/om/duct-cleaning-al-buraimi/,duct-cleaning-al-buraimi,duct-cleaning,al-buraimi,2295,1389,0.395,0,20,13,1,,,,template_boilerplate|unexpanded_shortcodes|tel_in_content|missing_meta,Template/Boilerplate | Missing SEO Elements | Errors/Placeholders,Template/Boilerplate,"هيكل H2 مكرر على 1 مقالة، ونسبة الجمل المكررة 40%. شورت كود كيان غير مُفسَّر (أقسام ناقصة في HTML): [post_call], [post_features], [post_prices], [post_services], [post_steps]. ما زال هناك رابط اتصال هاتفي tel: داخل المحتوى. صورة بارزة مفقودة أو مكررة (id=246)."
1620,post,شركة شحن دولي جوي في البريمي,https://rukn-eltatawer.com/om/air-freight-al-buraimi/,air-freight-al-buraimi,air-freight,al-buraimi,2108,1287,0.389,0,20,13,1,,,,template_boilerplate|unexpanded_shortcodes|tel_in_content,Template/Boilerplate | Missing SEO Elements | Errors/Placeholders,Template/Boilerplate,"هيكل H2 مكرر على 1 مقالة، ونسبة الجمل المكررة 39%. شورت كود كيان غير مُفسَّر (أقسام ناقصة في HTML): [post_call], [post_features], [post_prices], [post_services], [post_steps]. ما زال هناك رابط اتصال هاتفي tel: داخل المحتوى."
1202,post,شركة تركيب عرائش خشبية في عبري,https://rukn-eltatawer.com/om/wooden-arbor-installation-ibri/,wooden-arbor-installation-ibri,wooden-arbor-installation,ibri,2180,1134,0.48,0,20,13,1,,,,template_boilerplate|unexpanded_shortcodes|tel_in_content,Template/Boilerplate | Missing SEO Elements | Errors/Placeholders,Template/Boilerplate,"هيكل H2 مكرر على 1 مقالة، ونسبة الجمل المكررة 48%. شورت كود كيان غير مُفسَّر (أقسام ناقصة في HTML): [post_call], [post_features], [post_prices], [post_services], [post_steps]. ما زال هناك رابط اتصال هاتفي tel: داخل المحتوى."
1722,post,شركة دهان أبواب وشبابيك خشبية في عبري,https://rukn-eltatawer.com/om/wood-doors-windows-painting-ibri/,wood-doors-windows-painting-ibri,wood-doors-windows-painting,ibri,2243,1283,0.428,0,20,13,1,,,,template_boilerplate|unexpanded_shortcodes|tel_in_content,Template/Boilerplate | Missing SEO Elements | Errors/Placeholders,Template/Boilerplate,"هيكل H2 مكرر على 1 مقالة، ونسبة الجمل المكررة 43%. شورت كود كيان غير مُفسَّر (أقسام ناقصة في HTML): [post_call], [post_features], [post_prices], [post_services], [post_steps]. ما زال هناك رابط اتصال هاتفي tel: داخل المحتوى."
1002,post,شركة تركيب شبابيك في عبري,https://rukn-eltatawer.com/om/windows-installation-ibri/,windows-installation-ibri,windows-installation,ibri,2060,1223,0.406,0,20,13,1,,,,template_boilerplate|unexpanded_shortcodes|tel_in_content,Template/Boilerplate | Missing SEO Elements | Errors/Placeholders,Template/Boilerplate,"هيكل H2 مكرر على 1 مقالة، ونسبة الجمل المكررة 41%. شورت كود كيان غير مُفسَّر (أقسام ناقصة في HTML): [post_call], [post_features], [post_prices], [post_services], [post_steps]. ما زال هناك رابط اتصال هاتفي tel: داخل المحتوى."
626,post,شركة صيانة مبردات مياه في عبري,https://rukn-eltatawer.com/om/water-cooler-maintenance-ibri/,water-cooler-maintenance-ibri,water-cooler-maintenance,ibri,2101,1255,0.403,0,20,13,1,,,,template_boilerplate|unexpanded_shortcodes|tel_in_content,Template/Boilerplate | Missing SEO Elements | Errors/Placeholders,Template/Boilerplate,"هيكل H2 مكرر على 1 مقالة، ونسبة الجمل المكررة 40%. شورت كود كيان غير مُفسَّر (أقسام ناقصة في HTML): [post_call], [post_features], [post_prices], [post_services], [post_steps]. ما زال هناك رابط اتصال هاتفي tel: داخل المحتوى."
466,post,شركة تنظيف وصيانة دكتات المكيفات في عبري,https://rukn-eltatawer.com/om/duct-cleaning-ibri/,duct-cleaning-ibri,duct-cleaning,ibri,2264,1315,0.419,0,20,13,1,,,,template_boilerplate|unexpanded_shortcodes|tel_in_content|missing_meta,Template/Boilerplate | Missing SEO Elements | Errors/Placeholders,Template/Boilerplate,"هيكل H2 مكرر على 1 مقالة، ونسبة الجمل المكررة 42%. شورت كود كيان غير مُفسَّر (أقسام ناقصة في HTML): [post_call], [post_features], [post_prices], [post_services], [post_steps]. ما زال هناك رابط اتصال هاتفي tel: داخل المحتوى. صورة بارزة مفقودة أو مكررة (id=246)."
594,post,شركة صيانة غسالات في عبري,https://rukn-eltatawer.com/om/washer-maintenance-ibri/,washer-maintenance-ibri,washer-maintenance,ibri,2054,1069,0.48,0,20,13,1,,,,template_boilerplate|unexpanded_shortcodes|tel_in_content,Template/Boilerplate | Missing SEO Elements | Errors/Placeholders,Template/Boilerplate,"هيكل H2 مكرر على 1 مقالة، ونسبة الجمل المكررة 48%. شورت كود كيان غير مُفسَّر (أقسام ناقصة في HTML): [post_call], [post_features], [post_prices], [post_services], [post_steps]. ما زال هناك رابط اتصال هاتفي tel: داخل المحتوى."
1650,post,شركة تركيب ورق حائط في عبري,https://rukn-eltatawer.com/om/wallpaper-installation-ibri/,wallpaper-installation-ibri,wallpaper-installation,ibri,2187,1054,0.518,0,20,13,1,,,,template_boilerplate|unexpanded_shortcodes|tel_in_content,Template/Boilerplate | Missing SEO Elements | Errors/Placeholders,Template/Boilerplate,"هيكل H2 مكرر على 1 مقالة، ونسبة الجمل المكررة 52%. شورت كود كيان غير مُفسَّر (أقسام ناقصة في HTML): [post_call], [post_features], [post_prices], [post_services], [post_steps]. ما زال هناك رابط اتصال هاتفي tel: داخل المحتوى."
946,post,شركة تركيب ورق جدران في عبري,https://rukn-eltatawer.com/om/wallpaper-ibri/,wallpaper-ibri,wallpaper,ibri,2173,1159,0.467,0,20,13,1,,,,template_boilerplate|unexpanded_shortcodes|tel_in_content,Template/Boilerplate | Missing SEO Elements | Errors/Placeholders,Template/Boilerplate,"هيكل H2 مكرر على 1 مقالة، ونسبة الجمل المكررة 47%. شورت كود كيان غير مُفسَّر (أقسام ناقصة في HTML): [post_call], [post_features], [post_prices], [post_services], [post_steps]. ما زال هناك رابط اتصال هاتفي tel: داخل المحتوى."
1178,post,شركة تركيب عشب جداري في عبري,https://rukn-eltatawer.com/om/wall-grass-ibri/,wall-grass-ibri,wall-grass,ibri,2142,1266,0.409,0,20,13,1,,,,template_boilerplate|unexpanded_shortcodes|tel_in_content,Template/Boilerplate | Missing SEO Elements | Errors/Placeholders,Template/Boilerplate,"هيكل H2 مكرر على 1 مقالة، ونسبة الجمل المكررة 41%. شورت كود كيان غير مُفسَّر (أقسام ناقصة في HTML): [post_call], [post_features], [post_prices], [post_services], [post_steps]. ما زال هناك رابط اتصال هاتفي tel: داخل المحتوى."
1226,post,شركة تركيب نوافير جدارية في عبري,https://rukn-eltatawer.com/om/wall-fountain-ibri/,wall-fountain-ibri,wall-fountain,ibri,2171,1221,0.438,0,20,13,1,,,,template_boilerplate|unexpanded_shortcodes|tel_in_content,Template/Boilerplate | Missing SEO Elements | Errors/Placeholders,Template/Boilerplate,"هيكل H2 مكرر على 1 مقالة، ونسبة الجمل المكررة 44%. شورت كود كيان غير مُفسَّر (أقسام ناقصة في HTML): [post_call], [post_features], [post_prices], [post_services], [post_steps]. ما زال هناك رابط اتصال هاتفي tel: داخل المحتوى."
467,post,شركة تنظيف وصيانة دكتات المكيفات في الرستاق,https://rukn-eltatawer.com/om/duct-cleaning-rustaq/,duct-cleaning-rustaq,duct-cleaning,rustaq,2317,1263,0.455,0,20,13,1,,,,template_boilerplate|unexpanded_shortcodes|tel_in_content|missing_meta,Template/Boilerplate | Missing SEO Elements | Errors/Placeholders,Template/Boilerplate,"هيكل H2 مكرر على 1 مقالة، ونسبة الجمل المكررة 46%. شورت كود كيان غير مُفسَّر (أقسام ناقصة في HTML): [post_call], [post_features], [post_prices], [post_services], [post_steps]. ما زال هناك رابط اتصال هاتفي tel: داخل المحتوى. صورة بارزة مفقودة أو مكررة (id=246)."
922,post,شركة تركيب فوم للجدران في عبري,https://rukn-eltatawer.com/om/wall-foam-ibri/,wall-foam-ibri,wall-foam,ibri,2209,1183,0.464,0,20,13,1,,,,template_boilerplate|unexpanded_shortcodes|tel_in_content,Template/Boilerplate | Missing SEO Elements | Errors/Placeholders,Template/Boilerplate,"هيكل H2 مكرر على 1 مقالة، ونسبة الجمل المكررة 46%. شورت كود كيان غير مُفسَّر (أقسام ناقصة في HTML): [post_call], [post_features], [post_prices], [post_services], [post_steps]. ما زال هناك رابط اتصال هاتفي tel: داخل المحتوى."
898,post,شركة تركيب أرضيات فينيل في عبري,https://rukn-eltatawer.com/om/vinyl-flooring-ibri/,vinyl-flooring-ibri,vinyl-flooring,ibri,2059,1307,0.365,0,20,13,1,,,,template_boilerplate|unexpanded_shortcodes|tel_in_content|structural_error,Template/Boilerplate | Missing SEO Elements | Errors/Placeholders,Template/Boilerplate,"هيكل H2 مكرر على 1 مقالة، ونسبة الجمل المكررة 36%. شورت كود كيان غير مُفسَّر (أقسام ناقصة في HTML): [post_call], [post_features], [post_prices], [post_services], [post_steps]. ما زال هناك رابط اتصال هاتفي tel: داخل المحتوى. فقرتان متتاليتان متطابقتان."
634,post,شركة صيانة مكانس كهربائية في عبري,https://rukn-eltatawer.com/om/vacuum-maintenance-ibri/,vacuum-maintenance-ibri,vacuum-maintenance,ibri,2075,1267,0.389,0,20,13,1,,,,template_boilerplate|unexpanded_shortcodes|tel_in_content,Template/Boilerplate | Missing SEO Elements | Errors/Placeholders,Template/Boilerplate,"هيكل H2 مكرر على 1 مقالة، ونسبة الجمل المكررة 39%. شورت كود كيان غير مُفسَّر (أقسام ناقصة في HTML): [post_call], [post_features], [post_prices], [post_services], [post_steps]. ما زال هناك رابط اتصال هاتفي tel: داخل المحتوى."
674,post,شركة تركيب وصيانة أجهزة تبريد مياه الخزانات في عبري,https://rukn-eltatawer.com/om/tank-water-chiller-ibri/,tank-water-chiller-ibri,tank-water-chiller,ibri,2366,1418,0.401,0,20,13,1,,,,template_boilerplate|unexpanded_shortcodes|tel_in_content,Template/Boilerplate | Missing SEO Elements | Errors/Placeholders,Template/Boilerplate,"هيكل H2 مكرر على 1 مقالة، ونسبة الجمل المكررة 40%. شورت كود كيان غير مُفسَّر (أقسام ناقصة في HTML): [post_call], [post_features], [post_prices], [post_services], [post_steps]. ما زال هناك رابط اتصال هاتفي tel: داخل المحتوى."
962,post,شركة تركيب أسقف مستعارة في عبري,https://rukn-eltatawer.com/om/suspended-ceiling-ibri/,suspended-ceiling-ibri,suspended-ceiling,ibri,2171,1176,0.458,0,20,13,1,https://rukn-eltatawer.com/om/indoor-outdoor-lighting-installation-sohar/,cross-service-duplicate,7,template_boilerplate|duplicate_similar|unexpanded_shortcodes|tel_in_content,Template/Boilerplate | Duplicate/Similar | Missing SEO Elements | Errors/Placeholders,Template/Boilerplate,"هيكل H2 مكرر على 1 مقالة، ونسبة الجمل المكررة 46%. تشابه مرتفع (hamming=7, cross-service-duplicate) مع https://rukn-eltatawer.com/om/indoor-outdoor-lighting-installation-sohar/. شورت كود كيان غير مُفسَّر (أقسام ناقصة في HTML): [post_call], [post_features], [post_prices], [post_services], [post_steps]. ما زال هناك رابط اتصال هاتفي tel: داخل المحتوى."
465,post,شركة تنظيف وصيانة دكتات المكيفات في صور,https://rukn-eltatawer.com/om/duct-cleaning-sur/,duct-cleaning-sur,duct-cleaning,sur,2318,1420,0.387,0,20,13,1,,,,template_boilerplate|unexpanded_shortcodes|tel_in_content|missing_meta,Template/Boilerplate | Missing SEO Elements | Errors/Placeholders,Template/Boilerplate,"هيكل H2 مكرر على 1 مقالة، ونسبة الجمل المكررة 39%. شورت كود كيان غير مُفسَّر (أقسام ناقصة في HTML): [post_call], [post_features], [post_prices], [post_services], [post_steps]. ما زال هناك رابط اتصال هاتفي tel: داخل المحتوى. صورة بارزة مفقودة أو مكررة (id=246)."
570,post,شركة صيانة بوتاجازات في عبري,https://rukn-eltatawer.com/om/stove-maintenance-ibri/,stove-maintenance-ibri,stove-maintenance,ibri,2079,1255,0.396,0,20,13,1,,,,template_boilerplate|unexpanded_shortcodes|tel_in_content,Template/Boilerplate | Missing SEO Elements | Errors/Placeholders,Template/Boilerplate,"هيكل H2 مكرر على 1 مقالة، ونسبة الجمل المكررة 40%. شورت كود كيان غير مُفسَّر (أقسام ناقصة في HTML): [post_call], [post_features], [post_prices], [post_services], [post_steps]. ما زال هناك رابط اتصال هاتفي tel: داخل المحتوى."
1210,post,شركة إنشاء ممرات حجرية في عبري,https://rukn-eltatawer.com/om/stone-pathway-ibri/,stone-pathway-ibri,stone-pathway,ibri,2179,1140,0.477,0,20,13,1,,,,template_boilerplate|unexpanded_shortcodes|tel_in_content,Template/Boilerplate | Missing SEO Elements | Errors/Placeholders,Template/Boilerplate,"هيكل H2 مكرر على 1 مقالة، ونسبة الجمل المكررة 48%. شورت كود كيان غير مُفسَّر (أقسام ناقصة في HTML): [post_call], [post_features], [post_prices], [post_services], [post_steps]. ما زال هناك رابط اتصال هاتفي tel: داخل المحتوى."
906,post,شركة تركيب حجر طبيعي وصناعي في عبري,https://rukn-eltatawer.com/om/stone-ibri/,stone-ibri,stone,ibri,2133,1312,0.385,0,20,13,1,,,,template_boilerplate|unexpanded_shortcodes|tel_in_content,Template/Boilerplate | Missing SEO Elements | Errors/Placeholders,Template/Boilerplate,"هيكل H2 مكرر على 1 مقالة، ونسبة الجمل المكررة 38%. شورت كود كيان غير مُفسَّر (أقسام ناقصة في HTML): [post_call], [post_features], [post_prices], [post_services], [post_steps]. ما زال هناك رابط اتصال هاتفي tel: داخل المحتوى."
1442,post,شركة التعقيم بالبخار في عبري,https://rukn-eltatawer.com/om/steam-disinfection-ibri/,steam-disinfection-ibri,steam-disinfection,ibri,2143,1224,0.429,0,20,13,1,,,,template_boilerplate|unexpanded_shortcodes|tel_in_content,Template/Boilerplate | Missing SEO Elements | Errors/Placeholders,Template/Boilerplate,"هيكل H2 مكرر على 1 مقالة، ونسبة الجمل المكررة 43%. شورت كود كيان غير مُفسَّر (أقسام ناقصة في HTML): [post_call], [post_features], [post_prices], [post_services], [post_steps]. ما زال هناك رابط اتصال هاتفي tel: داخل المحتوى."
206,post,شركة تنظيف كنب في عبري,https://rukn-eltatawer.com/om/sofa-cleaning-ibri/,sofa-cleaning-ibri,sofa-cleaning,ibri,2180,1144,0.475,0,20,13,1,,,,template_boilerplate|unexpanded_shortcodes|tel_in_content,Template/Boilerplate | Missing SEO Elements | Errors/Placeholders,Template/Boilerplate,"هيكل H2 مكرر على 1 مقالة، ونسبة الجمل المكررة 48%. شورت كود كيان غير مُفسَّر (أقسام ناقصة في HTML): [post_call], [post_features], [post_prices], [post_services], [post_steps]. ما زال هناك رابط اتصال هاتفي tel: داخل المحتوى."
464,post,شركة تنظيف وصيانة دكتات المكيفات في نزوى,https://rukn-eltatawer.com/om/duct-cleaning-nizwa/,duct-cleaning-nizwa,duct-cleaning,nizwa,2316,1285,0.445,0,20,13,1,,,,template_boilerplate|unexpanded_shortcodes|tel_in_content|missing_meta,Template/Boilerplate | Missing SEO Elements | Errors/Placeholders,Template/Boilerplate,"هيكل H2 مكرر على 1 مقالة، ونسبة الجمل المكررة 44%. شورت كود كيان غير مُفسَّر (أقسام ناقصة في HTML): [post_call], [post_features], [post_prices], [post_services], [post_steps]. ما زال هناك رابط اتصال هاتفي tel: داخل المحتوى. صورة بارزة مفقودة أو مكررة (id=246)."
1370,post,شركة مكافحة الأفاعي في عبري,https://rukn-eltatawer.com/om/snake-control-ibri/,snake-control-ibri,snake-control,ibri,2181,1338,0.387,0,20,13,1,,,,template_boilerplate|unexpanded_shortcodes|tel_in_content,Template/Boilerplate | Missing SEO Elements | Errors/Placeholders,Template/Boilerplate,"هيكل H2 مكرر على 1 مقالة، ونسبة الجمل المكررة 39%. شورت كود كيان غير مُفسَّر (أقسام ناقصة في HTML): [post_call], [post_features], [post_prices], [post_services], [post_steps]. ما زال هناك رابط اتصال هاتفي tel: داخل المحتوى."
1554,post,شركة مكاتب الشحن في عبري,https://rukn-eltatawer.com/om/shipping-offices-ibri/,shipping-offices-ibri,shipping-offices,ibri,2085,1147,0.45,0,20,13,1,,,,template_boilerplate|unexpanded_shortcodes|tel_in_content,Template/Boilerplate | Missing SEO Elements | Errors/Placeholders,Template/Boilerplate,"هيكل H2 مكرر على 1 مقالة، ونسبة الجمل المكررة 45%. شورت كود كيان غير مُفسَّر (أقسام ناقصة في HTML): [post_call], [post_features], [post_prices], [post_services], [post_steps]. ما زال هناك رابط اتصال هاتفي tel: داخل المحتوى."
1010,post,شركة تركيب مظلات وسواتر في عبري,https://rukn-eltatawer.com/om/shades-sails-ibri/,shades-sails-ibri,shades-sails,ibri,2154,1221,0.433,0,20,13,1,,,,template_boilerplate|unexpanded_shortcodes|tel_in_content,Template/Boilerplate | Missing SEO Elements | Errors/Placeholders,Template/Boilerplate,"هيكل H2 مكرر على 1 مقالة، ونسبة الجمل المكررة 43%. شورت كود كيان غير مُفسَّر (أقسام ناقصة في HTML): [post_call], [post_features], [post_prices], [post_services], [post_steps]. ما زال هناك رابط اتصال هاتفي tel: داخل المحتوى."
1610,post,شركة شحن دولي بحري في عبري,https://rukn-eltatawer.com/om/sea-freight-ibri/,sea-freight-ibri,sea-freight,ibri,2154,1318,0.388,0,20,13,1,,,,template_boilerplate|unexpanded_shortcodes|tel_in_content,Template/Boilerplate | Missing SEO Elements | Errors/Placeholders,Template/Boilerplate,"هيكل H2 مكرر على 1 مقالة، ونسبة الجمل المكررة 39%. شورت كود كيان غير مُفسَّر (أقسام ناقصة في HTML): [post_call], [post_features], [post_prices], [post_services], [post_steps]. ما زال هناك رابط اتصال هاتفي tel: داخل المحتوى."
1378,post,شركة مكافحة العقارب في عبري,https://rukn-eltatawer.com/om/scorpion-control-ibri/,scorpion-control-ibri,scorpion-control,ibri,2179,1386,0.364,0,20,13,1,,,,template_boilerplate|unexpanded_shortcodes|tel_in_content,Template/Boilerplate | Missing SEO Elements | Errors/Placeholders,Template/Boilerplate,"هيكل H2 مكرر على 1 مقالة، ونسبة الجمل المكررة 36%. شورت كود كيان غير مُفسَّر (أقسام ناقصة في HTML): [post_call], [post_features], [post_prices], [post_services], [post_steps]. ما زال هناك رابط اتصال هاتفي tel: داخل المحتوى."
463,post,شركة تنظيف وصيانة دكتات المكيفات في صحار,https://rukn-eltatawer.com/om/duct-cleaning-sohar/,duct-cleaning-sohar,duct-cleaning,sohar,2278,1352,0.406,0,20,13,1,,,,template_boilerplate|unexpanded_shortcodes|tel_in_content|missing_meta,Template/Boilerplate | Missing SEO Elements | Errors/Placeholders,Template/Boilerplate,"هيكل H2 مكرر على 1 مقالة، ونسبة الجمل المكررة 41%. شورت كود كيان غير مُفسَّر (أقسام ناقصة في HTML): [post_call], [post_features], [post_prices], [post_services], [post_steps]. ما زال هناك رابط اتصال هاتفي tel: داخل المحتوى. صورة بارزة مفقودة أو مكررة (id=246)."
116,post,شركة تنظيف مدارس وحضانات في عبري,https://rukn-eltatawer.com/om/school-nursery-cleaning-ibri/,school-nursery-cleaning-ibri,school-nursery-cleaning,ibri,2208,1225,0.445,0,20,13,1,,,,template_boilerplate|unexpanded_shortcodes|tel_in_content,Template/Boilerplate | Missing SEO Elements | Errors/Placeholders,Template/Boilerplate,"هيكل H2 مكرر على 1 مقالة، ونسبة الجمل المكررة 44%. شورت كود كيان غير مُفسَّر (أقسام ناقصة في HTML): [post_call], [post_features], [post_prices], [post_services], [post_steps]. ما زال هناك رابط اتصال هاتفي tel: داخل المحتوى."
1522,post,فني تركيب أقمار صناعية في عبري,https://rukn-eltatawer.com/om/satellite-tech-ibri/,satellite-tech-ibri,satellite-tech,ibri,2194,1341,0.389,0,20,13,1,,,,template_boilerplate|unexpanded_shortcodes|tel_in_content,Template/Boilerplate | Missing SEO Elements | Errors/Placeholders,Template/Boilerplate,"هيكل H2 مكرر على 1 مقالة، ونسبة الجمل المكررة 39%. شورت كود كيان غير مُفسَّر (أقسام ناقصة في HTML): [post_call], [post_features], [post_prices], [post_services], [post_steps]. ما زال هناك رابط اتصال هاتفي tel: داخل المحتوى."
1514,post,فني تركيب دش في عبري,https://rukn-eltatawer.com/om/sat-dish-tech-ibri/,sat-dish-tech-ibri,sat-dish-tech,ibri,2152,1416,0.342,0,20,13,1,,,,unexpanded_shortcodes|tel_in_content,Missing SEO Elements | Errors/Placeholders,Missing SEO Elements,"شورت كود كيان غير مُفسَّر (أقسام ناقصة في HTML): [post_call], [post_features], [post_prices], [post_services], [post_steps]. ما زال هناك رابط اتصال هاتفي tel: داخل المحتوى."
1674,post,شركة عزل ودهان أسطح في عبري,https://rukn-eltatawer.com/om/roof-insulation-painting-ibri/,roof-insulation-painting-ibri,roof-insulation-painting,ibri,2215,1431,0.354,0,20,13,1,,,,template_boilerplate|unexpanded_shortcodes|tel_in_content,Template/Boilerplate | Missing SEO Elements | Errors/Placeholders,Template/Boilerplate,"هيكل H2 مكرر على 1 مقالة، ونسبة الجمل المكررة 35%. شورت كود كيان غير مُفسَّر (أقسام ناقصة في HTML): [post_call], [post_features], [post_prices], [post_services], [post_steps]. ما زال هناك رابط اتصال هاتفي tel: داخل المحتوى."
1122,post,شركة تصميم حدائق أسطح في عبري,https://rukn-eltatawer.com/om/roof-garden-design-ibri/,roof-garden-design-ibri,roof-garden-design,ibri,2162,1226,0.433,0,20,13,1,,,,template_boilerplate|unexpanded_shortcodes|tel_in_content,Template/Boilerplate | Missing SEO Elements | Errors/Placeholders,Template/Boilerplate,"هيكل H2 مكرر على 1 مقالة، ونسبة الجمل المكررة 43%. شورت كود كيان غير مُفسَّر (أقسام ناقصة في HTML): [post_call], [post_features], [post_prices], [post_services], [post_steps]. ما زال هناك رابط اتصال هاتفي tel: داخل المحتوى."
462,post,شركة تنظيف وصيانة دكتات المكيفات في صلالة,https://rukn-eltatawer.com/om/duct-cleaning-salalah/,duct-cleaning-salalah,duct-cleaning,salalah,2347,1386,0.409,0,20,13,1,,,,template_boilerplate|unexpanded_shortcodes|tel_in_content|missing_meta,Template/Boilerplate | Missing SEO Elements | Errors/Placeholders,Template/Boilerplate,"هيكل H2 مكرر على 1 مقالة، ونسبة الجمل المكررة 41%. شورت كود كيان غير مُفسَّر (أقسام ناقصة في HTML): [post_call], [post_features], [post_prices], [post_services], [post_steps]. ما زال هناك رابط اتصال هاتفي tel: داخل المحتوى. صورة بارزة مفقودة أو مكررة (id=246)."
1666,post,شركة دهان بويات عالية الجودة في عبري,https://rukn-eltatawer.com/om/premium-paint-finishing-ibri/,premium-paint-finishing-ibri,premium-paint-finishing,ibri,2223,1236,0.444,0,20,13,1,,,,template_boilerplate|unexpanded_shortcodes|tel_in_content,Template/Boilerplate | Missing SEO Elements | Errors/Placeholders,Template/Boilerplate,"هيكل H2 مكرر على 1 مقالة، ونسبة الجمل المكررة 44%. شورت كود كيان غير مُفسَّر (أقسام ناقصة في HTML): [post_call], [post_features], [post_prices], [post_services], [post_steps]. ما زال هناك رابط اتصال هاتفي tel: داخل المحتوى."
1730,post,شركة صيانة ودهان بعد التسريبات في عبري,https://rukn-eltatawer.com/om/post-leak-repaint-maintenance-ibri/,post-leak-repaint-maintenance-ibri,post-leak-repaint-maintenance,ibri,2206,1231,0.442,0,20,13,1,,,,template_boilerplate|unexpanded_shortcodes|tel_in_content,Template/Boilerplate | Missing SEO Elements | Errors/Placeholders,Template/Boilerplate,"هيكل H2 مكرر على 1 مقالة، ونسبة الجمل المكررة 44%. شورت كود كيان غير مُفسَّر (أقسام ناقصة في HTML): [post_call], [post_features], [post_prices], [post_services], [post_steps]. ما زال هناك رابط اتصال هاتفي tel: داخل المحتوى."
530,post,شركة صيانة مسابح في عبري,https://rukn-eltatawer.com/om/pool-maintenance-ibri/,pool-maintenance-ibri,pool-maintenance,ibri,2100,1304,0.379,0,20,13,1,https://rukn-eltatawer.com/om/commercial-refrigeration-maintenance-ibri/,cross-service-duplicate,7,template_boilerplate|duplicate_similar|unexpanded_shortcodes|tel_in_content,Template/Boilerplate | Duplicate/Similar | Missing SEO Elements | Errors/Placeholders,Template/Boilerplate,"هيكل H2 مكرر على 1 مقالة، ونسبة الجمل المكررة 38%. تشابه مرتفع (hamming=7, cross-service-duplicate) مع https://rukn-eltatawer.com/om/commercial-refrigeration-maintenance-ibri/. شورت كود كيان غير مُفسَّر (أقسام ناقصة في HTML): [post_call], [post_features], [post_prices], [post_services], [post_steps]. ما زال هناك رابط اتصال هاتفي tel: داخل المحتوى."
143,post,شركة تنظيف مسابح في عبري,https://rukn-eltatawer.com/om/pool-cleaning-ibri/,pool-cleaning-ibri,pool-cleaning,ibri,2202,1202,0.454,0,20,13,1,,,,template_boilerplate|unexpanded_shortcodes|tel_in_content,Template/Boilerplate | Missing SEO Elements | Errors/Placeholders,Template/Boilerplate,"هيكل H2 مكرر على 1 مقالة، ونسبة الجمل المكررة 45%. شورت كود كيان غير مُفسَّر (أقسام ناقصة في HTML): [post_call], [post_features], [post_prices], [post_services], [post_steps]. ما زال هناك رابط اتصال هاتفي tel: داخل المحتوى."
874,post,شركة تركيب بلاستر في عبري,https://rukn-eltatawer.com/om/plastering-ibri/,plastering-ibri,plastering,ibri,2134,1154,0.459,0,20,13,1,,,,template_boilerplate|unexpanded_shortcodes|tel_in_content,Template/Boilerplate | Missing SEO Elements | Errors/Placeholders,Template/Boilerplate,"هيكل H2 مكرر على 1 مقالة، ونسبة الجمل المكررة 46%. شورت كود كيان غير مُفسَّر (أقسام ناقصة في HTML): [post_call], [post_features], [post_prices], [post_services], [post_steps]. ما زال هناك رابط اتصال هاتفي tel: داخل المحتوى."
461,post,شركة تنظيف وصيانة دكتات المكيفات في مسقط,https://rukn-eltatawer.com/om/duct-cleaning-muscat/,duct-cleaning-muscat,duct-cleaning,muscat,2451,1540,0.372,0,20,13,1,,,,template_boilerplate|unexpanded_shortcodes|tel_in_content|missing_meta,Template/Boilerplate | Missing SEO Elements | Errors/Placeholders,Template/Boilerplate,"هيكل H2 مكرر على 1 مقالة، ونسبة الجمل المكررة 37%. شورت كود كيان غير مُفسَّر (أقسام ناقصة في HTML): [post_call], [post_features], [post_prices], [post_services], [post_steps]. ما زال هناك رابط اتصال هاتفي tel: داخل المحتوى. صورة بارزة مفقودة أو مكررة (id=246)."
1426,post,شركة تركيب مسامير طاردة للحمام في عبري,https://rukn-eltatawer.com/om/pigeon-spikes-installation-ibri/,pigeon-spikes-installation-ibri,pigeon-spikes-installation,ibri,2273,1329,0.415,0,20,13,1,,,,template_boilerplate|unexpanded_shortcodes|tel_in_content,Template/Boilerplate | Missing SEO Elements | Errors/Placeholders,Template/Boilerplate,"هيكل H2 مكرر على 1 مقالة، ونسبة الجمل المكررة 42%. شورت كود كيان غير مُفسَّر (أقسام ناقصة في HTML): [post_call], [post_features], [post_prices], [post_services], [post_steps]. ما زال هناك رابط اتصال هاتفي tel: داخل المحتوى."
1418,post,شركة تركيب شبك طارد للحمام في عبري,https://rukn-eltatawer.com/om/pigeon-net-installation-ibri/,pigeon-net-installation-ibri,pigeon-net-installation,ibri,2280,1497,0.343,0,20,13,1,,,,unexpanded_shortcodes|tel_in_content,Missing SEO Elements | Errors/Placeholders,Missing SEO Elements,"شورت كود كيان غير مُفسَّر (أقسام ناقصة في HTML): [post_call], [post_features], [post_prices], [post_services], [post_steps]. ما زال هناك رابط اتصال هاتفي tel: داخل المحتوى."
1258,post,شركة نقل بيانو في عبري,https://rukn-eltatawer.com/om/piano-moving-ibri/,piano-moving-ibri,piano-moving,ibri,2077,1247,0.4,0,20,13,1,,,,template_boilerplate|unexpanded_shortcodes|tel_in_content,Template/Boilerplate | Missing SEO Elements | Errors/Placeholders,Template/Boilerplate,"هيكل H2 مكرر على 1 مقالة، ونسبة الجمل المكررة 40%. شورت كود كيان غير مُفسَّر (أقسام ناقصة في HTML): [post_call], [post_features], [post_prices], [post_services], [post_steps]. ما زال هناك رابط اتصال هاتفي tel: داخل المحتوى."
1194,post,شركة تركيب برجولات في عبري,https://rukn-eltatawer.com/om/pergola-installation-ibri/,pergola-installation-ibri,pergola-installation,ibri,2110,1217,0.423,0,20,13,1,,,,template_boilerplate|unexpanded_shortcodes|tel_in_content,Template/Boilerplate | Missing SEO Elements | Errors/Placeholders,Template/Boilerplate,"هيكل H2 مكرر على 1 مقالة، ونسبة الجمل المكررة 42%. شورت كود كيان غير مُفسَّر (أقسام ناقصة في HTML): [post_call], [post_features], [post_prices], [post_services], [post_steps]. ما زال هناك رابط اتصال هاتفي tel: داخل المحتوى."
890,post,شركة تركيب باركيه وأرضيات خشب في عبري,https://rukn-eltatawer.com/om/parquet-ibri/,parquet-ibri,parquet,ibri,2077,1211,0.417,0,20,13,1,,,,template_boilerplate|unexpanded_shortcodes|tel_in_content,Template/Boilerplate | Missing SEO Elements | Errors/Placeholders,Template/Boilerplate,"هيكل H2 مكرر على 1 مقالة، ونسبة الجمل المكررة 42%. شورت كود كيان غير مُفسَّر (أقسام ناقصة في HTML): [post_call], [post_features], [post_prices], [post_services], [post_steps]. ما زال هناك رابط اتصال هاتفي tel: داخل المحتوى."
244,post,شركة تنظيف واجهات زجاجية في البريمي,https://rukn-eltatawer.com/om/glass-facade-cleaning-al-buraimi/,glass-facade-cleaning-al-buraimi,glass-facade-cleaning,al-buraimi,2196,1235,0.438,0,20,13,1,,,,template_boilerplate|unexpanded_shortcodes|tel_in_content,Template/Boilerplate | Missing SEO Elements | Errors/Placeholders,Template/Boilerplate,"هيكل H2 مكرر على 1 مقالة، ونسبة الجمل المكررة 44%. شورت كود كيان غير مُفسَّر (أقسام ناقصة في HTML): [post_call], [post_features], [post_prices], [post_services], [post_steps]. ما زال هناك رابط اتصال هاتفي tel: داخل المحتوى."
1138,post,شركة زرع نخيل وأشجار في عبري,https://rukn-eltatawer.com/om/palm-tree-planting-ibri/,palm-tree-planting-ibri,palm-tree-planting,ibri,2173,1200,0.448,0,20,13,1,,,,template_boilerplate|unexpanded_shortcodes|tel_in_content,Template/Boilerplate | Missing SEO Elements | Errors/Placeholders,Template/Boilerplate,"هيكل H2 مكرر على 1 مقالة، ونسبة الجمل المكررة 45%. شورت كود كيان غير مُفسَّر (أقسام ناقصة في HTML): [post_call], [post_features], [post_prices], [post_services], [post_steps]. ما زال هناك رابط اتصال هاتفي tel: داخل المحتوى."
89,post,شركة تنظيف قصور في عبري,https://rukn-eltatawer.com/om/palace-cleaning-ibri/,palace-cleaning-ibri,palace-cleaning,ibri,2197,1208,0.45,0,20,13,1,,,,template_boilerplate|unexpanded_shortcodes|tel_in_content,Template/Boilerplate | Missing SEO Elements | Errors/Placeholders,Template/Boilerplate,"هيكل H2 مكرر على 1 مقالة، ونسبة الجمل المكررة 45%. شورت كود كيان غير مُفسَّر (أقسام ناقصة في HTML): [post_call], [post_features], [post_prices], [post_services], [post_steps]. ما زال هناك رابط اتصال هاتفي tel: داخل المحتوى."
1498,post,عامل دهانات في عبري,https://rukn-eltatawer.com/om/painter-ibri/,painter-ibri,painter,ibri,2101,1255,0.403,0,20,13,1,,,,template_boilerplate|unexpanded_shortcodes|tel_in_content,Template/Boilerplate | Missing SEO Elements | Errors/Placeholders,Template/Boilerplate,"هيكل H2 مكرر على 1 مقالة، ونسبة الجمل المكررة 40%. شورت كود كيان غير مُفسَّر (أقسام ناقصة في HTML): [post_call], [post_features], [post_prices], [post_services], [post_steps]. ما زال هناك رابط اتصال هاتفي tel: داخل المحتوى."
1698,post,شركة إزالة دهان قديم وتحضير أسطح في عبري,https://rukn-eltatawer.com/om/paint-removal-surface-prep-ibri/,paint-removal-surface-prep-ibri,paint-removal-surface-prep,ibri,2239,1281,0.428,0,20,13,1,,,,template_boilerplate|unexpanded_shortcodes|tel_in_content,Template/Boilerplate | Missing SEO Elements | Errors/Placeholders,Template/Boilerplate,"هيكل H2 مكرر على 1 مقالة، ونسبة الجمل المكررة 43%. شورت كود كيان غير مُفسَّر (أقسام ناقصة في HTML): [post_call], [post_features], [post_prices], [post_services], [post_steps]. ما زال هناك رابط اتصال هاتفي tel: داخل المحتوى."
1458,post,شركة التعقيم بالأوزون في عبري,https://rukn-eltatawer.com/om/ozone-disinfection-ibri/,ozone-disinfection-ibri,ozone-disinfection,ibri,2168,1231,0.432,0,20,13,1,,,,template_boilerplate|unexpanded_shortcodes|tel_in_content,Template/Boilerplate | Missing SEO Elements | Errors/Placeholders,Template/Boilerplate,"هيكل H2 مكرر على 1 مقالة، ونسبة الجمل المكررة 43%. شورت كود كيان غير مُفسَّر (أقسام ناقصة في HTML): [post_call], [post_features], [post_prices], [post_services], [post_steps]. ما زال هناك رابط اتصال هاتفي tel: داخل المحتوى."
242,post,شركة تنظيف واجهات زجاجية في عبري,https://rukn-eltatawer.com/om/glass-facade-cleaning-ibri/,glass-facade-cleaning-ibri,glass-facade-cleaning,ibri,2170,1182,0.455,0,20,13,1,,,,template_boilerplate|unexpanded_shortcodes|tel_in_content,Template/Boilerplate | Missing SEO Elements | Errors/Placeholders,Template/Boilerplate,"هيكل H2 مكرر على 1 مقالة، ونسبة الجمل المكررة 46%. شورت كود كيان غير مُفسَّر (أقسام ناقصة في HTML): [post_call], [post_features], [post_prices], [post_services], [post_steps]. ما زال هناك رابط اتصال هاتفي tel: داخل المحتوى."
562,post,شركة صيانة أفران في عبري,https://rukn-eltatawer.com/om/oven-maintenance-ibri/,oven-maintenance-ibri,oven-maintenance,ibri,2056,1233,0.4,0,20,13,1,https://rukn-eltatawer.com/om/fridge-maintenance-ibri/,cross-service-duplicate,8,template_boilerplate|duplicate_similar|unexpanded_shortcodes|tel_in_content,Template/Boilerplate | Duplicate/Similar | Missing SEO Elements | Errors/Placeholders,Template/Boilerplate,"هيكل H2 مكرر على 1 مقالة، ونسبة الجمل المكررة 40%. تشابه مرتفع (hamming=8, cross-service-duplicate) مع https://rukn-eltatawer.com/om/fridge-maintenance-ibri/. شورت كود كيان غير مُفسَّر (أقسام ناقصة في HTML): [post_call], [post_features], [post_prices], [post_services], [post_steps]. ما زال هناك رابط اتصال هاتفي tel: داخل المحتوى."
1242,post,شركة نقل أثاث خارجي في عبري,https://rukn-eltatawer.com/om/outdoor-moving-ibri/,outdoor-moving-ibri,outdoor-moving,ibri,2194,1250,0.43,0,20,13,1,,,,template_boilerplate|unexpanded_shortcodes|tel_in_content,Template/Boilerplate | Missing SEO Elements | Errors/Placeholders,Template/Boilerplate,"هيكل H2 مكرر على 1 مقالة، ونسبة الجمل المكررة 43%. شورت كود كيان غير مُفسَّر (أقسام ناقصة في HTML): [post_call], [post_features], [post_prices], [post_services], [post_steps]. ما زال هناك رابط اتصال هاتفي tel: داخل المحتوى."
1066,post,شركة بناء مجالس خارجية في عبري,https://rukn-eltatawer.com/om/outdoor-majlis-ibri/,outdoor-majlis-ibri,outdoor-majlis,ibri,2148,1284,0.402,0,20,13,1,,,,template_boilerplate|unexpanded_shortcodes|tel_in_content,Template/Boilerplate | Missing SEO Elements | Errors/Placeholders,Template/Boilerplate,"هيكل H2 مكرر على 1 مقالة، ونسبة الجمل المكررة 40%. شورت كود كيان غير مُفسَّر (أقسام ناقصة في HTML): [post_call], [post_features], [post_prices], [post_services], [post_steps]. ما زال هناك رابط اتصال هاتفي tel: داخل المحتوى."
1058,post,شركة بناء مطابخ خارجية في عبري,https://rukn-eltatawer.com/om/outdoor-kitchens-ibri/,outdoor-kitchens-ibri,outdoor-kitchens,ibri,2171,1208,0.444,0,20,13,1,,,,template_boilerplate|unexpanded_shortcodes|tel_in_content,Template/Boilerplate | Missing SEO Elements | Errors/Placeholders,Template/Boilerplate,"هيكل H2 مكرر على 1 مقالة، ونسبة الجمل المكررة 44%. شورت كود كيان غير مُفسَّر (أقسام ناقصة في HTML): [post_call], [post_features], [post_prices], [post_services], [post_steps]. ما زال هناك رابط اتصال هاتفي tel: داخل المحتوى."
675,post,شركة تركيب وصيانة أجهزة تبريد مياه الخزانات في الرستاق,https://rukn-eltatawer.com/om/tank-water-chiller-rustaq/,tank-water-chiller-rustaq,tank-water-chiller,rustaq,2360,1381,0.415,0,20,13,1,https://rukn-eltatawer.com/om/tank-water-chiller-sohar/,city-variant-template,5,template_boilerplate|duplicate_similar|unexpanded_shortcodes|tel_in_content,Template/Boilerplate | Duplicate/Similar | Missing SEO Elements | Errors/Placeholders,Template/Boilerplate,"هيكل H2 مكرر على 1 مقالة، ونسبة الجمل المكررة 42%. تشابه مرتفع (hamming=5, city-variant-template) مع https://rukn-eltatawer.com/om/tank-water-chiller-sohar/. شورت كود كيان غير مُفسَّر (أقسام ناقصة في HTML): [post_call], [post_features], [post_prices], [post_services], [post_steps]. ما زال هناك رابط اتصال هاتفي tel: داخل المحتوى."
963,post,شركة تركيب أسقف مستعارة في الرستاق,https://rukn-eltatawer.com/om/suspended-ceiling-rustaq/,suspended-ceiling-rustaq,suspended-ceiling,rustaq,2176,1224,0.438,0,20,13,1,,,,template_boilerplate|unexpanded_shortcodes|tel_in_content,Template/Boilerplate | Missing SEO Elements | Errors/Placeholders,Template/Boilerplate,"هيكل H2 مكرر على 1 مقالة، ونسبة الجمل المكررة 44%. شورت كود كيان غير مُفسَّر (أقسام ناقصة في HTML): [post_call], [post_features], [post_prices], [post_services], [post_steps]. ما زال هناك رابط اتصال هاتفي tel: داخل المحتوى."
571,post,شركة صيانة بوتاجازات في الرستاق,https://rukn-eltatawer.com/om/stove-maintenance-rustaq/,stove-maintenance-rustaq,stove-maintenance,rustaq,2108,1264,0.4,0,20,13,1,,,,template_boilerplate|unexpanded_shortcodes|tel_in_content,Template/Boilerplate | Missing SEO Elements | Errors/Placeholders,Template/Boilerplate,"هيكل H2 مكرر على 1 مقالة، ونسبة الجمل المكررة 40%. شورت كود كيان غير مُفسَّر (أقسام ناقصة في HTML): [post_call], [post_features], [post_prices], [post_services], [post_steps]. ما زال هناك رابط اتصال هاتفي tel: داخل المحتوى."
907,post,شركة تركيب حجر طبيعي وصناعي في الرستاق,https://rukn-eltatawer.com/om/stone-rustaq/,stone-rustaq,stone,rustaq,2136,1299,0.392,0,20,13,1,,,,template_boilerplate|unexpanded_shortcodes|tel_in_content,Template/Boilerplate | Missing SEO Elements | Errors/Placeholders,Template/Boilerplate,"هيكل H2 مكرر على 1 مقالة، ونسبة الجمل المكررة 39%. شورت كود كيان غير مُفسَّر (أقسام ناقصة في HTML): [post_call], [post_features], [post_prices], [post_services], [post_steps]. ما زال هناك رابط اتصال هاتفي tel: داخل المحتوى."
1211,post,شركة إنشاء ممرات حجرية في الرستاق,https://rukn-eltatawer.com/om/stone-pathway-rustaq/,stone-pathway-rustaq,stone-pathway,rustaq,2205,1140,0.483,0,20,13,1,,,,template_boilerplate|unexpanded_shortcodes|tel_in_content,Template/Boilerplate | Missing SEO Elements | Errors/Placeholders,Template/Boilerplate,"هيكل H2 مكرر على 1 مقالة، ونسبة الجمل المكررة 48%. شورت كود كيان غير مُفسَّر (أقسام ناقصة في HTML): [post_call], [post_features], [post_prices], [post_services], [post_steps]. ما زال هناك رابط اتصال هاتفي tel: داخل المحتوى."
151,post,شركة تنظيف مطابخ في صور,https://rukn-eltatawer.com/om/kitchen-cleaning-sur/,kitchen-cleaning-sur,kitchen-cleaning,sur,2213,1211,0.453,0,20,13,1,,,,template_boilerplate|unexpanded_shortcodes|tel_in_content|structural_error,Template/Boilerplate | Missing SEO Elements | Errors/Placeholders,Template/Boilerplate,"هيكل H2 مكرر على 1 مقالة، ونسبة الجمل المكررة 45%. شورت كود كيان غير مُفسَّر (أقسام ناقصة في HTML): [post_call], [post_features], [post_prices], [post_services], [post_steps]. ما زال هناك رابط اتصال هاتفي tel: داخل المحتوى. فقرتان متتاليتان متطابقتان."
1443,post,شركة التعقيم بالبخار في الرستاق,https://rukn-eltatawer.com/om/steam-disinfection-rustaq/,steam-disinfection-rustaq,steam-disinfection,rustaq,2194,1189,0.458,0,20,13,1,,,,template_boilerplate|unexpanded_shortcodes|tel_in_content,Template/Boilerplate | Missing SEO Elements | Errors/Placeholders,Template/Boilerplate,"هيكل H2 مكرر على 1 مقالة، ونسبة الجمل المكررة 46%. شورت كود كيان غير مُفسَّر (أقسام ناقصة في HTML): [post_call], [post_features], [post_prices], [post_services], [post_steps]. ما زال هناك رابط اتصال هاتفي tel: داخل المحتوى."
207,post,شركة تنظيف كنب في الرستاق,https://rukn-eltatawer.com/om/sofa-cleaning-rustaq/,sofa-cleaning-rustaq,sofa-cleaning,rustaq,2196,1212,0.448,0,20,13,1,,,,template_boilerplate|unexpanded_shortcodes|tel_in_content,Template/Boilerplate | Missing SEO Elements | Errors/Placeholders,Template/Boilerplate,"هيكل H2 مكرر على 1 مقالة، ونسبة الجمل المكررة 45%. شورت كود كيان غير مُفسَّر (أقسام ناقصة في HTML): [post_call], [post_features], [post_prices], [post_services], [post_steps]. ما زال هناك رابط اتصال هاتفي tel: داخل المحتوى."
1371,post,شركة مكافحة الأفاعي في الرستاق,https://rukn-eltatawer.com/om/snake-control-rustaq/,snake-control-rustaq,snake-control,rustaq,2209,1376,0.377,0,20,13,1,,,,template_boilerplate|unexpanded_shortcodes|tel_in_content,Template/Boilerplate | Missing SEO Elements | Errors/Placeholders,Template/Boilerplate,"هيكل H2 مكرر على 1 مقالة، ونسبة الجمل المكررة 38%. شورت كود كيان غير مُفسَّر (أقسام ناقصة في HTML): [post_call], [post_features], [post_prices], [post_services], [post_steps]. ما زال هناك رابط اتصال هاتفي tel: داخل المحتوى."
1555,post,شركة مكاتب الشحن في الرستاق,https://rukn-eltatawer.com/om/shipping-offices-rustaq/,shipping-offices-rustaq,shipping-offices,rustaq,2097,1285,0.387,0,20,13,1,,,,template_boilerplate|unexpanded_shortcodes|tel_in_content,Template/Boilerplate | Missing SEO Elements | Errors/Placeholders,Template/Boilerplate,"هيكل H2 مكرر على 1 مقالة، ونسبة الجمل المكررة 39%. شورت كود كيان غير مُفسَّر (أقسام ناقصة في HTML): [post_call], [post_features], [post_prices], [post_services], [post_steps]. ما زال هناك رابط اتصال هاتفي tel: داخل المحتوى."
1011,post,شركة تركيب مظلات وسواتر في الرستاق,https://rukn-eltatawer.com/om/shades-sails-rustaq/,shades-sails-rustaq,shades-sails,rustaq,2179,1279,0.413,0,20,13,1,,,,template_boilerplate|unexpanded_shortcodes|tel_in_content,Template/Boilerplate | Missing SEO Elements | Errors/Placeholders,Template/Boilerplate,"هيكل H2 مكرر على 1 مقالة، ونسبة الجمل المكررة 41%. شورت كود كيان غير مُفسَّر (أقسام ناقصة في HTML): [post_call], [post_features], [post_prices], [post_services], [post_steps]. ما زال هناك رابط اتصال هاتفي tel: داخل المحتوى."
150,post,شركة تنظيف مطابخ في نزوى,https://rukn-eltatawer.com/om/kitchen-cleaning-nizwa/,kitchen-cleaning-nizwa,kitchen-cleaning,nizwa,2210,1248,0.435,0,20,13,1,,,,template_boilerplate|unexpanded_shortcodes|tel_in_content,Template/Boilerplate | Missing SEO Elements | Errors/Placeholders,Template/Boilerplate,"هيكل H2 مكرر على 1 مقالة، ونسبة الجمل المكررة 44%. شورت كود كيان غير مُفسَّر (أقسام ناقصة في HTML): [post_call], [post_features], [post_prices], [post_services], [post_steps]. ما زال هناك رابط اتصال هاتفي tel: داخل المحتوى."
1611,post,شركة شحن دولي بحري في الرستاق,https://rukn-eltatawer.com/om/sea-freight-rustaq/,sea-freight-rustaq,sea-freight,rustaq,2146,1362,0.365,0,20,13,1,,,,template_boilerplate|unexpanded_shortcodes|tel_in_content|structural_error,Template/Boilerplate | Missing SEO Elements | Errors/Placeholders,Template/Boilerplate,"هيكل H2 مكرر على 1 مقالة، ونسبة الجمل المكررة 36%. شورت كود كيان غير مُفسَّر (أقسام ناقصة في HTML): [post_call], [post_features], [post_prices], [post_services], [post_steps]. ما زال هناك رابط اتصال هاتفي tel: داخل المحتوى. فقرتان متتاليتان متطابقتان."
1379,post,شركة مكافحة العقارب في الرستاق,https://rukn-eltatawer.com/om/scorpion-control-rustaq/,scorpion-control-rustaq,scorpion-control,rustaq,2216,1387,0.374,0,20,13,1,,,,template_boilerplate|unexpanded_shortcodes|tel_in_content,Template/Boilerplate | Missing SEO Elements | Errors/Placeholders,Template/Boilerplate,"هيكل H2 مكرر على 1 مقالة، ونسبة الجمل المكررة 37%. شورت كود كيان غير مُفسَّر (أقسام ناقصة في HTML): [post_call], [post_features], [post_prices], [post_services], [post_steps]. ما زال هناك رابط اتصال هاتفي tel: داخل المحتوى."
117,post,شركة تنظيف مدارس وحضانات في الرستاق,https://rukn-eltatawer.com/om/school-nursery-cleaning-rustaq/,school-nursery-cleaning-rustaq,school-nursery-cleaning,rustaq,2231,1266,0.433,0,20,13,1,,,,template_boilerplate|unexpanded_shortcodes|tel_in_content,Template/Boilerplate | Missing SEO Elements | Errors/Placeholders,Template/Boilerplate,"هيكل H2 مكرر على 1 مقالة، ونسبة الجمل المكررة 43%. شورت كود كيان غير مُفسَّر (أقسام ناقصة في HTML): [post_call], [post_features], [post_prices], [post_services], [post_steps]. ما زال هناك رابط اتصال هاتفي tel: داخل المحتوى."
1523,post,فني تركيب أقمار صناعية في الرستاق,https://rukn-eltatawer.com/om/satellite-tech-rustaq/,satellite-tech-rustaq,satellite-tech,rustaq,2220,1470,0.338,0,20,13,1,https://rukn-eltatawer.com/om/satellite-tech-al-buraimi/,city-variant-template,7,duplicate_similar|unexpanded_shortcodes|tel_in_content,Duplicate/Similar | Missing SEO Elements | Errors/Placeholders,Duplicate/Similar,"تشابه مرتفع (hamming=7, city-variant-template) مع https://rukn-eltatawer.com/om/satellite-tech-al-buraimi/. شورت كود كيان غير مُفسَّر (أقسام ناقصة في HTML): [post_call], [post_features], [post_prices], [post_services], [post_steps]. ما زال هناك رابط اتصال هاتفي tel: داخل المحتوى."
1515,post,فني تركيب دش في الرستاق,https://rukn-eltatawer.com/om/sat-dish-tech-rustaq/,sat-dish-tech-rustaq,sat-dish-tech,rustaq,2202,1346,0.389,0,20,13,1,,,,template_boilerplate|unexpanded_shortcodes|tel_in_content,Template/Boilerplate | Missing SEO Elements | Errors/Placeholders,Template/Boilerplate,"هيكل H2 مكرر على 1 مقالة، ونسبة الجمل المكررة 39%. شورت كود كيان غير مُفسَّر (أقسام ناقصة في HTML): [post_call], [post_features], [post_prices], [post_services], [post_steps]. ما زال هناك رابط اتصال هاتفي tel: داخل المحتوى."
149,post,شركة تنظيف مطابخ في صحار,https://rukn-eltatawer.com/om/kitchen-cleaning-sohar/,kitchen-cleaning-sohar,kitchen-cleaning,sohar,2234,1201,0.462,0,20,13,1,,,,template_boilerplate|unexpanded_shortcodes|tel_in_content,Template/Boilerplate | Missing SEO Elements | Errors/Placeholders,Template/Boilerplate,"هيكل H2 مكرر على 1 مقالة، ونسبة الجمل المكررة 46%. شورت كود كيان غير مُفسَّر (أقسام ناقصة في HTML): [post_call], [post_features], [post_prices], [post_services], [post_steps]. ما زال هناك رابط اتصال هاتفي tel: داخل المحتوى."
1675,post,شركة عزل ودهان أسطح في الرستاق,https://rukn-eltatawer.com/om/roof-insulation-painting-rustaq/,roof-insulation-painting-rustaq,roof-insulation-painting,rustaq,2296,1474,0.358,0,20,13,1,https://rukn-eltatawer.com/om/roof-insulation-painting-al-buraimi/,city-variant-template,6,template_boilerplate|duplicate_similar|unexpanded_shortcodes|tel_in_content,Template/Boilerplate | Duplicate/Similar | Missing SEO Elements | Errors/Placeholders,Template/Boilerplate,"هيكل H2 مكرر على 1 مقالة، ونسبة الجمل المكررة 36%. تشابه مرتفع (hamming=6, city-variant-template) مع https://rukn-eltatawer.com/om/roof-insulation-painting-al-buraimi/. شورت كود كيان غير مُفسَّر (أقسام ناقصة في HTML): [post_call], [post_features], [post_prices], [post_services], [post_steps]. ما زال هناك رابط اتصال هاتفي tel: داخل المحتوى."
1123,post,شركة تصميم حدائق أسطح في الرستاق,https://rukn-eltatawer.com/om/roof-garden-design-rustaq/,roof-garden-design-rustaq,roof-garden-design,rustaq,2192,1217,0.445,0,20,13,1,,,,template_boilerplate|unexpanded_shortcodes|tel_in_content,Template/Boilerplate | Missing SEO Elements | Errors/Placeholders,Template/Boilerplate,"هيكل H2 مكرر على 1 مقالة، ونسبة الجمل المكررة 44%. شورت كود كيان غير مُفسَّر (أقسام ناقصة في HTML): [post_call], [post_features], [post_prices], [post_services], [post_steps]. ما زال هناك رابط اتصال هاتفي tel: داخل المحتوى."
1667,post,شركة دهان بويات عالية الجودة في الرستاق,https://rukn-eltatawer.com/om/premium-paint-finishing-rustaq/,premium-paint-finishing-rustaq,premium-paint-finishing,rustaq,2263,1329,0.413,0,20,13,1,,,,template_boilerplate|unexpanded_shortcodes|tel_in_content,Template/Boilerplate | Missing SEO Elements | Errors/Placeholders,Template/Boilerplate,"هيكل H2 مكرر على 1 مقالة، ونسبة الجمل المكررة 41%. شورت كود كيان غير مُفسَّر (أقسام ناقصة في HTML): [post_call], [post_features], [post_prices], [post_services], [post_steps]. ما زال هناك رابط اتصال هاتفي tel: داخل المحتوى."
1731,post,شركة صيانة ودهان بعد التسريبات في الرستاق,https://rukn-eltatawer.com/om/post-leak-repaint-maintenance-rustaq/,post-leak-repaint-maintenance-rustaq,post-leak-repaint-maintenance,rustaq,2221,1267,0.43,0,20,13,1,,,,template_boilerplate|unexpanded_shortcodes|tel_in_content,Template/Boilerplate | Missing SEO Elements | Errors/Placeholders,Template/Boilerplate,"هيكل H2 مكرر على 1 مقالة، ونسبة الجمل المكررة 43%. شورت كود كيان غير مُفسَّر (أقسام ناقصة في HTML): [post_call], [post_features], [post_prices], [post_services], [post_steps]. ما زال هناك رابط اتصال هاتفي tel: داخل المحتوى."
531,post,شركة صيانة مسابح في الرستاق,https://rukn-eltatawer.com/om/pool-maintenance-rustaq/,pool-maintenance-rustaq,pool-maintenance,rustaq,2154,1277,0.407,0,20,13,1,,,,template_boilerplate|unexpanded_shortcodes|tel_in_content,Template/Boilerplate | Missing SEO Elements | Errors/Placeholders,Template/Boilerplate,"هيكل H2 مكرر على 1 مقالة، ونسبة الجمل المكررة 41%. شورت كود كيان غير مُفسَّر (أقسام ناقصة في HTML): [post_call], [post_features], [post_prices], [post_services], [post_steps]. ما زال هناك رابط اتصال هاتفي tel: داخل المحتوى."
148,post,شركة تنظيف مطابخ في صلالة,https://rukn-eltatawer.com/om/kitchen-cleaning-salalah/,kitchen-cleaning-salalah,kitchen-cleaning,salalah,2256,1357,0.398,0,20,13,1,,,,template_boilerplate|unexpanded_shortcodes|tel_in_content,Template/Boilerplate | Missing SEO Elements | Errors/Placeholders,Template/Boilerplate,"هيكل H2 مكرر على 1 مقالة، ونسبة الجمل المكررة 40%. شورت كود كيان غير مُفسَّر (أقسام ناقصة في HTML): [post_call], [post_features], [post_prices], [post_services], [post_steps]. ما زال هناك رابط اتصال هاتفي tel: داخل المحتوى."
144,post,شركة تنظيف مسابح في الرستاق,https://rukn-eltatawer.com/om/pool-cleaning-rustaq/,pool-cleaning-rustaq,pool-cleaning,rustaq,2183,1154,0.471,0,20,13,1,,,,template_boilerplate|unexpanded_shortcodes|tel_in_content,Template/Boilerplate | Missing SEO Elements | Errors/Placeholders,Template/Boilerplate,"هيكل H2 مكرر على 1 مقالة، ونسبة الجمل المكررة 47%. شورت كود كيان غير مُفسَّر (أقسام ناقصة في HTML): [post_call], [post_features], [post_prices], [post_services], [post_steps]. ما زال هناك رابط اتصال هاتفي tel: داخل المحتوى."
875,post,شركة تركيب بلاستر في الرستاق,https://rukn-eltatawer.com/om/plastering-rustaq/,plastering-rustaq,plastering,rustaq,2168,1020,0.53,0,20,13,1,,,,template_boilerplate|unexpanded_shortcodes|tel_in_content,Template/Boilerplate | Missing SEO Elements | Errors/Placeholders,Template/Boilerplate,"هيكل H2 مكرر على 1 مقالة، ونسبة الجمل المكررة 53%. شورت كود كيان غير مُفسَّر (أقسام ناقصة في HTML): [post_call], [post_features], [post_prices], [post_services], [post_steps]. ما زال هناك رابط اتصال هاتفي tel: داخل المحتوى."
1427,post,شركة تركيب مسامير طاردة للحمام في الرستاق,https://rukn-eltatawer.com/om/pigeon-spikes-installation-rustaq/,pigeon-spikes-installation-rustaq,pigeon-spikes-installation,rustaq,2288,1438,0.372,0,20,13,1,,,,template_boilerplate|unexpanded_shortcodes|tel_in_content,Template/Boilerplate | Missing SEO Elements | Errors/Placeholders,Template/Boilerplate,"هيكل H2 مكرر على 1 مقالة، ونسبة الجمل المكررة 37%. شورت كود كيان غير مُفسَّر (أقسام ناقصة في HTML): [post_call], [post_features], [post_prices], [post_services], [post_steps]. ما زال هناك رابط اتصال هاتفي tel: داخل المحتوى."
1419,post,شركة تركيب شبك طارد للحمام في الرستاق,https://rukn-eltatawer.com/om/pigeon-net-installation-rustaq/,pigeon-net-installation-rustaq,pigeon-net-installation,rustaq,2310,1478,0.36,0,20,13,1,,,,template_boilerplate|unexpanded_shortcodes|tel_in_content,Template/Boilerplate | Missing SEO Elements | Errors/Placeholders,Template/Boilerplate,"هيكل H2 مكرر على 1 مقالة، ونسبة الجمل المكررة 36%. شورت كود كيان غير مُفسَّر (أقسام ناقصة في HTML): [post_call], [post_features], [post_prices], [post_services], [post_steps]. ما زال هناك رابط اتصال هاتفي tel: داخل المحتوى."
1259,post,شركة نقل بيانو في الرستاق,https://rukn-eltatawer.com/om/piano-moving-rustaq/,piano-moving-rustaq,piano-moving,rustaq,2097,1247,0.405,0,20,13,1,,,,template_boilerplate|unexpanded_shortcodes|tel_in_content,Template/Boilerplate | Missing SEO Elements | Errors/Placeholders,Template/Boilerplate,"هيكل H2 مكرر على 1 مقالة، ونسبة الجمل المكررة 40%. شورت كود كيان غير مُفسَّر (أقسام ناقصة في HTML): [post_call], [post_features], [post_prices], [post_services], [post_steps]. ما زال هناك رابط اتصال هاتفي tel: داخل المحتوى."
147,post,شركة تنظيف مطابخ في مسقط,https://rukn-eltatawer.com/om/kitchen-cleaning-muscat/,kitchen-cleaning-muscat,kitchen-cleaning,muscat,2308,1357,0.412,0,20,13,1,,,,template_boilerplate|unexpanded_shortcodes|tel_in_content,Template/Boilerplate | Missing SEO Elements | Errors/Placeholders,Template/Boilerplate,"هيكل H2 مكرر على 1 مقالة، ونسبة الجمل المكررة 41%. شورت كود كيان غير مُفسَّر (أقسام ناقصة في HTML): [post_call], [post_features], [post_prices], [post_services], [post_steps]. ما زال هناك رابط اتصال هاتفي tel: داخل المحتوى."
1195,post,شركة تركيب برجولات في الرستاق,https://rukn-eltatawer.com/om/pergola-installation-rustaq/,pergola-installation-rustaq,pergola-installation,rustaq,2142,1189,0.445,0,20,13,1,,,,template_boilerplate|unexpanded_shortcodes|tel_in_content,Template/Boilerplate | Missing SEO Elements | Errors/Placeholders,Template/Boilerplate,"هيكل H2 مكرر على 1 مقالة، ونسبة الجمل المكررة 44%. شورت كود كيان غير مُفسَّر (أقسام ناقصة في HTML): [post_call], [post_features], [post_prices], [post_services], [post_steps]. ما زال هناك رابط اتصال هاتفي tel: داخل المحتوى."
891,post,شركة تركيب باركيه وأرضيات خشب في الرستاق,https://rukn-eltatawer.com/om/parquet-rustaq/,parquet-rustaq,parquet,rustaq,2148,1298,0.396,0,20,13,1,,,,template_boilerplate|unexpanded_shortcodes|tel_in_content,Template/Boilerplate | Missing SEO Elements | Errors/Placeholders,Template/Boilerplate,"هيكل H2 مكرر على 1 مقالة، ونسبة الجمل المكررة 40%. شورت كود كيان غير مُفسَّر (أقسام ناقصة في HTML): [post_call], [post_features], [post_prices], [post_services], [post_steps]. ما زال هناك رابط اتصال هاتفي tel: داخل المحتوى."
1139,post,شركة زرع نخيل وأشجار في الرستاق,https://rukn-eltatawer.com/om/palm-tree-planting-rustaq/,palm-tree-planting-rustaq,palm-tree-planting,rustaq,2196,1282,0.416,0,20,13,1,,,,template_boilerplate|unexpanded_shortcodes|tel_in_content,Template/Boilerplate | Missing SEO Elements | Errors/Placeholders,Template/Boilerplate,"هيكل H2 مكرر على 1 مقالة، ونسبة الجمل المكررة 42%. شورت كود كيان غير مُفسَّر (أقسام ناقصة في HTML): [post_call], [post_features], [post_prices], [post_services], [post_steps]. ما زال هناك رابط اتصال هاتفي tel: داخل المحتوى."
90,post,شركة تنظيف قصور في الرستاق,https://rukn-eltatawer.com/om/palace-cleaning-rustaq/,palace-cleaning-rustaq,palace-cleaning,rustaq,2217,1307,0.41,0,20,13,1,,,,template_boilerplate|unexpanded_shortcodes|tel_in_content,Template/Boilerplate | Missing SEO Elements | Errors/Placeholders,Template/Boilerplate,"هيكل H2 مكرر على 1 مقالة، ونسبة الجمل المكررة 41%. شورت كود كيان غير مُفسَّر (أقسام ناقصة في HTML): [post_call], [post_features], [post_prices], [post_services], [post_steps]. ما زال هناك رابط اتصال هاتفي tel: داخل المحتوى."
1499,post,عامل دهانات في الرستاق,https://rukn-eltatawer.com/om/painter-rustaq/,painter-rustaq,painter,rustaq,2174,1222,0.438,0,20,13,1,,,,template_boilerplate|unexpanded_shortcodes|tel_in_content,Template/Boilerplate | Missing SEO Elements | Errors/Placeholders,Template/Boilerplate,"هيكل H2 مكرر على 1 مقالة، ونسبة الجمل المكررة 44%. شورت كود كيان غير مُفسَّر (أقسام ناقصة في HTML): [post_call], [post_features], [post_prices], [post_services], [post_steps]. ما زال هناك رابط اتصال هاتفي tel: داخل المحتوى."
1699,post,شركة إزالة دهان قديم وتحضير أسطح في الرستاق,https://rukn-eltatawer.com/om/paint-removal-surface-prep-rustaq/,paint-removal-surface-prep-rustaq,paint-removal-surface-prep,rustaq,2267,1253,0.447,0,20,13,1,,,,template_boilerplate|unexpanded_shortcodes|tel_in_content,Template/Boilerplate | Missing SEO Elements | Errors/Placeholders,Template/Boilerplate,"هيكل H2 مكرر على 1 مقالة، ونسبة الجمل المكررة 45%. شورت كود كيان غير مُفسَّر (أقسام ناقصة في HTML): [post_call], [post_features], [post_prices], [post_services], [post_steps]. ما زال هناك رابط اتصال هاتفي tel: داخل المحتوى."
163,post,شركة تنظيف حمامات في البريمي,https://rukn-eltatawer.com/om/bathroom-cleaning-al-buraimi/,bathroom-cleaning-al-buraimi,bathroom-cleaning,al-buraimi,2194,1196,0.455,0,20,13,1,,,,template_boilerplate|unexpanded_shortcodes|tel_in_content,Template/Boilerplate | Missing SEO Elements | Errors/Placeholders,Template/Boilerplate,"هيكل H2 مكرر على 1 مقالة، ونسبة الجمل المكررة 46%. شورت كود كيان غير مُفسَّر (أقسام ناقصة في HTML): [post_call], [post_features], [post_prices], [post_services], [post_steps]. ما زال هناك رابط اتصال هاتفي tel: داخل المحتوى."
1459,post,شركة التعقيم بالأوزون في الرستاق,https://rukn-eltatawer.com/om/ozone-disinfection-rustaq/,ozone-disinfection-rustaq,ozone-disinfection,rustaq,2181,1252,0.426,0,20,13,1,,,,template_boilerplate|unexpanded_shortcodes|tel_in_content,Template/Boilerplate | Missing SEO Elements | Errors/Placeholders,Template/Boilerplate,"هيكل H2 مكرر على 1 مقالة، ونسبة الجمل المكررة 43%. شورت كود كيان غير مُفسَّر (أقسام ناقصة في HTML): [post_call], [post_features], [post_prices], [post_services], [post_steps]. ما زال هناك رابط اتصال هاتفي tel: داخل المحتوى."
563,post,شركة صيانة أفران في الرستاق,https://rukn-eltatawer.com/om/oven-maintenance-rustaq/,oven-maintenance-rustaq,oven-maintenance,rustaq,2128,1154,0.458,0,20,13,1,,,,template_boilerplate|unexpanded_shortcodes|tel_in_content,Template/Boilerplate | Missing SEO Elements | Errors/Placeholders,Template/Boilerplate,"هيكل H2 مكرر على 1 مقالة، ونسبة الجمل المكررة 46%. شورت كود كيان غير مُفسَّر (أقسام ناقصة في HTML): [post_call], [post_features], [post_prices], [post_services], [post_steps]. ما زال هناك رابط اتصال هاتفي tel: داخل المحتوى."
1243,post,شركة نقل أثاث خارجي في الرستاق,https://rukn-eltatawer.com/om/outdoor-moving-rustaq/,outdoor-moving-rustaq,outdoor-moving,rustaq,2197,1267,0.423,0,20,13,1,,,,template_boilerplate|unexpanded_shortcodes|tel_in_content|structural_error,Template/Boilerplate | Missing SEO Elements | Errors/Placeholders,Template/Boilerplate,"هيكل H2 مكرر على 1 مقالة، ونسبة الجمل المكررة 42%. شورت كود كيان غير مُفسَّر (أقسام ناقصة في HTML): [post_call], [post_features], [post_prices], [post_services], [post_steps]. ما زال هناك رابط اتصال هاتفي tel: داخل المحتوى. فقرتان متتاليتان متطابقتان."
1067,post,شركة بناء مجالس خارجية في الرستاق,https://rukn-eltatawer.com/om/outdoor-majlis-rustaq/,outdoor-majlis-rustaq,outdoor-majlis,rustaq,2152,1272,0.409,0,20,13,1,,,,template_boilerplate|unexpanded_shortcodes|tel_in_content,Template/Boilerplate | Missing SEO Elements | Errors/Placeholders,Template/Boilerplate,"هيكل H2 مكرر على 1 مقالة، ونسبة الجمل المكررة 41%. شورت كود كيان غير مُفسَّر (أقسام ناقصة في HTML): [post_call], [post_features], [post_prices], [post_services], [post_steps]. ما زال هناك رابط اتصال هاتفي tel: داخل المحتوى."
1059,post,شركة بناء مطابخ خارجية في الرستاق,https://rukn-eltatawer.com/om/outdoor-kitchens-rustaq/,outdoor-kitchens-rustaq,outdoor-kitchens,rustaq,2173,1203,0.446,0,20,13,1,https://rukn-eltatawer.com/om/kitchen-insulation-ibri/,cross-service-duplicate,6,template_boilerplate|duplicate_similar|unexpanded_shortcodes|tel_in_content,Template/Boilerplate | Duplicate/Similar | Missing SEO Elements | Errors/Placeholders,Template/Boilerplate,"هيكل H2 مكرر على 1 مقالة، ونسبة الجمل المكررة 45%. تشابه مرتفع (hamming=6, cross-service-duplicate) مع https://rukn-eltatawer.com/om/kitchen-insulation-ibri/. شورت كود كيان غير مُفسَّر (أقسام ناقصة في HTML): [post_call], [post_features], [post_prices], [post_services], [post_steps]. ما زال هناك رابط اتصال هاتفي tel: داخل المحتوى."
161,post,شركة تنظيف حمامات في عبري,https://rukn-eltatawer.com/om/bathroom-cleaning-ibri/,bathroom-cleaning-ibri,bathroom-cleaning,ibri,2208,1181,0.465,0,20,13,1,https://rukn-eltatawer.com/om/garden-cleaning-al-buraimi/,cross-service-duplicate,8,template_boilerplate|duplicate_similar|unexpanded_shortcodes|tel_in_content,Template/Boilerplate | Duplicate/Similar | Missing SEO Elements | Errors/Placeholders,Template/Boilerplate,"هيكل H2 مكرر على 1 مقالة، ونسبة الجمل المكررة 46%. تشابه مرتفع (hamming=8, cross-service-duplicate) مع https://rukn-eltatawer.com/om/garden-cleaning-al-buraimi/. شورت كود كيان غير مُفسَّر (أقسام ناقصة في HTML): [post_call], [post_features], [post_prices], [post_services], [post_steps]. ما زال هناك رابط اتصال هاتفي tel: داخل المحتوى."
1051,post,شركة بناء حمامات خارجية في الرستاق,https://rukn-eltatawer.com/om/outdoor-bathrooms-rustaq/,outdoor-bathrooms-rustaq,outdoor-bathrooms,rustaq,2178,1305,0.401,0,20,13,1,,,,template_boilerplate|unexpanded_shortcodes|tel_in_content,Template/Boilerplate | Missing SEO Elements | Errors/Placeholders,Template/Boilerplate,"هيكل H2 مكرر على 1 مقالة، ونسبة الجمل المكررة 40%. شورت كود كيان غير مُفسَّر (أقسام ناقصة في HTML): [post_call], [post_features], [post_prices], [post_services], [post_steps]. ما زال هناك رابط اتصال هاتفي tel: داخل المحتوى."
1691,post,شركة دهان مكاتب وشركات في الرستاق,https://rukn-eltatawer.com/om/office-painting-rustaq/,office-painting-rustaq,office-painting,rustaq,2182,1262,0.422,0,20,13,1,,,,template_boilerplate|unexpanded_shortcodes|tel_in_content,Template/Boilerplate | Missing SEO Elements | Errors/Placeholders,Template/Boilerplate,"هيكل H2 مكرر على 1 مقالة، ونسبة الجمل المكررة 42%. شورت كود كيان غير مُفسَّر (أقسام ناقصة في HTML): [post_call], [post_features], [post_prices], [post_services], [post_steps]. ما زال هناك رابط اتصال هاتفي tel: داخل المحتوى."
1683,post,شركة تشطيب ودهان فلل جديدة في الرستاق,https://rukn-eltatawer.com/om/new-villa-finishing-painting-rustaq/,new-villa-finishing-painting-rustaq,new-villa-finishing-painting,rustaq,2254,1323,0.413,0,20,13,1,,,,template_boilerplate|unexpanded_shortcodes|tel_in_content,Template/Boilerplate | Missing SEO Elements | Errors/Placeholders,Template/Boilerplate,"هيكل H2 مكرر على 1 مقالة، ونسبة الجمل المكررة 41%. شورت كود كيان غير مُفسَّر (أقسام ناقصة في HTML): [post_call], [post_features], [post_prices], [post_services], [post_steps]. ما زال هناك رابط اتصال هاتفي tel: داخل المحتوى."
1827,post,شركة تأسيس كهرباء وسباكة لمبنى جديد في الرستاق,https://rukn-eltatawer.com/om/new-building-electrical-plumbing-rustaq/,new-building-electrical-plumbing-rustaq,new-building-electrical-plumbing,rustaq,2305,1485,0.356,0,20,13,1,,,,template_boilerplate|unexpanded_shortcodes|tel_in_content,Template/Boilerplate | Missing SEO Elements | Errors/Placeholders,Template/Boilerplate,"هيكل H2 مكرر على 1 مقالة، ونسبة الجمل المكررة 36%. شورت كود كيان غير مُفسَّر (أقسام ناقصة في HTML): [post_call], [post_features], [post_prices], [post_services], [post_steps]. ما زال هناك رابط اتصال هاتفي tel: داخل المحتوى."
1131,post,شركة قص عشب طبيعي في الرستاق,https://rukn-eltatawer.com/om/natural-grass-cutting-rustaq/,natural-grass-cutting-rustaq,natural-grass-cutting,rustaq,2156,1196,0.445,0,20,13,1,,,,template_boilerplate|unexpanded_shortcodes|tel_in_content,Template/Boilerplate | Missing SEO Elements | Errors/Placeholders,Template/Boilerplate,"هيكل H2 مكرر على 1 مقالة، ونسبة الجمل المكررة 44%. شورت كود كيان غير مُفسَّر (أقسام ناقصة في HTML): [post_call], [post_features], [post_prices], [post_services], [post_steps]. ما زال هناك رابط اتصال هاتفي tel: داخل المحتوى."
162,post,شركة تنظيف حمامات في الرستاق,https://rukn-eltatawer.com/om/bathroom-cleaning-rustaq/,bathroom-cleaning-rustaq,bathroom-cleaning,rustaq,2179,1249,0.427,0,20,13,1,,,,template_boilerplate|unexpanded_shortcodes|tel_in_content,Template/Boilerplate | Missing SEO Elements | Errors/Placeholders,Template/Boilerplate,"هيكل H2 مكرر على 1 مقالة، ونسبة الجمل المكررة 43%. شورت كود كيان غير مُفسَّر (أقسام ناقصة في HTML): [post_call], [post_features], [post_prices], [post_services], [post_steps]. ما زال هناك رابط اتصال هاتفي tel: داخل المحتوى."
198,post,شركة تنظيف موكيت في الرستاق,https://rukn-eltatawer.com/om/moquette-cleaning-rustaq/,moquette-cleaning-rustaq,moquette-cleaning,rustaq,2258,1221,0.459,0,20,13,1,,,,template_boilerplate|unexpanded_shortcodes|tel_in_content,Template/Boilerplate | Missing SEO Elements | Errors/Placeholders,Template/Boilerplate,"هيكل H2 مكرر على 1 مقالة، ونسبة الجمل المكررة 46%. شورت كود كيان غير مُفسَّر (أقسام ناقصة في HTML): [post_call], [post_features], [post_prices], [post_services], [post_steps]. ما زال هناك رابط اتصال هاتفي tel: داخل المحتوى."
1155,post,شركة تركيب شبكات ري حديثة في الرستاق,https://rukn-eltatawer.com/om/modern-irrigation-rustaq/,modern-irrigation-rustaq,modern-irrigation,rustaq,2193,1166,0.468,0,20,13,1,,,,template_boilerplate|unexpanded_shortcodes|tel_in_content,Template/Boilerplate | Missing SEO Elements | Errors/Placeholders,Template/Boilerplate,"هيكل H2 مكرر على 1 مقالة، ونسبة الجمل المكررة 47%. شورت كود كيان غير مُفسَّر (أقسام ناقصة في HTML): [post_call], [post_features], [post_prices], [post_services], [post_steps]. ما زال هناك رابط اتصال هاتفي tel: داخل المحتوى."
611,post,شركة صيانة ميكروويف في الرستاق,https://rukn-eltatawer.com/om/microwave-maintenance-rustaq/,microwave-maintenance-rustaq,microwave-maintenance,rustaq,2071,1243,0.4,0,20,13,1,,,,template_boilerplate|unexpanded_shortcodes|tel_in_content,Template/Boilerplate | Missing SEO Elements | Errors/Placeholders,Template/Boilerplate,"هيكل H2 مكرر على 1 مقالة، ونسبة الجمل المكررة 40%. شورت كود كيان غير مُفسَّر (أقسام ناقصة في HTML): [post_call], [post_features], [post_prices], [post_services], [post_steps]. ما زال هناك رابط اتصال هاتفي tel: داخل المحتوى."
225,post,شركة تنظيف مراتب في الرستاق,https://rukn-eltatawer.com/om/mattress-cleaning-rustaq/,mattress-cleaning-rustaq,mattress-cleaning,rustaq,2229,1272,0.429,0,20,13,1,,,,template_boilerplate|unexpanded_shortcodes|tel_in_content,Template/Boilerplate | Missing SEO Elements | Errors/Placeholders,Template/Boilerplate,"هيكل H2 مكرر على 1 مقالة، ونسبة الجمل المكررة 43%. شورت كود كيان غير مُفسَّر (أقسام ناقصة في HTML): [post_call], [post_features], [post_prices], [post_services], [post_steps]. ما زال هناك رابط اتصال هاتفي tel: داخل المحتوى."
234,post,شركة تنظيف أرضيات رخام وجلي رخام في الرستاق,https://rukn-eltatawer.com/om/marble-polishing-rustaq/,marble-polishing-rustaq,marble-polishing,rustaq,2255,1282,0.431,0,20,13,1,,,,template_boilerplate|unexpanded_shortcodes|tel_in_content,Template/Boilerplate | Missing SEO Elements | Errors/Placeholders,Template/Boilerplate,"هيكل H2 مكرر على 1 مقالة، ونسبة الجمل المكررة 43%. شورت كود كيان غير مُفسَّر (أقسام ناقصة في HTML): [post_call], [post_features], [post_prices], [post_services], [post_steps]. ما زال هناك رابط اتصال هاتفي tel: داخل المحتوى."
160,post,شركة تنظيف حمامات في صور,https://rukn-eltatawer.com/om/bathroom-cleaning-sur/,bathroom-cleaning-sur,bathroom-cleaning,sur,2197,1276,0.419,0,20,13,1,,,,template_boilerplate|unexpanded_shortcodes|tel_in_content,Template/Boilerplate | Missing SEO Elements | Errors/Placeholders,Template/Boilerplate,"هيكل H2 مكرر على 1 مقالة، ونسبة الجمل المكررة 42%. شورت كود كيان غير مُفسَّر (أقسام ناقصة في HTML): [post_call], [post_features], [post_prices], [post_services], [post_steps]. ما زال هناك رابط اتصال هاتفي tel: داخل المحتوى."
915,post,شركة تركيب رخام وجرانيت في الرستاق,https://rukn-eltatawer.com/om/marble-granite-rustaq/,marble-granite-rustaq,marble-granite,rustaq,2113,1291,0.389,0,20,13,1,,,,template_boilerplate|unexpanded_shortcodes|tel_in_content,Template/Boilerplate | Missing SEO Elements | Errors/Placeholders,Template/Boilerplate,"هيكل H2 مكرر على 1 مقالة، ونسبة الجمل المكررة 39%. شورت كود كيان غير مُفسَّر (أقسام ناقصة في HTML): [post_call], [post_features], [post_prices], [post_services], [post_steps]. ما زال هناك رابط اتصال هاتفي tel: داخل المحتوى."
135,post,شركة تنظيف محلات تجارية ومولات في الرستاق,https://rukn-eltatawer.com/om/mall-cleaning-rustaq/,mall-cleaning-rustaq,mall-cleaning,rustaq,2263,1201,0.469,0,20,13,1,,,,template_boilerplate|unexpanded_shortcodes|tel_in_content,Template/Boilerplate | Missing SEO Elements | Errors/Placeholders,Template/Boilerplate,"هيكل H2 مكرر على 1 مقالة، ونسبة الجمل المكررة 47%. شورت كود كيان غير مُفسَّر (أقسام ناقصة في HTML): [post_call], [post_features], [post_prices], [post_services], [post_steps]. ما زال هناك رابط اتصال هاتفي tel: داخل المحتوى."
108,post,شركة تنظيف مجالس في الرستاق,https://rukn-eltatawer.com/om/majlis-cleaning-rustaq/,majlis-cleaning-rustaq,majlis-cleaning,rustaq,2184,1247,0.429,0,20,13,1,,,,template_boilerplate|unexpanded_shortcodes|tel_in_content,Template/Boilerplate | Missing SEO Elements | Errors/Placeholders,Template/Boilerplate,"هيكل H2 مكرر على 1 مقالة، ونسبة الجمل المكررة 43%. شورت كود كيان غير مُفسَّر (أقسام ناقصة في HTML): [post_call], [post_features], [post_prices], [post_services], [post_steps]. ما زال هناك رابط اتصال هاتفي tel: داخل المحتوى."
1043,post,شركة بناء استراحات في الرستاق,https://rukn-eltatawer.com/om/majlis-building-rustaq/,majlis-building-rustaq,majlis-building,rustaq,2154,1182,0.451,0,20,13,1,,,,template_boilerplate|unexpanded_shortcodes|tel_in_content,Template/Boilerplate | Missing SEO Elements | Errors/Placeholders,Template/Boilerplate,"هيكل H2 مكرر على 1 مقالة، ونسبة الجمل المكررة 45%. شورت كود كيان غير مُفسَّر (أقسام ناقصة في HTML): [post_call], [post_features], [post_prices], [post_services], [post_steps]. ما زال هناك رابط اتصال هاتفي tel: داخل المحتوى."
1395,post,شركة مكافحة الوزغ (البرص) في الرستاق,https://rukn-eltatawer.com/om/lizard-control-rustaq/,lizard-control-rustaq,lizard-control,rustaq,2228,1391,0.376,0,20,13,1,,,,template_boilerplate|unexpanded_shortcodes|tel_in_content,Template/Boilerplate | Missing SEO Elements | Errors/Placeholders,Template/Boilerplate,"هيكل H2 مكرر على 1 مقالة، ونسبة الجمل المكررة 38%. شورت كود كيان غير مُفسَّر (أقسام ناقصة في HTML): [post_call], [post_features], [post_prices], [post_services], [post_steps]. ما زال هناك رابط اتصال هاتفي tel: داخل المحتوى."
159,post,شركة تنظيف حمامات في نزوى,https://rukn-eltatawer.com/om/bathroom-cleaning-nizwa/,bathroom-cleaning-nizwa,bathroom-cleaning,nizwa,2236,1116,0.501,0,20,13,1,,,,template_boilerplate|unexpanded_shortcodes|tel_in_content,Template/Boilerplate | Missing SEO Elements | Errors/Placeholders,Template/Boilerplate,"هيكل H2 مكرر على 1 مقالة، ونسبة الجمل المكررة 50%. شورت كود كيان غير مُفسَّر (أقسام ناقصة في HTML): [post_call], [post_features], [post_prices], [post_services], [post_steps]. ما زال هناك رابط اتصال هاتفي tel: داخل المحتوى."
1107,post,شركة تنسيق حدائق في الرستاق,https://rukn-eltatawer.com/om/landscaping-rustaq/,landscaping-rustaq,landscaping,rustaq,2172,1254,0.423,0,20,13,1,,,,template_boilerplate|unexpanded_shortcodes|tel_in_content,Template/Boilerplate | Missing SEO Elements | Errors/Placeholders,Template/Boilerplate,"هيكل H2 مكرر على 1 مقالة، ونسبة الجمل المكررة 42%. شورت كود كيان غير مُفسَّر (أقسام ناقصة في HTML): [post_call], [post_features], [post_prices], [post_services], [post_steps]. ما زال هناك رابط اتصال هاتفي tel: داخل المحتوى."
1603,post,شركة شحن دولي بري في الرستاق,https://rukn-eltatawer.com/om/land-freight-rustaq/,land-freight-rustaq,land-freight,rustaq,2143,1339,0.375,0,20,13,1,,,,template_boilerplate|unexpanded_shortcodes|tel_in_content,Template/Boilerplate | Missing SEO Elements | Errors/Placeholders,Template/Boilerplate,"هيكل H2 مكرر على 1 مقالة، ونسبة الجمل المكررة 38%. شورت كود كيان غير مُفسَّر (أقسام ناقصة في HTML): [post_call], [post_features], [post_prices], [post_services], [post_steps]. ما زال هناك رابط اتصال هاتفي tel: داخل المحتوى."
987,post,شركة تركيب مطابخ في الرستاق,https://rukn-eltatawer.com/om/kitchen-installation-rustaq/,kitchen-installation-rustaq,kitchen-installation,rustaq,2069,1222,0.409,0,20,13,1,,,,template_boilerplate|unexpanded_shortcodes|tel_in_content,Template/Boilerplate | Missing SEO Elements | Errors/Placeholders,Template/Boilerplate,"هيكل H2 مكرر على 1 مقالة، ونسبة الجمل المكررة 41%. شورت كود كيان غير مُفسَّر (أقسام ناقصة في HTML): [post_call], [post_features], [post_prices], [post_services], [post_steps]. ما زال هناك رابط اتصال هاتفي tel: داخل المحتوى."
643,post,شركة تركيب وصيانة شفاطات مطابخ في الرستاق,https://rukn-eltatawer.com/om/kitchen-hoods-rustaq/,kitchen-hoods-rustaq,kitchen-hoods,rustaq,2187,1299,0.406,0,20,13,1,,,,template_boilerplate|unexpanded_shortcodes|tel_in_content,Template/Boilerplate | Missing SEO Elements | Errors/Placeholders,Template/Boilerplate,"هيكل H2 مكرر على 1 مقالة، ونسبة الجمل المكررة 41%. شورت كود كيان غير مُفسَّر (أقسام ناقصة في HTML): [post_call], [post_features], [post_prices], [post_services], [post_steps]. ما زال هناك رابط اتصال هاتفي tel: داخل المحتوى."
859,post,شركة تركيب كربستون في الرستاق,https://rukn-eltatawer.com/om/kerbstone-rustaq/,kerbstone-rustaq,kerbstone,rustaq,2141,1185,0.447,0,20,13,1,,,,template_boilerplate|unexpanded_shortcodes|tel_in_content,Template/Boilerplate | Missing SEO Elements | Errors/Placeholders,Template/Boilerplate,"هيكل H2 مكرر على 1 مقالة، ونسبة الجمل المكررة 45%. شورت كود كيان غير مُفسَّر (أقسام ناقصة في HTML): [post_call], [post_features], [post_prices], [post_services], [post_steps]. ما زال هناك رابط اتصال هاتفي tel: داخل المحتوى."
158,post,شركة تنظيف حمامات في صحار,https://rukn-eltatawer.com/om/bathroom-cleaning-sohar/,bathroom-cleaning-sohar,bathroom-cleaning,sohar,2223,1189,0.465,0,20,13,1,,,,template_boilerplate|unexpanded_shortcodes|tel_in_content,Template/Boilerplate | Missing SEO Elements | Errors/Placeholders,Template/Boilerplate,"هيكل H2 مكرر على 1 مقالة، ونسبة الجمل المكررة 46%. شورت كود كيان غير مُفسَّر (أقسام ناقصة في HTML): [post_call], [post_features], [post_prices], [post_services], [post_steps]. ما زال هناك رابط اتصال هاتفي tel: داخل المحتوى."
851,post,شركة تركيب انترلوك في الرستاق,https://rukn-eltatawer.com/om/interlock-rustaq/,interlock-rustaq,interlock,rustaq,2157,1146,0.469,0,20,13,1,,,,template_boilerplate|unexpanded_shortcodes|tel_in_content,Template/Boilerplate | Missing SEO Elements | Errors/Placeholders,Template/Boilerplate,"هيكل H2 مكرر على 1 مقالة، ونسبة الجمل المكررة 47%. شورت كود كيان غير مُفسَّر (أقسام ناقصة في HTML): [post_call], [post_features], [post_prices], [post_services], [post_steps]. ما زال هناك رابط اتصال هاتفي tel: داخل المحتوى."
1771,post,شركة تركيب إنارة داخلية وخارجية في الرستاق,https://rukn-eltatawer.com/om/indoor-outdoor-lighting-installation-rustaq/,indoor-outdoor-lighting-installation-rustaq,indoor-outdoor-lighting-installation,rustaq,2212,1318,0.404,0,20,13,1,,,,template_boilerplate|unexpanded_shortcodes|tel_in_content,Template/Boilerplate | Missing SEO Elements | Errors/Placeholders,Template/Boilerplate,"هيكل H2 مكرر على 1 مقالة، ونسبة الجمل المكررة 40%. شورت كود كيان غير مُفسَّر (أقسام ناقصة في HTML): [post_call], [post_features], [post_prices], [post_services], [post_steps]. ما زال هناك رابط اتصال هاتفي tel: داخل المحتوى."
1235,post,شركة نقل أثاث داخلي في الرستاق,https://rukn-eltatawer.com/om/indoor-moving-rustaq/,indoor-moving-rustaq,indoor-moving,rustaq,2173,1389,0.361,0,20,13,1,,,,template_boilerplate|unexpanded_shortcodes|tel_in_content,Template/Boilerplate | Missing SEO Elements | Errors/Placeholders,Template/Boilerplate,"هيكل H2 مكرر على 1 مقالة، ونسبة الجمل المكررة 36%. شورت كود كيان غير مُفسَّر (أقسام ناقصة في HTML): [post_call], [post_features], [post_prices], [post_services], [post_steps]. ما زال هناك رابط اتصال هاتفي tel: داخل المحتوى."
1115,post,شركة تصميم حدائق داخلية في الرستاق,https://rukn-eltatawer.com/om/indoor-garden-design-rustaq/,indoor-garden-design-rustaq,indoor-garden-design,rustaq,2182,1290,0.409,0,20,13,1,,,,template_boilerplate|unexpanded_shortcodes|tel_in_content,Template/Boilerplate | Missing SEO Elements | Errors/Placeholders,Template/Boilerplate,"هيكل H2 مكرر على 1 مقالة، ونسبة الجمل المكررة 41%. شورت كود كيان غير مُفسَّر (أقسام ناقصة في HTML): [post_call], [post_features], [post_prices], [post_services], [post_steps]. ما زال هناك رابط اتصال هاتفي tel: داخل المحتوى."
126,post,شركة تنظيف مستشفيات وعيادات في الرستاق,https://rukn-eltatawer.com/om/hospital-clinic-cleaning-rustaq/,hospital-clinic-cleaning-rustaq,hospital-clinic-cleaning,rustaq,2206,1069,0.515,0,20,13,1,,,,template_boilerplate|unexpanded_shortcodes|tel_in_content,Template/Boilerplate | Missing SEO Elements | Errors/Placeholders,Template/Boilerplate,"هيكل H2 مكرر على 1 مقالة، ونسبة الجمل المكررة 52%. شورت كود كيان غير مُفسَّر (أقسام ناقصة في HTML): [post_call], [post_features], [post_prices], [post_services], [post_steps]. ما زال هناك رابط اتصال هاتفي tel: داخل المحتوى."
157,post,شركة تنظيف حمامات في صلالة,https://rukn-eltatawer.com/om/bathroom-cleaning-salalah/,bathroom-cleaning-salalah,bathroom-cleaning,salalah,2244,1185,0.472,0,20,13,1,,,,template_boilerplate|unexpanded_shortcodes|tel_in_content,Template/Boilerplate | Missing SEO Elements | Errors/Placeholders,Template/Boilerplate,"هيكل H2 مكرر على 1 مقالة، ونسبة الجمل المكررة 47%. شورت كود كيان غير مُفسَّر (أقسام ناقصة في HTML): [post_call], [post_features], [post_prices], [post_services], [post_steps]. ما زال هناك رابط اتصال هاتفي tel: داخل المحتوى."
1547,post,فني أنظمة صوت منزلية في الرستاق,https://rukn-eltatawer.com/om/home-audio-tech-rustaq/,home-audio-tech-rustaq,home-audio-tech,rustaq,2192,1418,0.353,0,20,13,1,,,,template_boilerplate|unexpanded_shortcodes|tel_in_content|structural_error,Template/Boilerplate | Missing SEO Elements | Errors/Placeholders,Template/Boilerplate,"هيكل H2 مكرر على 1 مقالة، ونسبة الجمل المكررة 35%. شورت كود كيان غير مُفسَّر (أقسام ناقصة في HTML): [post_call], [post_features], [post_prices], [post_services], [post_steps]. ما زال هناك رابط اتصال هاتفي tel: داخل المحتوى. فقرتان متتاليتان متطابقتان."
1507,post,فني جبس بورد في الرستاق,https://rukn-eltatawer.com/om/gypsum-tech-rustaq/,gypsum-tech-rustaq,gypsum-tech,rustaq,2150,1139,0.47,0,20,13,1,,,,template_boilerplate|unexpanded_shortcodes|tel_in_content,Template/Boilerplate | Missing SEO Elements | Errors/Placeholders,Template/Boilerplate,"هيكل H2 مكرر على 1 مقالة، ونسبة الجمل المكررة 47%. شورت كود كيان غير مُفسَّر (أقسام ناقصة في HTML): [post_call], [post_features], [post_prices], [post_services], [post_steps]. ما زال هناك رابط اتصال هاتفي tel: داخل المحتوى."
931,post,شركة تركيب جبس بورد في الرستاق,https://rukn-eltatawer.com/om/gypsum-board-rustaq/,gypsum-board-rustaq,gypsum-board,rustaq,2186,1167,0.466,0,20,13,1,,,,template_boilerplate|unexpanded_shortcodes|tel_in_content,Template/Boilerplate | Missing SEO Elements | Errors/Placeholders,Template/Boilerplate,"هيكل H2 مكرر على 1 مقالة، ونسبة الجمل المكررة 47%. شورت كود كيان غير مُفسَّر (أقسام ناقصة في HTML): [post_call], [post_features], [post_prices], [post_services], [post_steps]. ما زال هناك رابط اتصال هاتفي tel: داخل المحتوى."
1659,post,شركة ديكورات جبس بورد في الرستاق,https://rukn-eltatawer.com/om/gypsum-board-decor-rustaq/,gypsum-board-decor-rustaq,gypsum-board-decor,rustaq,2182,1119,0.487,0,20,13,1,,,,template_boilerplate|unexpanded_shortcodes|tel_in_content,Template/Boilerplate | Missing SEO Elements | Errors/Placeholders,Template/Boilerplate,"هيكل H2 مكرر على 1 مقالة، ونسبة الجمل المكررة 49%. شورت كود كيان غير مُفسَّر (أقسام ناقصة في HTML): [post_call], [post_features], [post_prices], [post_services], [post_steps]. ما زال هناك رابط اتصال هاتفي tel: داخل المحتوى."
971,post,شركة تركيب فواصل زجاجية وألومنيوم في الرستاق,https://rukn-eltatawer.com/om/glass-aluminium-partitions-rustaq/,glass-aluminium-partitions-rustaq,glass-aluminium-partitions,rustaq,2120,1321,0.377,0,20,13,1,,,,template_boilerplate|unexpanded_shortcodes|tel_in_content,Template/Boilerplate | Missing SEO Elements | Errors/Placeholders,Template/Boilerplate,"هيكل H2 مكرر على 1 مقالة، ونسبة الجمل المكررة 38%. شورت كود كيان غير مُفسَّر (أقسام ناقصة في HTML): [post_call], [post_features], [post_prices], [post_services], [post_steps]. ما زال هناك رابط اتصال هاتفي tel: داخل المحتوى."
156,post,شركة تنظيف حمامات في مسقط,https://rukn-eltatawer.com/om/bathroom-cleaning-muscat/,bathroom-cleaning-muscat,bathroom-cleaning,muscat,2309,1289,0.442,0,20,13,1,,,,template_boilerplate|unexpanded_shortcodes|tel_in_content,Template/Boilerplate | Missing SEO Elements | Errors/Placeholders,Template/Boilerplate,"هيكل H2 مكرر على 1 مقالة، ونسبة الجمل المكررة 44%. شورت كود كيان غير مُفسَّر (أقسام ناقصة في HTML): [post_call], [post_features], [post_prices], [post_services], [post_steps]. ما زال هناك رابط اتصال هاتفي tel: داخل المحتوى."
979,post,شركة تركيب زجاج وألوميتال في الرستاق,https://rukn-eltatawer.com/om/glass-alumetal-rustaq/,glass-alumetal-rustaq,glass-alumetal,rustaq,2068,1288,0.377,0,20,13,1,,,,template_boilerplate|unexpanded_shortcodes|tel_in_content,Template/Boilerplate | Missing SEO Elements | Errors/Placeholders,Template/Boilerplate,"هيكل H2 مكرر على 1 مقالة، ونسبة الجمل المكررة 38%. شورت كود كيان غير مُفسَّر (أقسام ناقصة في HTML): [post_call], [post_features], [post_prices], [post_services], [post_steps]. ما زال هناك رابط اتصال هاتفي tel: داخل المحتوى."
1187,post,شركة إنشاء جلسات حدائق في الرستاق,https://rukn-eltatawer.com/om/garden-seating-rustaq/,garden-seating-rustaq,garden-seating,rustaq,2179,1251,0.426,0,20,13,1,,,,template_boilerplate|unexpanded_shortcodes|tel_in_content,Template/Boilerplate | Missing SEO Elements | Errors/Placeholders,Template/Boilerplate,"هيكل H2 مكرر على 1 مقالة، ونسبة الجمل المكررة 43%. شورت كود كيان غير مُفسَّر (أقسام ناقصة في HTML): [post_call], [post_features], [post_prices], [post_services], [post_steps]. ما زال هناك رابط اتصال هاتفي tel: داخل المحتوى."
1147,post,شركة تنظيف وتزيين الحدائق في الرستاق,https://rukn-eltatawer.com/om/garden-cleaning-rustaq/,garden-cleaning-rustaq,garden-cleaning,rustaq,2191,1237,0.435,0,20,13,1,,,,template_boilerplate|unexpanded_shortcodes|tel_in_content|missing_meta,Template/Boilerplate | Missing SEO Elements | Errors/Placeholders,Template/Boilerplate,"هيكل H2 مكرر على 1 مقالة، ونسبة الجمل المكررة 44%. شورت كود كيان غير مُفسَّر (أقسام ناقصة في HTML): [post_call], [post_features], [post_prices], [post_services], [post_steps]. ما زال هناك رابط اتصال هاتفي tel: داخل المحتوى. صورة بارزة مفقودة أو مكررة (id=246)."
1283,post,شركة تخزين أثاث في الرستاق,https://rukn-eltatawer.com/om/furniture-storage-rustaq/,furniture-storage-rustaq,furniture-storage,rustaq,2057,1346,0.346,0,20,13,1,https://rukn-eltatawer.com/om/indoor-moving-nizwa/,cross-service-duplicate,8,duplicate_similar|unexpanded_shortcodes|tel_in_content,Duplicate/Similar | Missing SEO Elements | Errors/Placeholders,Duplicate/Similar,"تشابه مرتفع (hamming=8, cross-service-duplicate) مع https://rukn-eltatawer.com/om/indoor-moving-nizwa/. شورت كود كيان غير مُفسَّر (أقسام ناقصة في HTML): [post_call], [post_features], [post_prices], [post_services], [post_steps]. ما زال هناك رابط اتصال هاتفي tel: داخل المحتوى."
1571,post,شركة شحن أثاث في الرستاق,https://rukn-eltatawer.com/om/furniture-shipping-rustaq/,furniture-shipping-rustaq,furniture-shipping,rustaq,2080,1315,0.368,0,20,13,1,,,,template_boilerplate|unexpanded_shortcodes|tel_in_content,Template/Boilerplate | Missing SEO Elements | Errors/Placeholders,Template/Boilerplate,"هيكل H2 مكرر على 1 مقالة، ونسبة الجمل المكررة 37%. شورت كود كيان غير مُفسَّر (أقسام ناقصة في HTML): [post_call], [post_features], [post_prices], [post_services], [post_steps]. ما زال هناك رابط اتصال هاتفي tel: داخل المحتوى."
172,post,شركة تنظيف خزانات مياه في البريمي,https://rukn-eltatawer.com/om/water-tank-cleaning-al-buraimi/,water-tank-cleaning-al-buraimi,water-tank-cleaning,al-buraimi,2208,1261,0.429,0,20,13,1,https://rukn-eltatawer.com/om/office-cleaning-al-buraimi/,cross-service-duplicate,8,template_boilerplate|duplicate_similar|unexpanded_shortcodes|tel_in_content,Template/Boilerplate | Duplicate/Similar | Missing SEO Elements | Errors/Placeholders,Template/Boilerplate,"هيكل H2 مكرر على 1 مقالة، ونسبة الجمل المكررة 43%. تشابه مرتفع (hamming=8, cross-service-duplicate) مع https://rukn-eltatawer.com/om/office-cleaning-al-buraimi/. شورت كود كيان غير مُفسَّر (أقسام ناقصة في HTML): [post_call], [post_features], [post_prices], [post_services], [post_steps]. ما زال هناك رابط اتصال هاتفي tel: داخل المحتوى."
1267,post,شركة تغليف أثاث احترافي في الرستاق,https://rukn-eltatawer.com/om/furniture-packaging-rustaq/,furniture-packaging-rustaq,furniture-packaging,rustaq,2097,1263,0.398,0,20,13,1,,,,template_boilerplate|unexpanded_shortcodes|tel_in_content,Template/Boilerplate | Missing SEO Elements | Errors/Placeholders,Template/Boilerplate,"هيكل H2 مكرر على 1 مقالة، ونسبة الجمل المكررة 40%. شورت كود كيان غير مُفسَّر (أقسام ناقصة في HTML): [post_call], [post_features], [post_prices], [post_services], [post_steps]. ما زال هناك رابط اتصال هاتفي tel: داخل المحتوى."
1251,post,شركة نقل عفش مع التغليف في الرستاق,https://rukn-eltatawer.com/om/furniture-moving-packaging-rustaq/,furniture-moving-packaging-rustaq,furniture-moving-packaging,rustaq,2145,1341,0.375,0,20,13,1,,,,template_boilerplate|unexpanded_shortcodes|tel_in_content,Template/Boilerplate | Missing SEO Elements | Errors/Placeholders,Template/Boilerplate,"هيكل H2 مكرر على 1 مقالة، ونسبة الجمل المكررة 38%. شورت كود كيان غير مُفسَّر (أقسام ناقصة في HTML): [post_call], [post_features], [post_prices], [post_services], [post_steps]. ما زال هناك رابط اتصال هاتفي tel: داخل المحتوى."
1275,post,شركة تركيب وفك الأثاث في الرستاق,https://rukn-eltatawer.com/om/furniture-assembly-rustaq/,furniture-assembly-rustaq,furniture-assembly,rustaq,2124,1331,0.373,0,20,13,1,,,,template_boilerplate|unexpanded_shortcodes|tel_in_content,Template/Boilerplate | Missing SEO Elements | Errors/Placeholders,Template/Boilerplate,"هيكل H2 مكرر على 1 مقالة، ونسبة الجمل المكررة 37%. شورت كود كيان غير مُفسَّر (أقسام ناقصة في HTML): [post_call], [post_features], [post_prices], [post_services], [post_steps]. ما زال هناك رابط اتصال هاتفي tel: داخل المحتوى."
587,post,شركة صيانة ثلاجات في الرستاق,https://rukn-eltatawer.com/om/fridge-maintenance-rustaq/,fridge-maintenance-rustaq,fridge-maintenance,rustaq,2071,1215,0.413,0,20,13,1,,,,template_boilerplate|unexpanded_shortcodes|tel_in_content,Template/Boilerplate | Missing SEO Elements | Errors/Placeholders,Template/Boilerplate,"هيكل H2 مكرر على 1 مقالة، ونسبة الجمل المكررة 41%. شورت كود كيان غير مُفسَّر (أقسام ناقصة في HTML): [post_call], [post_features], [post_prices], [post_services], [post_steps]. ما زال هناك رابط اتصال هاتفي tel: داخل المحتوى."
955,post,شركة تركيب سجاد أرضيات في الرستاق,https://rukn-eltatawer.com/om/floor-carpeting-rustaq/,floor-carpeting-rustaq,floor-carpeting,rustaq,2112,1268,0.4,0,20,13,1,,,,template_boilerplate|unexpanded_shortcodes|tel_in_content,Template/Boilerplate | Missing SEO Elements | Errors/Placeholders,Template/Boilerplate,"هيكل H2 مكرر على 1 مقالة، ونسبة الجمل المكررة 40%. شورت كود كيان غير مُفسَّر (أقسام ناقصة في HTML): [post_call], [post_features], [post_prices], [post_services], [post_steps]. ما زال هناك رابط اتصال هاتفي tel: داخل المحتوى."
170,post,شركة تنظيف خزانات مياه في عبري,https://rukn-eltatawer.com/om/water-tank-cleaning-ibri/,water-tank-cleaning-ibri,water-tank-cleaning,ibri,2216,1250,0.436,0,20,13,1,,,,template_boilerplate|unexpanded_shortcodes|tel_in_content,Template/Boilerplate | Missing SEO Elements | Errors/Placeholders,Template/Boilerplate,"هيكل H2 مكرر على 1 مقالة، ونسبة الجمل المكررة 44%. شورت كود كيان غير مُفسَّر (أقسام ناقصة في HTML): [post_call], [post_features], [post_prices], [post_services], [post_steps]. ما زال هناك رابط اتصال هاتفي tel: داخل المحتوى."
1387,post,شركة مكافحة البراغيث في الرستاق,https://rukn-eltatawer.com/om/flea-control-rustaq/,flea-control-rustaq,flea-control,rustaq,2187,1405,0.358,0,20,13,1,,,,template_boilerplate|unexpanded_shortcodes|tel_in_content,Template/Boilerplate | Missing SEO Elements | Errors/Placeholders,Template/Boilerplate,"هيكل H2 مكرر على 1 مقالة، ونسبة الجمل المكررة 36%. شورت كود كيان غير مُفسَّر (أقسام ناقصة في HTML): [post_call], [post_features], [post_prices], [post_services], [post_steps]. ما زال هناك رابط اتصال هاتفي tel: داخل المحتوى."
939,post,شركة تركيب أسقف جبسية / فورسيلنج في الرستاق,https://rukn-eltatawer.com/om/false-ceiling-rustaq/,false-ceiling-rustaq,false-ceiling,rustaq,2325,1347,0.421,0,20,13,1,,,,template_boilerplate|unexpanded_shortcodes|tel_in_content,Template/Boilerplate | Missing SEO Elements | Errors/Placeholders,Template/Boilerplate,"هيكل H2 مكرر على 1 مقالة، ونسبة الجمل المكررة 42%. شورت كود كيان غير مُفسَّر (أقسام ناقصة في HTML): [post_call], [post_features], [post_prices], [post_services], [post_steps]. ما زال هناك رابط اتصال هاتفي tel: داخل المحتوى."
1587,post,شركة شحن طرود سريعة في الرستاق,https://rukn-eltatawer.com/om/express-parcel-shipping-rustaq/,express-parcel-shipping-rustaq,express-parcel-shipping,rustaq,2146,1376,0.359,0,20,13,1,,,,template_boilerplate|unexpanded_shortcodes|tel_in_content,Template/Boilerplate | Missing SEO Elements | Errors/Placeholders,Template/Boilerplate,"هيكل H2 مكرر على 1 مقالة، ونسبة الجمل المكررة 36%. شورت كود كيان غير مُفسَّر (أقسام ناقصة في HTML): [post_call], [post_features], [post_prices], [post_services], [post_steps]. ما زال هناك رابط اتصال هاتفي tel: داخل المحتوى."
539,post,شركة صيانة مصاعد في الرستاق,https://rukn-eltatawer.com/om/elevator-maintenance-rustaq/,elevator-maintenance-rustaq,elevator-maintenance,rustaq,2069,1296,0.374,0,20,12,1,,,,template_boilerplate|unexpanded_shortcodes|tel_in_content,Template/Boilerplate | Missing SEO Elements | Errors/Placeholders,Template/Boilerplate,"هيكل H2 مكرر على 1 مقالة، ونسبة الجمل المكررة 37%. شورت كود كيان غير مُفسَّر (أقسام ناقصة في HTML): [post_call], [post_features], [post_prices], [post_services], [post_steps]. ما زال هناك رابط اتصال هاتفي tel: داخل المحتوى."
1707,post,شركة رش بويات كهربائي في الرستاق,https://rukn-eltatawer.com/om/electric-spray-painting-rustaq/,electric-spray-painting-rustaq,electric-spray-painting,rustaq,2186,1409,0.355,0,20,13,1,,,,template_boilerplate|unexpanded_shortcodes|tel_in_content,Template/Boilerplate | Missing SEO Elements | Errors/Placeholders,Template/Boilerplate,"هيكل H2 مكرر على 1 مقالة، ونسبة الجمل المكررة 36%. شورت كود كيان غير مُفسَّر (أقسام ناقصة في HTML): [post_call], [post_features], [post_prices], [post_services], [post_steps]. ما زال هناك رابط اتصال هاتفي tel: داخل المحتوى."
171,post,شركة تنظيف خزانات مياه في الرستاق,https://rukn-eltatawer.com/om/water-tank-cleaning-rustaq/,water-tank-cleaning-rustaq,water-tank-cleaning,rustaq,2246,1135,0.495,0,20,13,1,,,,template_boilerplate|unexpanded_shortcodes|tel_in_content,Template/Boilerplate | Missing SEO Elements | Errors/Placeholders,Template/Boilerplate,"هيكل H2 مكرر على 1 مقالة، ونسبة الجمل المكررة 50%. شورت كود كيان غير مُفسَّر (أقسام ناقصة في HTML): [post_call], [post_features], [post_prices], [post_services], [post_steps]. ما زال هناك رابط اتصال هاتفي tel: داخل المحتوى."
603,post,شركة صيانة نشافات في الرستاق,https://rukn-eltatawer.com/om/dryer-maintenance-rustaq/,dryer-maintenance-rustaq,dryer-maintenance,rustaq,2092,1226,0.414,0,20,13,1,,,,template_boilerplate|unexpanded_shortcodes|tel_in_content,Template/Boilerplate | Missing SEO Elements | Errors/Placeholders,Template/Boilerplate,"هيكل H2 مكرر على 1 مقالة، ونسبة الجمل المكررة 41%. شورت كود كيان غير مُفسَّر (أقسام ناقصة في HTML): [post_call], [post_features], [post_prices], [post_services], [post_steps]. ما زال هناك رابط اتصال هاتفي tel: داخل المحتوى."
995,post,شركة تركيب أبواب في الرستاق,https://rukn-eltatawer.com/om/doors-installation-rustaq/,doors-installation-rustaq,doors-installation,rustaq,2072,1197,0.422,0,20,13,1,,,,template_boilerplate|unexpanded_shortcodes|tel_in_content,Template/Boilerplate | Missing SEO Elements | Errors/Placeholders,Template/Boilerplate,"هيكل H2 مكرر على 1 مقالة، ونسبة الجمل المكررة 42%. شورت كود كيان غير مُفسَّر (أقسام ناقصة في HTML): [post_call], [post_features], [post_prices], [post_services], [post_steps]. ما زال هناك رابط اتصال هاتفي tel: داخل المحتوى."
1595,post,شركة شحن داخلي داخل في الرستاق,https://rukn-eltatawer.com/om/domestic-shipping-rustaq/,domestic-shipping-rustaq,domestic-shipping,rustaq,2186,1356,0.38,0,20,13,1,,,,template_boilerplate|unexpanded_shortcodes|tel_in_content,Template/Boilerplate | Missing SEO Elements | Errors/Placeholders,Template/Boilerplate,"هيكل H2 مكرر على 1 مقالة، ونسبة الجمل المكررة 38%. شورت كود كيان غير مُفسَّر (أقسام ناقصة في HTML): [post_call], [post_features], [post_prices], [post_services], [post_steps]. ما زال هناك رابط اتصال هاتفي tel: داخل المحتوى."
79,post,شركة تنظيف فلل في صور,https://rukn-eltatawer.com/om/villa-cleaning-sur/,villa-cleaning-sur,villa-cleaning,sur,2214,1214,0.452,0,20,13,1,,,,template_boilerplate|unexpanded_shortcodes|tel_in_content,Template/Boilerplate | Missing SEO Elements | Errors/Placeholders,Template/Boilerplate,"هيكل H2 مكرر على 1 مقالة، ونسبة الجمل المكررة 45%. شورت كود كيان غير مُفسَّر (أقسام ناقصة في HTML): [post_call], [post_features], [post_prices], [post_services], [post_steps]. ما زال هناك رابط اتصال هاتفي tel: داخل المحتوى."
1041,post,شركة بناء استراحات في صور,https://rukn-eltatawer.com/om/majlis-building-sur/,majlis-building-sur,majlis-building,sur,2148,1206,0.439,0,20,13,1,,,,template_boilerplate|unexpanded_shortcodes|tel_in_content,Template/Boilerplate | Missing SEO Elements | Errors/Placeholders,Template/Boilerplate,"هيكل H2 مكرر على 1 مقالة، ونسبة الجمل المكررة 44%. شورت كود كيان غير مُفسَّر (أقسام ناقصة في HTML): [post_call], [post_features], [post_prices], [post_services], [post_steps]. ما زال هناك رابط اتصال هاتفي tel: داخل المحتوى."
1393,post,شركة مكافحة الوزغ (البرص) في صور,https://rukn-eltatawer.com/om/lizard-control-sur/,lizard-control-sur,lizard-control,sur,2262,1438,0.364,0,20,13,1,,,,template_boilerplate|unexpanded_shortcodes|tel_in_content,Template/Boilerplate | Missing SEO Elements | Errors/Placeholders,Template/Boilerplate,"هيكل H2 مكرر على 1 مقالة، ونسبة الجمل المكررة 36%. شورت كود كيان غير مُفسَّر (أقسام ناقصة في HTML): [post_call], [post_features], [post_prices], [post_services], [post_steps]. ما زال هناك رابط اتصال هاتفي tel: داخل المحتوى."
1105,post,شركة تنسيق حدائق في صور,https://rukn-eltatawer.com/om/landscaping-sur/,landscaping-sur,landscaping,sur,2148,1236,0.425,0,20,13,1,,,,template_boilerplate|unexpanded_shortcodes|tel_in_content,Template/Boilerplate | Missing SEO Elements | Errors/Placeholders,Template/Boilerplate,"هيكل H2 مكرر على 1 مقالة، ونسبة الجمل المكررة 42%. شورت كود كيان غير مُفسَّر (أقسام ناقصة في HTML): [post_call], [post_features], [post_prices], [post_services], [post_steps]. ما زال هناك رابط اتصال هاتفي tel: داخل المحتوى."
1601,post,شركة شحن دولي بري في صور,https://rukn-eltatawer.com/om/land-freight-sur/,land-freight-sur,land-freight,sur,2164,1377,0.364,0,20,13,1,,,,template_boilerplate|unexpanded_shortcodes|tel_in_content,Template/Boilerplate | Missing SEO Elements | Errors/Placeholders,Template/Boilerplate,"هيكل H2 مكرر على 1 مقالة، ونسبة الجمل المكررة 36%. شورت كود كيان غير مُفسَّر (أقسام ناقصة في HTML): [post_call], [post_features], [post_prices], [post_services], [post_steps]. ما زال هناك رابط اتصال هاتفي tel: داخل المحتوى."
985,post,شركة تركيب مطابخ في صور,https://rukn-eltatawer.com/om/kitchen-installation-sur/,kitchen-installation-sur,kitchen-installation,sur,2105,1217,0.422,0,20,13,1,,,,template_boilerplate|unexpanded_shortcodes|tel_in_content,Template/Boilerplate | Missing SEO Elements | Errors/Placeholders,Template/Boilerplate,"هيكل H2 مكرر على 1 مقالة، ونسبة الجمل المكررة 42%. شورت كود كيان غير مُفسَّر (أقسام ناقصة في HTML): [post_call], [post_features], [post_prices], [post_services], [post_steps]. ما زال هناك رابط اتصال هاتفي tel: داخل المحتوى."
78,post,شركة تنظيف فلل في نزوى,https://rukn-eltatawer.com/om/villa-cleaning-nizwa/,villa-cleaning-nizwa,villa-cleaning,nizwa,2213,1234,0.442,0,20,13,1,,,,template_boilerplate|unexpanded_shortcodes|tel_in_content,Template/Boilerplate | Missing SEO Elements | Errors/Placeholders,Template/Boilerplate,"هيكل H2 مكرر على 1 مقالة، ونسبة الجمل المكررة 44%. شورت كود كيان غير مُفسَّر (أقسام ناقصة في HTML): [post_call], [post_features], [post_prices], [post_services], [post_steps]. ما زال هناك رابط اتصال هاتفي tel: داخل المحتوى."
641,post,شركة تركيب وصيانة شفاطات مطابخ في صور,https://rukn-eltatawer.com/om/kitchen-hoods-sur/,kitchen-hoods-sur,kitchen-hoods,sur,2141,1317,0.385,0,20,13,1,,,,template_boilerplate|unexpanded_shortcodes|tel_in_content,Template/Boilerplate | Missing SEO Elements | Errors/Placeholders,Template/Boilerplate,"هيكل H2 مكرر على 1 مقالة، ونسبة الجمل المكررة 38%. شورت كود كيان غير مُفسَّر (أقسام ناقصة في HTML): [post_call], [post_features], [post_prices], [post_services], [post_steps]. ما زال هناك رابط اتصال هاتفي tel: داخل المحتوى."
857,post,شركة تركيب كربستون في صور,https://rukn-eltatawer.com/om/kerbstone-sur/,kerbstone-sur,kerbstone,sur,2146,1212,0.435,0,20,13,1,,,,template_boilerplate|unexpanded_shortcodes|tel_in_content,Template/Boilerplate | Missing SEO Elements | Errors/Placeholders,Template/Boilerplate,"هيكل H2 مكرر على 1 مقالة، ونسبة الجمل المكررة 44%. شورت كود كيان غير مُفسَّر (أقسام ناقصة في HTML): [post_call], [post_features], [post_prices], [post_services], [post_steps]. ما زال هناك رابط اتصال هاتفي tel: داخل المحتوى."
849,post,شركة تركيب انترلوك في صور,https://rukn-eltatawer.com/om/interlock-sur/,interlock-sur,interlock,sur,2155,1205,0.441,0,20,13,1,,,,template_boilerplate|unexpanded_shortcodes|tel_in_content,Template/Boilerplate | Missing SEO Elements | Errors/Placeholders,Template/Boilerplate,"هيكل H2 مكرر على 1 مقالة، ونسبة الجمل المكررة 44%. شورت كود كيان غير مُفسَّر (أقسام ناقصة في HTML): [post_call], [post_features], [post_prices], [post_services], [post_steps]. ما زال هناك رابط اتصال هاتفي tel: داخل المحتوى."
1769,post,شركة تركيب إنارة داخلية وخارجية في صور,https://rukn-eltatawer.com/om/indoor-outdoor-lighting-installation-sur/,indoor-outdoor-lighting-installation-sur,indoor-outdoor-lighting-installation,sur,2228,1437,0.355,0,20,13,1,,,,template_boilerplate|unexpanded_shortcodes|tel_in_content,Template/Boilerplate | Missing SEO Elements | Errors/Placeholders,Template/Boilerplate,"هيكل H2 مكرر على 1 مقالة، ونسبة الجمل المكررة 36%. شورت كود كيان غير مُفسَّر (أقسام ناقصة في HTML): [post_call], [post_features], [post_prices], [post_services], [post_steps]. ما زال هناك رابط اتصال هاتفي tel: داخل المحتوى."
1233,post,شركة نقل أثاث داخلي في صور,https://rukn-eltatawer.com/om/indoor-moving-sur/,indoor-moving-sur,indoor-moving,sur,2139,1411,0.34,0,20,13,1,,,,unexpanded_shortcodes|tel_in_content,Missing SEO Elements | Errors/Placeholders,Missing SEO Elements,"شورت كود كيان غير مُفسَّر (أقسام ناقصة في HTML): [post_call], [post_features], [post_prices], [post_services], [post_steps]. ما زال هناك رابط اتصال هاتفي tel: داخل المحتوى."
77,post,شركة تنظيف فلل في صحار,https://rukn-eltatawer.com/om/villa-cleaning-sohar/,villa-cleaning-sohar,villa-cleaning,sohar,2186,1234,0.435,0,20,13,1,,,,template_boilerplate|unexpanded_shortcodes|tel_in_content,Template/Boilerplate | Missing SEO Elements | Errors/Placeholders,Template/Boilerplate,"هيكل H2 مكرر على 1 مقالة، ونسبة الجمل المكررة 44%. شورت كود كيان غير مُفسَّر (أقسام ناقصة في HTML): [post_call], [post_features], [post_prices], [post_services], [post_steps]. ما زال هناك رابط اتصال هاتفي tel: داخل المحتوى."
1113,post,شركة تصميم حدائق داخلية في صور,https://rukn-eltatawer.com/om/indoor-garden-design-sur/,indoor-garden-design-sur,indoor-garden-design,sur,2170,1230,0.433,0,20,13,1,,,,template_boilerplate|unexpanded_shortcodes|tel_in_content,Template/Boilerplate | Missing SEO Elements | Errors/Placeholders,Template/Boilerplate,"هيكل H2 مكرر على 1 مقالة، ونسبة الجمل المكررة 43%. شورت كود كيان غير مُفسَّر (أقسام ناقصة في HTML): [post_call], [post_features], [post_prices], [post_services], [post_steps]. ما زال هناك رابط اتصال هاتفي tel: داخل المحتوى."
124,post,شركة تنظيف مستشفيات وعيادات في صور,https://rukn-eltatawer.com/om/hospital-clinic-cleaning-sur/,hospital-clinic-cleaning-sur,hospital-clinic-cleaning,sur,2222,1294,0.418,0,20,13,1,,,,template_boilerplate|unexpanded_shortcodes|tel_in_content,Template/Boilerplate | Missing SEO Elements | Errors/Placeholders,Template/Boilerplate,"هيكل H2 مكرر على 1 مقالة، ونسبة الجمل المكررة 42%. شورت كود كيان غير مُفسَّر (أقسام ناقصة في HTML): [post_call], [post_features], [post_prices], [post_services], [post_steps]. ما زال هناك رابط اتصال هاتفي tel: داخل المحتوى."
1545,post,فني أنظمة صوت منزلية في صور,https://rukn-eltatawer.com/om/home-audio-tech-sur/,home-audio-tech-sur,home-audio-tech,sur,2226,1411,0.366,0,20,13,1,,,,template_boilerplate|unexpanded_shortcodes|tel_in_content,Template/Boilerplate | Missing SEO Elements | Errors/Placeholders,Template/Boilerplate,"هيكل H2 مكرر على 1 مقالة، ونسبة الجمل المكررة 37%. شورت كود كيان غير مُفسَّر (أقسام ناقصة في HTML): [post_call], [post_features], [post_prices], [post_services], [post_steps]. ما زال هناك رابط اتصال هاتفي tel: داخل المحتوى."
1505,post,فني جبس بورد في صور,https://rukn-eltatawer.com/om/gypsum-tech-sur/,gypsum-tech-sur,gypsum-tech,sur,2153,1193,0.446,0,20,13,1,,,,template_boilerplate|unexpanded_shortcodes|tel_in_content,Template/Boilerplate | Missing SEO Elements | Errors/Placeholders,Template/Boilerplate,"هيكل H2 مكرر على 1 مقالة، ونسبة الجمل المكررة 45%. شورت كود كيان غير مُفسَّر (أقسام ناقصة في HTML): [post_call], [post_features], [post_prices], [post_services], [post_steps]. ما زال هناك رابط اتصال هاتفي tel: داخل المحتوى."
929,post,شركة تركيب جبس بورد في صور,https://rukn-eltatawer.com/om/gypsum-board-sur/,gypsum-board-sur,gypsum-board,sur,2194,1239,0.435,0,20,13,1,,,,template_boilerplate|unexpanded_shortcodes|tel_in_content,Template/Boilerplate | Missing SEO Elements | Errors/Placeholders,Template/Boilerplate,"هيكل H2 مكرر على 1 مقالة، ونسبة الجمل المكررة 44%. شورت كود كيان غير مُفسَّر (أقسام ناقصة في HTML): [post_call], [post_features], [post_prices], [post_services], [post_steps]. ما زال هناك رابط اتصال هاتفي tel: داخل المحتوى."
76,post,شركة تنظيف فلل في صلالة,https://rukn-eltatawer.com/om/villa-cleaning-salalah/,villa-cleaning-salalah,villa-cleaning,salalah,2223,1215,0.453,0,20,13,1,,,,template_boilerplate|unexpanded_shortcodes|tel_in_content,Template/Boilerplate | Missing SEO Elements | Errors/Placeholders,Template/Boilerplate,"هيكل H2 مكرر على 1 مقالة، ونسبة الجمل المكررة 45%. شورت كود كيان غير مُفسَّر (أقسام ناقصة في HTML): [post_call], [post_features], [post_prices], [post_services], [post_steps]. ما زال هناك رابط اتصال هاتفي tel: داخل المحتوى."
1657,post,شركة ديكورات جبس بورد في صور,https://rukn-eltatawer.com/om/gypsum-board-decor-sur/,gypsum-board-decor-sur,gypsum-board-decor,sur,2211,1291,0.416,0,20,13,1,,,,template_boilerplate|unexpanded_shortcodes|tel_in_content,Template/Boilerplate | Missing SEO Elements | Errors/Placeholders,Template/Boilerplate,"هيكل H2 مكرر على 1 مقالة، ونسبة الجمل المكررة 42%. شورت كود كيان غير مُفسَّر (أقسام ناقصة في HTML): [post_call], [post_features], [post_prices], [post_services], [post_steps]. ما زال هناك رابط اتصال هاتفي tel: داخل المحتوى."
969,post,شركة تركيب فواصل زجاجية وألومنيوم في صور,https://rukn-eltatawer.com/om/glass-aluminium-partitions-sur/,glass-aluminium-partitions-sur,glass-aluminium-partitions,sur,2165,1326,0.388,0,20,13,1,,,,template_boilerplate|unexpanded_shortcodes|tel_in_content,Template/Boilerplate | Missing SEO Elements | Errors/Placeholders,Template/Boilerplate,"هيكل H2 مكرر على 1 مقالة، ونسبة الجمل المكررة 39%. شورت كود كيان غير مُفسَّر (أقسام ناقصة في HTML): [post_call], [post_features], [post_prices], [post_services], [post_steps]. ما زال هناك رابط اتصال هاتفي tel: داخل المحتوى."
977,post,شركة تركيب زجاج وألوميتال في صور,https://rukn-eltatawer.com/om/glass-alumetal-sur/,glass-alumetal-sur,glass-alumetal,sur,2098,1253,0.403,0,20,13,1,,,,template_boilerplate|unexpanded_shortcodes|tel_in_content,Template/Boilerplate | Missing SEO Elements | Errors/Placeholders,Template/Boilerplate,"هيكل H2 مكرر على 1 مقالة، ونسبة الجمل المكررة 40%. شورت كود كيان غير مُفسَّر (أقسام ناقصة في HTML): [post_call], [post_features], [post_prices], [post_services], [post_steps]. ما زال هناك رابط اتصال هاتفي tel: داخل المحتوى."
1185,post,شركة إنشاء جلسات حدائق في صور,https://rukn-eltatawer.com/om/garden-seating-sur/,garden-seating-sur,garden-seating,sur,2204,1262,0.427,0,20,13,1,,,,template_boilerplate|unexpanded_shortcodes|tel_in_content,Template/Boilerplate | Missing SEO Elements | Errors/Placeholders,Template/Boilerplate,"هيكل H2 مكرر على 1 مقالة، ونسبة الجمل المكررة 43%. شورت كود كيان غير مُفسَّر (أقسام ناقصة في HTML): [post_call], [post_features], [post_prices], [post_services], [post_steps]. ما زال هناك رابط اتصال هاتفي tel: داخل المحتوى."
1145,post,شركة تنظيف وتزيين الحدائق في صور,https://rukn-eltatawer.com/om/garden-cleaning-sur/,garden-cleaning-sur,garden-cleaning,sur,2261,1257,0.444,0,20,13,1,,,,template_boilerplate|unexpanded_shortcodes|tel_in_content|missing_meta,Template/Boilerplate | Missing SEO Elements | Errors/Placeholders,Template/Boilerplate,"هيكل H2 مكرر على 1 مقالة، ونسبة الجمل المكررة 44%. شورت كود كيان غير مُفسَّر (أقسام ناقصة في HTML): [post_call], [post_features], [post_prices], [post_services], [post_steps]. ما زال هناك رابط اتصال هاتفي tel: داخل المحتوى. صورة بارزة مفقودة أو مكررة (id=246)."
75,post,شركة تنظيف فلل في مسقط,https://rukn-eltatawer.com/om/villa-cleaning-muscat/,villa-cleaning-muscat,villa-cleaning,muscat,2341,1295,0.447,0,20,13,1,,,,template_boilerplate|unexpanded_shortcodes|tel_in_content,Template/Boilerplate | Missing SEO Elements | Errors/Placeholders,Template/Boilerplate,"هيكل H2 مكرر على 1 مقالة، ونسبة الجمل المكررة 45%. شورت كود كيان غير مُفسَّر (أقسام ناقصة في HTML): [post_call], [post_features], [post_prices], [post_services], [post_steps]. ما زال هناك رابط اتصال هاتفي tel: داخل المحتوى."
1281,post,شركة تخزين أثاث في صور,https://rukn-eltatawer.com/om/furniture-storage-sur/,furniture-storage-sur,furniture-storage,sur,2111,1182,0.44,0,20,13,1,,,,template_boilerplate|unexpanded_shortcodes|tel_in_content,Template/Boilerplate | Missing SEO Elements | Errors/Placeholders,Template/Boilerplate,"هيكل H2 مكرر على 1 مقالة، ونسبة الجمل المكررة 44%. شورت كود كيان غير مُفسَّر (أقسام ناقصة في HTML): [post_call], [post_features], [post_prices], [post_services], [post_steps]. ما زال هناك رابط اتصال هاتفي tel: داخل المحتوى."
1569,post,شركة شحن أثاث في صور,https://rukn-eltatawer.com/om/furniture-shipping-sur/,furniture-shipping-sur,furniture-shipping,sur,2112,1374,0.349,0,20,13,1,,,,unexpanded_shortcodes|tel_in_content,Missing SEO Elements | Errors/Placeholders,Missing SEO Elements,"شورت كود كيان غير مُفسَّر (أقسام ناقصة في HTML): [post_call], [post_features], [post_prices], [post_services], [post_steps]. ما زال هناك رابط اتصال هاتفي tel: داخل المحتوى."
1265,post,شركة تغليف أثاث احترافي في صور,https://rukn-eltatawer.com/om/furniture-packaging-sur/,furniture-packaging-sur,furniture-packaging,sur,2110,1368,0.352,0,20,13,1,,,,template_boilerplate|unexpanded_shortcodes|tel_in_content,Template/Boilerplate | Missing SEO Elements | Errors/Placeholders,Template/Boilerplate,"هيكل H2 مكرر على 1 مقالة، ونسبة الجمل المكررة 35%. شورت كود كيان غير مُفسَّر (أقسام ناقصة في HTML): [post_call], [post_features], [post_prices], [post_services], [post_steps]. ما زال هناك رابط اتصال هاتفي tel: داخل المحتوى."
1249,post,شركة نقل عفش مع التغليف في صور,https://rukn-eltatawer.com/om/furniture-moving-packaging-sur/,furniture-moving-packaging-sur,furniture-moving-packaging,sur,2192,1376,0.372,0,20,13,1,,,,template_boilerplate|unexpanded_shortcodes|tel_in_content,Template/Boilerplate | Missing SEO Elements | Errors/Placeholders,Template/Boilerplate,"هيكل H2 مكرر على 1 مقالة، ونسبة الجمل المكررة 37%. شورت كود كيان غير مُفسَّر (أقسام ناقصة في HTML): [post_call], [post_features], [post_prices], [post_services], [post_steps]. ما زال هناك رابط اتصال هاتفي tel: داخل المحتوى."
1273,post,شركة تركيب وفك الأثاث في صور,https://rukn-eltatawer.com/om/furniture-assembly-sur/,furniture-assembly-sur,furniture-assembly,sur,2109,1288,0.389,0,20,13,1,,,,template_boilerplate|unexpanded_shortcodes|tel_in_content,Template/Boilerplate | Missing SEO Elements | Errors/Placeholders,Template/Boilerplate,"هيكل H2 مكرر على 1 مقالة، ونسبة الجمل المكررة 39%. شورت كود كيان غير مُفسَّر (أقسام ناقصة في HTML): [post_call], [post_features], [post_prices], [post_services], [post_steps]. ما زال هناك رابط اتصال هاتفي tel: داخل المحتوى."
585,post,شركة صيانة ثلاجات في صور,https://rukn-eltatawer.com/om/fridge-maintenance-sur/,fridge-maintenance-sur,fridge-maintenance,sur,2091,1267,0.394,0,20,13,1,https://rukn-eltatawer.com/om/stove-maintenance-sur/,cross-service-duplicate,7,template_boilerplate|duplicate_similar|unexpanded_shortcodes|tel_in_content,Template/Boilerplate | Duplicate/Similar | Missing SEO Elements | Errors/Placeholders,Template/Boilerplate,"هيكل H2 مكرر على 1 مقالة، ونسبة الجمل المكررة 39%. تشابه مرتفع (hamming=7, cross-service-duplicate) مع https://rukn-eltatawer.com/om/stove-maintenance-sur/. شورت كود كيان غير مُفسَّر (أقسام ناقصة في HTML): [post_call], [post_features], [post_prices], [post_services], [post_steps]. ما زال هناك رابط اتصال هاتفي tel: داخل المحتوى."
73,post,شركة تنظيف شقق في البريمي,https://rukn-eltatawer.com/om/apartment-cleaning-al-buraimi/,apartment-cleaning-al-buraimi,apartment-cleaning,al-buraimi,2166,1224,0.435,0,20,13,1,,,,template_boilerplate|unexpanded_shortcodes|tel_in_content,Template/Boilerplate | Missing SEO Elements | Errors/Placeholders,Template/Boilerplate,"هيكل H2 مكرر على 1 مقالة، ونسبة الجمل المكررة 44%. شورت كود كيان غير مُفسَّر (أقسام ناقصة في HTML): [post_call], [post_features], [post_prices], [post_services], [post_steps]. ما زال هناك رابط اتصال هاتفي tel: داخل المحتوى."
953,post,شركة تركيب سجاد أرضيات في صور,https://rukn-eltatawer.com/om/floor-carpeting-sur/,floor-carpeting-sur,floor-carpeting,sur,2099,1274,0.393,0,20,13,1,,,,template_boilerplate|unexpanded_shortcodes|tel_in_content,Template/Boilerplate | Missing SEO Elements | Errors/Placeholders,Template/Boilerplate,"هيكل H2 مكرر على 1 مقالة، ونسبة الجمل المكررة 39%. شورت كود كيان غير مُفسَّر (أقسام ناقصة في HTML): [post_call], [post_features], [post_prices], [post_services], [post_steps]. ما زال هناك رابط اتصال هاتفي tel: داخل المحتوى."
1385,post,شركة مكافحة البراغيث في صور,https://rukn-eltatawer.com/om/flea-control-sur/,flea-control-sur,flea-control,sur,2209,1408,0.363,0,20,13,1,,,,template_boilerplate|unexpanded_shortcodes|tel_in_content,Template/Boilerplate | Missing SEO Elements | Errors/Placeholders,Template/Boilerplate,"هيكل H2 مكرر على 1 مقالة، ونسبة الجمل المكررة 36%. شورت كود كيان غير مُفسَّر (أقسام ناقصة في HTML): [post_call], [post_features], [post_prices], [post_services], [post_steps]. ما زال هناك رابط اتصال هاتفي tel: داخل المحتوى."
937,post,شركة تركيب أسقف جبسية / فورسيلنج في صور,https://rukn-eltatawer.com/om/false-ceiling-sur/,false-ceiling-sur,false-ceiling,sur,2296,1319,0.426,0,20,13,1,,,,template_boilerplate|unexpanded_shortcodes|tel_in_content,Template/Boilerplate | Missing SEO Elements | Errors/Placeholders,Template/Boilerplate,"هيكل H2 مكرر على 1 مقالة، ونسبة الجمل المكررة 43%. شورت كود كيان غير مُفسَّر (أقسام ناقصة في HTML): [post_call], [post_features], [post_prices], [post_services], [post_steps]. ما زال هناك رابط اتصال هاتفي tel: داخل المحتوى."
1585,post,شركة شحن طرود سريعة في صور,https://rukn-eltatawer.com/om/express-parcel-shipping-sur/,express-parcel-shipping-sur,express-parcel-shipping,sur,2124,1368,0.356,0,20,13,1,,,,template_boilerplate|unexpanded_shortcodes|tel_in_content,Template/Boilerplate | Missing SEO Elements | Errors/Placeholders,Template/Boilerplate,"هيكل H2 مكرر على 1 مقالة، ونسبة الجمل المكررة 36%. شورت كود كيان غير مُفسَّر (أقسام ناقصة في HTML): [post_call], [post_features], [post_prices], [post_services], [post_steps]. ما زال هناك رابط اتصال هاتفي tel: داخل المحتوى."
537,post,شركة صيانة مصاعد في صور,https://rukn-eltatawer.com/om/elevator-maintenance-sur/,elevator-maintenance-sur,elevator-maintenance,sur,2052,1167,0.431,0,20,12,1,,,,template_boilerplate|unexpanded_shortcodes|tel_in_content,Template/Boilerplate | Missing SEO Elements | Errors/Placeholders,Template/Boilerplate,"هيكل H2 مكرر على 1 مقالة، ونسبة الجمل المكررة 43%. شورت كود كيان غير مُفسَّر (أقسام ناقصة في HTML): [post_call], [post_features], [post_prices], [post_services], [post_steps]. ما زال هناك رابط اتصال هاتفي tel: داخل المحتوى."
71,post,شركة تنظيف شقق في عبري,https://rukn-eltatawer.com/om/apartment-cleaning-ibri/,apartment-cleaning-ibri,apartment-cleaning,ibri,2152,1191,0.447,0,20,13,1,,,,template_boilerplate|unexpanded_shortcodes|tel_in_content,Template/Boilerplate | Missing SEO Elements | Errors/Placeholders,Template/Boilerplate,"هيكل H2 مكرر على 1 مقالة، ونسبة الجمل المكررة 45%. شورت كود كيان غير مُفسَّر (أقسام ناقصة في HTML): [post_call], [post_features], [post_prices], [post_services], [post_steps]. ما زال هناك رابط اتصال هاتفي tel: داخل المحتوى."
1705,post,شركة رش بويات كهربائي في صور,https://rukn-eltatawer.com/om/electric-spray-painting-sur/,electric-spray-painting-sur,electric-spray-painting,sur,2218,1426,0.357,0,20,13,1,,,,template_boilerplate|unexpanded_shortcodes|tel_in_content,Template/Boilerplate | Missing SEO Elements | Errors/Placeholders,Template/Boilerplate,"هيكل H2 مكرر على 1 مقالة، ونسبة الجمل المكررة 36%. شورت كود كيان غير مُفسَّر (أقسام ناقصة في HTML): [post_call], [post_features], [post_prices], [post_services], [post_steps]. ما زال هناك رابط اتصال هاتفي tel: داخل المحتوى."
601,post,شركة صيانة نشافات في صور,https://rukn-eltatawer.com/om/dryer-maintenance-sur/,dryer-maintenance-sur,dryer-maintenance,sur,2101,1309,0.377,0,20,13,1,https://rukn-eltatawer.com/om/washer-maintenance-sohar/,cross-service-duplicate,6,template_boilerplate|duplicate_similar|unexpanded_shortcodes|tel_in_content,Template/Boilerplate | Duplicate/Similar | Missing SEO Elements | Errors/Placeholders,Template/Boilerplate,"هيكل H2 مكرر على 1 مقالة، ونسبة الجمل المكررة 38%. تشابه مرتفع (hamming=6, cross-service-duplicate) مع https://rukn-eltatawer.com/om/washer-maintenance-sohar/. شورت كود كيان غير مُفسَّر (أقسام ناقصة في HTML): [post_call], [post_features], [post_prices], [post_services], [post_steps]. ما زال هناك رابط اتصال هاتفي tel: داخل المحتوى."
993,post,شركة تركيب أبواب في صور,https://rukn-eltatawer.com/om/doors-installation-sur/,doors-installation-sur,doors-installation,sur,2058,1115,0.458,0,20,13,1,,,,template_boilerplate|unexpanded_shortcodes|tel_in_content,Template/Boilerplate | Missing SEO Elements | Errors/Placeholders,Template/Boilerplate,"هيكل H2 مكرر على 1 مقالة، ونسبة الجمل المكررة 46%. شورت كود كيان غير مُفسَّر (أقسام ناقصة في HTML): [post_call], [post_features], [post_prices], [post_services], [post_steps]. ما زال هناك رابط اتصال هاتفي tel: داخل المحتوى."
1593,post,شركة شحن داخلي داخل في صور,https://rukn-eltatawer.com/om/domestic-shipping-sur/,domestic-shipping-sur,domestic-shipping,sur,2198,1383,0.371,0,20,13,1,,,,template_boilerplate|unexpanded_shortcodes|tel_in_content,Template/Boilerplate | Missing SEO Elements | Errors/Placeholders,Template/Boilerplate,"هيكل H2 مكرر على 1 مقالة، ونسبة الجمل المكررة 37%. شورت كود كيان غير مُفسَّر (أقسام ناقصة في HTML): [post_call], [post_features], [post_prices], [post_services], [post_steps]. ما زال هناك رابط اتصال هاتفي tel: داخل المحتوى."
178,post,شركة تنظيف خزانات ديزل في صور,https://rukn-eltatawer.com/om/diesel-tank-cleaning-sur/,diesel-tank-cleaning-sur,diesel-tank-cleaning,sur,2246,1124,0.5,0,20,13,1,,,,template_boilerplate|unexpanded_shortcodes|tel_in_content,Template/Boilerplate | Missing SEO Elements | Errors/Placeholders,Template/Boilerplate,"هيكل H2 مكرر على 1 مقالة، ونسبة الجمل المكررة 50%. شورت كود كيان غير مُفسَّر (أقسام ناقصة في HTML): [post_call], [post_features], [post_prices], [post_services], [post_steps]. ما زال هناك رابط اتصال هاتفي tel: داخل المحتوى."
72,post,شركة تنظيف شقق في الرستاق,https://rukn-eltatawer.com/om/apartment-cleaning-rustaq/,apartment-cleaning-rustaq,apartment-cleaning,rustaq,2191,1124,0.487,0,20,13,1,,,,template_boilerplate|unexpanded_shortcodes|tel_in_content,Template/Boilerplate | Missing SEO Elements | Errors/Placeholders,Template/Boilerplate,"هيكل H2 مكرر على 1 مقالة، ونسبة الجمل المكررة 49%. شورت كود كيان غير مُفسَّر (أقسام ناقصة في HTML): [post_call], [post_features], [post_prices], [post_services], [post_steps]. ما زال هناك رابط اتصال هاتفي tel: داخل المحتوى."
1713,post,شركة دهانات ديكورية وتأثيرات جدارية في صور,https://rukn-eltatawer.com/om/decorative-wall-effects-sur/,decorative-wall-effects-sur,decorative-wall-effects,sur,2264,1333,0.411,0,20,13,1,,,,template_boilerplate|unexpanded_shortcodes|tel_in_content|structural_error,Template/Boilerplate | Missing SEO Elements | Errors/Placeholders,Template/Boilerplate,"هيكل H2 مكرر على 1 مقالة، ونسبة الجمل المكررة 41%. شورت كود كيان غير مُفسَّر (أقسام ناقصة في HTML): [post_call], [post_features], [post_prices], [post_services], [post_steps]. ما زال هناك رابط اتصال هاتفي tel: داخل المحتوى. فقرتان متتاليتان متطابقتان."
1097,post,شركة تصميم وتنفيذ ديكورات في صور,https://rukn-eltatawer.com/om/decor-design-sur/,decor-design-sur,decor-design,sur,2235,1246,0.443,0,20,13,1,,,,template_boilerplate|unexpanded_shortcodes|tel_in_content,Template/Boilerplate | Missing SEO Elements | Errors/Placeholders,Template/Boilerplate,"هيكل H2 مكرر على 1 مقالة، ونسبة الجمل المكررة 44%. شورت كود كيان غير مُفسَّر (أقسام ناقصة في HTML): [post_call], [post_features], [post_prices], [post_services], [post_steps]. ما زال هناك رابط اتصال هاتفي tel: داخل المحتوى."
214,post,شركة تنظيف ستائر في صور,https://rukn-eltatawer.com/om/curtain-cleaning-sur/,curtain-cleaning-sur,curtain-cleaning,sur,2176,1173,0.461,0,20,13,1,,,,template_boilerplate|unexpanded_shortcodes|tel_in_content,Template/Boilerplate | Missing SEO Elements | Errors/Placeholders,Template/Boilerplate,"هيكل H2 مكرر على 1 مقالة، ونسبة الجمل المكررة 46%. شورت كود كيان غير مُفسَّر (أقسام ناقصة في HTML): [post_call], [post_features], [post_prices], [post_services], [post_steps]. ما زال هناك رابط اتصال هاتفي tel: داخل المحتوى."
1449,post,شركة التعقيم بالكلور في صور,https://rukn-eltatawer.com/om/chlorine-disinfection-sur/,chlorine-disinfection-sur,chlorine-disinfection,sur,2185,1141,0.478,0,20,13,1,,,,template_boilerplate|unexpanded_shortcodes|tel_in_content,Template/Boilerplate | Missing SEO Elements | Errors/Placeholders,Template/Boilerplate,"هيكل H2 مكرر على 1 مقالة، ونسبة الجمل المكررة 48%. شورت كود كيان غير مُفسَّر (أقسام ناقصة في HTML): [post_call], [post_features], [post_prices], [post_services], [post_steps]. ما زال هناك رابط اتصال هاتفي tel: داخل المحتوى."
881,post,شركة تركيب سيراميك وبورسلين في صور,https://rukn-eltatawer.com/om/ceramic-porcelain-sur/,ceramic-porcelain-sur,ceramic-porcelain,sur,2105,1257,0.403,0,20,13,1,,,,template_boilerplate|unexpanded_shortcodes|tel_in_content,Template/Boilerplate | Missing SEO Elements | Errors/Placeholders,Template/Boilerplate,"هيكل H2 مكرر على 1 مقالة، ونسبة الجمل المكررة 40%. شورت كود كيان غير مُفسَّر (أقسام ناقصة في HTML): [post_call], [post_features], [post_prices], [post_services], [post_steps]. ما زال هناك رابط اتصال هاتفي tel: داخل المحتوى."
70,post,شركة تنظيف شقق في صور,https://rukn-eltatawer.com/om/apartment-cleaning-sur/,apartment-cleaning-sur,apartment-cleaning,sur,2192,1199,0.453,0,20,13,1,,,,template_boilerplate|unexpanded_shortcodes|tel_in_content,Template/Boilerplate | Missing SEO Elements | Errors/Placeholders,Template/Boilerplate,"هيكل H2 مكرر على 1 مقالة، ونسبة الجمل المكررة 45%. شورت كود كيان غير مُفسَّر (أقسام ناقصة في HTML): [post_call], [post_features], [post_prices], [post_services], [post_steps]. ما زال هناك رابط اتصال هاتفي tel: داخل المحتوى."
1841,post,شركة تركيب وصيانة سخانات مركزية في صور,https://rukn-eltatawer.com/om/central-heater-installation-maintenance-sur/,central-heater-installation-maintenance-sur,central-heater-installation-maintenance,sur,2167,1264,0.417,0,20,13,1,,,,template_boilerplate|unexpanded_shortcodes|tel_in_content,Template/Boilerplate | Missing SEO Elements | Errors/Placeholders,Template/Boilerplate,"هيكل H2 مكرر على 1 مقالة، ونسبة الجمل المكررة 42%. شورت كود كيان غير مُفسَّر (أقسام ناقصة في HTML): [post_call], [post_features], [post_prices], [post_services], [post_steps]. ما زال هناك رابط اتصال هاتفي tel: داخل المحتوى."
1481,post,نجار أثاث في صور,https://rukn-eltatawer.com/om/carpenter-sur/,carpenter-sur,carpenter,sur,2077,1212,0.416,0,20,13,1,,,,template_boilerplate|unexpanded_shortcodes|tel_in_content,Template/Boilerplate | Missing SEO Elements | Errors/Placeholders,Template/Boilerplate,"هيكل H2 مكرر على 1 مقالة، ونسبة الجمل المكررة 42%. شورت كود كيان غير مُفسَّر (أقسام ناقصة في HTML): [post_call], [post_features], [post_prices], [post_services], [post_steps]. ما زال هناك رابط اتصال هاتفي tel: داخل المحتوى."
1561,post,شركة شحن بضائع في صور,https://rukn-eltatawer.com/om/cargo-shipping-sur/,cargo-shipping-sur,cargo-shipping,sur,2122,1319,0.378,0,20,13,1,,,,template_boilerplate|unexpanded_shortcodes|tel_in_content,Template/Boilerplate | Missing SEO Elements | Errors/Placeholders,Template/Boilerplate,"هيكل H2 مكرر على 1 مقالة، ونسبة الجمل المكررة 38%. شورت كود كيان غير مُفسَّر (أقسام ناقصة في HTML): [post_call], [post_features], [post_prices], [post_services], [post_steps]. ما زال هناك رابط اتصال هاتفي tel: داخل المحتوى."
1577,post,شركة شحن سيارات في صور,https://rukn-eltatawer.com/om/car-shipping-sur/,car-shipping-sur,car-shipping,sur,2107,1223,0.42,0,20,13,1,,,,template_boilerplate|unexpanded_shortcodes|tel_in_content,Template/Boilerplate | Missing SEO Elements | Errors/Placeholders,Template/Boilerplate,"هيكل H2 مكرر على 1 مقالة، ونسبة الجمل المكررة 42%. شورت كود كيان غير مُفسَّر (أقسام ناقصة في HTML): [post_call], [post_features], [post_prices], [post_services], [post_steps]. ما زال هناك رابط اتصال هاتفي tel: داخل المحتوى."
865,post,شركة تركيب طابوق في صور,https://rukn-eltatawer.com/om/brickwork-sur/,brickwork-sur,brickwork,sur,2025,1185,0.415,0,20,13,1,,,,template_boilerplate|unexpanded_shortcodes|tel_in_content,Template/Boilerplate | Missing SEO Elements | Errors/Placeholders,Template/Boilerplate,"هيكل H2 مكرر على 1 مقالة، ونسبة الجمل المكررة 42%. شورت كود كيان غير مُفسَّر (أقسام ناقصة في HTML): [post_call], [post_features], [post_prices], [post_services], [post_steps]. ما زال هناك رابط اتصال هاتفي tel: داخل المحتوى."
69,post,شركة تنظيف شقق في نزوى,https://rukn-eltatawer.com/om/apartment-cleaning-nizwa/,apartment-cleaning-nizwa,apartment-cleaning,nizwa,2230,1146,0.486,0,20,13,1,,,,template_boilerplate|unexpanded_shortcodes|tel_in_content,Template/Boilerplate | Missing SEO Elements | Errors/Placeholders,Template/Boilerplate,"هيكل H2 مكرر على 1 مقالة، ونسبة الجمل المكررة 49%. شورت كود كيان غير مُفسَّر (أقسام ناقصة في HTML): [post_call], [post_features], [post_prices], [post_services], [post_steps]. ما زال هناك رابط اتصال هاتفي tel: داخل المحتوى."
1073,post,شركة بناء أسوار طابوق في صور,https://rukn-eltatawer.com/om/block-fences-sur/,block-fences-sur,block-fences,sur,2019,1219,0.396,0,20,13,1,,,,template_boilerplate|unexpanded_shortcodes|tel_in_content,Template/Boilerplate | Missing SEO Elements | Errors/Placeholders,Template/Boilerplate,"هيكل H2 مكرر على 1 مقالة، ونسبة الجمل المكررة 40%. شورت كود كيان غير مُفسَّر (أقسام ناقصة في HTML): [post_call], [post_features], [post_prices], [post_services], [post_steps]. ما زال هناك رابط اتصال هاتفي tel: داخل المحتوى."
1489,post,حداد أبواب ونوافذ في صور,https://rukn-eltatawer.com/om/blacksmith-doors-windows-sur/,blacksmith-doors-windows-sur,blacksmith-doors-windows,sur,2073,1272,0.386,0,20,13,1,,,,template_boilerplate|unexpanded_shortcodes|tel_in_content,Template/Boilerplate | Missing SEO Elements | Errors/Placeholders,Template/Boilerplate,"هيكل H2 مكرر على 1 مقالة، ونسبة الجمل المكررة 39%. شورت كود كيان غير مُفسَّر (أقسام ناقصة في HTML): [post_call], [post_features], [post_prices], [post_services], [post_steps]. ما زال هناك رابط اتصال هاتفي tel: داخل المحتوى."
1433,post,شركة تركيب أجهزة صوتية لطرد الطيور في صور,https://rukn-eltatawer.com/om/bird-sound-device-sur/,bird-sound-device-sur,bird-sound-device,sur,2342,1582,0.325,0,20,13,1,,,,unexpanded_shortcodes|tel_in_content,Missing SEO Elements | Errors/Placeholders,Missing SEO Elements,"شورت كود كيان غير مُفسَّر (أقسام ناقصة في HTML): [post_call], [post_features], [post_prices], [post_services], [post_steps]. ما زال هناك رابط اتصال هاتفي tel: داخل المحتوى."
1401,post,شركة مكافحة الطيور في صور,https://rukn-eltatawer.com/om/bird-control-sur/,bird-control-sur,bird-control,sur,2261,1496,0.338,0,20,13,1,,,,unexpanded_shortcodes|tel_in_content,Missing SEO Elements | Errors/Placeholders,Missing SEO Elements,"شورت كود كيان غير مُفسَّر (أقسام ناقصة في HTML): [post_call], [post_features], [post_prices], [post_services], [post_steps]. ما زال هناك رابط اتصال هاتفي tel: داخل المحتوى."
1161,post,شركة تركيب شبكات ري أوتوماتيكية في صور,https://rukn-eltatawer.com/om/automatic-irrigation-sur/,automatic-irrigation-sur,automatic-irrigation,sur,2250,1355,0.398,0,20,13,1,,,,template_boilerplate|unexpanded_shortcodes|tel_in_content,Template/Boilerplate | Missing SEO Elements | Errors/Placeholders,Template/Boilerplate,"هيكل H2 مكرر على 1 مقالة، ونسبة الجمل المكررة 40%. شورت كود كيان غير مُفسَّر (أقسام ناقصة في HTML): [post_call], [post_features], [post_prices], [post_services], [post_steps]. ما زال هناك رابط اتصال هاتفي tel: داخل المحتوى."
68,post,شركة تنظيف شقق في صحار,https://rukn-eltatawer.com/om/apartment-cleaning-sohar/,apartment-cleaning-sohar,apartment-cleaning,sohar,2164,1185,0.452,0,20,13,1,,,,template_boilerplate|unexpanded_shortcodes|tel_in_content,Template/Boilerplate | Missing SEO Elements | Errors/Placeholders,Template/Boilerplate,"هيكل H2 مكرر على 1 مقالة، ونسبة الجمل المكررة 45%. شورت كود كيان غير مُفسَّر (أقسام ناقصة في HTML): [post_call], [post_features], [post_prices], [post_services], [post_steps]. ما زال هناك رابط اتصال هاتفي tel: داخل المحتوى."
553,post,شركة صيانة أبواب أوتوماتيكية في صور,https://rukn-eltatawer.com/om/automatic-doors-maintenance-sur/,automatic-doors-maintenance-sur,automatic-doors-maintenance,sur,2083,1290,0.381,0,20,12,1,,,,template_boilerplate|unexpanded_shortcodes|tel_in_content,Template/Boilerplate | Missing SEO Elements | Errors/Placeholders,Template/Boilerplate,"هيكل H2 مكرر على 1 مقالة، ونسبة الجمل المكررة 38%. شورت كود كيان غير مُفسَّر (أقسام ناقصة في HTML): [post_call], [post_features], [post_prices], [post_services], [post_steps]. ما زال هناك رابط اتصال هاتفي tel: داخل المحتوى."
1217,post,شركة تركيب شلالات اصطناعية في صور,https://rukn-eltatawer.com/om/artificial-waterfall-sur/,artificial-waterfall-sur,artificial-waterfall,sur,2120,1134,0.465,0,20,13,1,,,,template_boilerplate|unexpanded_shortcodes|tel_in_content,Template/Boilerplate | Missing SEO Elements | Errors/Placeholders,Template/Boilerplate,"هيكل H2 مكرر على 1 مقالة، ونسبة الجمل المكررة 46%. شورت كود كيان غير مُفسَّر (أقسام ناقصة في HTML): [post_call], [post_features], [post_prices], [post_services], [post_steps]. ما زال هناك رابط اتصال هاتفي tel: داخل المحتوى."
1017,post,شركة تركيب عشب صناعي في صور,https://rukn-eltatawer.com/om/artificial-grass-sur/,artificial-grass-sur,artificial-grass,sur,2205,1220,0.447,0,20,13,1,,,,template_boilerplate|unexpanded_shortcodes|tel_in_content,Template/Boilerplate | Missing SEO Elements | Errors/Placeholders,Template/Boilerplate,"هيكل H2 مكرر على 1 مقالة، ونسبة الجمل المكررة 45%. شورت كود كيان غير مُفسَّر (أقسام ناقصة في HTML): [post_call], [post_features], [post_prices], [post_services], [post_steps]. ما زال هناك رابط اتصال هاتفي tel: داخل المحتوى."
577,post,شركة صيانة الأجهزة الكهربائية في صور,https://rukn-eltatawer.com/om/appliance-maintenance-sur/,appliance-maintenance-sur,appliance-maintenance,sur,2252,1378,0.388,0,20,13,1,,,,template_boilerplate|unexpanded_shortcodes|tel_in_content,Template/Boilerplate | Missing SEO Elements | Errors/Placeholders,Template/Boilerplate,"هيكل H2 مكرر على 1 مقالة، ونسبة الجمل المكررة 39%. شورت كود كيان غير مُفسَّر (أقسام ناقصة في HTML): [post_call], [post_features], [post_prices], [post_services], [post_steps]. ما زال هناك رابط اتصال هاتفي tel: داخل المحتوى."
1033,post,شركة بناء ملاحق في صور,https://rukn-eltatawer.com/om/annex-building-sur/,annex-building-sur,annex-building,sur,1993,1208,0.394,0,20,13,1,,,,template_boilerplate|unexpanded_shortcodes|tel_in_content|structural_error,Template/Boilerplate | Missing SEO Elements | Errors/Placeholders,Template/Boilerplate,"هيكل H2 مكرر على 1 مقالة، ونسبة الجمل المكررة 39%. شورت كود كيان غير مُفسَّر (أقسام ناقصة في HTML): [post_call], [post_features], [post_prices], [post_services], [post_steps]. ما زال هناك رابط اتصال هاتفي tel: داخل المحتوى. فقرتان متتاليتان متطابقتان."
67,post,شركة تنظيف شقق في صلالة,https://rukn-eltatawer.com/om/apartment-cleaning-salalah/,apartment-cleaning-salalah,apartment-cleaning,salalah,2241,1303,0.419,0,20,13,1,,,,template_boilerplate|unexpanded_shortcodes|tel_in_content,Template/Boilerplate | Missing SEO Elements | Errors/Placeholders,Template/Boilerplate,"هيكل H2 مكرر على 1 مقالة، ونسبة الجمل المكررة 42%. شورت كود كيان غير مُفسَّر (أقسام ناقصة في HTML): [post_call], [post_features], [post_prices], [post_services], [post_steps]. ما زال هناك رابط اتصال هاتفي tel: داخل المحتوى."
681,post,شركة تركيب وصيانة أنظمة تنقية الهواء في صور,https://rukn-eltatawer.com/om/air-purification-sur/,air-purification-sur,air-purification,sur,2313,1433,0.38,0,20,13,1,,,,template_boilerplate|unexpanded_shortcodes|tel_in_content,Template/Boilerplate | Missing SEO Elements | Errors/Placeholders,Template/Boilerplate,"هيكل H2 مكرر على 1 مقالة، ونسبة الجمل المكررة 38%. شورت كود كيان غير مُفسَّر (أقسام ناقصة في HTML): [post_call], [post_features], [post_prices], [post_services], [post_steps]. ما زال هناك رابط اتصال هاتفي tel: داخل المحتوى."
1617,post,شركة شحن دولي جوي في صور,https://rukn-eltatawer.com/om/air-freight-sur/,air-freight-sur,air-freight,sur,2141,1379,0.356,0,20,13,1,,,,template_boilerplate|unexpanded_shortcodes|tel_in_content,Template/Boilerplate | Missing SEO Elements | Errors/Placeholders,Template/Boilerplate,"هيكل H2 مكرر على 1 مقالة، ونسبة الجمل المكررة 36%. شورت كود كيان غير مُفسَّر (أقسام ناقصة في HTML): [post_call], [post_features], [post_prices], [post_services], [post_steps]. ما زال هناك رابط اتصال هاتفي tel: داخل المحتوى."
1200,post,شركة تركيب عرائش خشبية في نزوى,https://rukn-eltatawer.com/om/wooden-arbor-installation-nizwa/,wooden-arbor-installation-nizwa,wooden-arbor-installation,nizwa,2214,1218,0.45,0,20,13,1,,,,template_boilerplate|unexpanded_shortcodes|tel_in_content,Template/Boilerplate | Missing SEO Elements | Errors/Placeholders,Template/Boilerplate,"هيكل H2 مكرر على 1 مقالة، ونسبة الجمل المكررة 45%. شورت كود كيان غير مُفسَّر (أقسام ناقصة في HTML): [post_call], [post_features], [post_prices], [post_services], [post_steps]. ما زال هناك رابط اتصال هاتفي tel: داخل المحتوى."
1720,post,شركة دهان أبواب وشبابيك خشبية في نزوى,https://rukn-eltatawer.com/om/wood-doors-windows-painting-nizwa/,wood-doors-windows-painting-nizwa,wood-doors-windows-painting,nizwa,2265,1294,0.429,0,20,13,1,,,,template_boilerplate|unexpanded_shortcodes|tel_in_content,Template/Boilerplate | Missing SEO Elements | Errors/Placeholders,Template/Boilerplate,"هيكل H2 مكرر على 1 مقالة، ونسبة الجمل المكررة 43%. شورت كود كيان غير مُفسَّر (أقسام ناقصة في HTML): [post_call], [post_features], [post_prices], [post_services], [post_steps]. ما زال هناك رابط اتصال هاتفي tel: داخل المحتوى."
1000,post,شركة تركيب شبابيك في نزوى,https://rukn-eltatawer.com/om/windows-installation-nizwa/,windows-installation-nizwa,windows-installation,nizwa,2126,1199,0.436,0,20,13,1,,,,template_boilerplate|unexpanded_shortcodes|tel_in_content,Template/Boilerplate | Missing SEO Elements | Errors/Placeholders,Template/Boilerplate,"هيكل H2 مكرر على 1 مقالة، ونسبة الجمل المكررة 44%. شورت كود كيان غير مُفسَّر (أقسام ناقصة في HTML): [post_call], [post_features], [post_prices], [post_services], [post_steps]. ما زال هناك رابط اتصال هاتفي tel: داخل المحتوى."
66,post,شركة تنظيف شقق في مسقط,https://rukn-eltatawer.com/om/apartment-cleaning-muscat/,apartment-cleaning-muscat,apartment-cleaning,muscat,2291,1327,0.421,0,20,13,1,,,,template_boilerplate|unexpanded_shortcodes|tel_in_content,Template/Boilerplate | Missing SEO Elements | Errors/Placeholders,Template/Boilerplate,"هيكل H2 مكرر على 1 مقالة، ونسبة الجمل المكررة 42%. شورت كود كيان غير مُفسَّر (أقسام ناقصة في HTML): [post_call], [post_features], [post_prices], [post_services], [post_steps]. ما زال هناك رابط اتصال هاتفي tel: داخل المحتوى."
624,post,شركة صيانة مبردات مياه في نزوى,https://rukn-eltatawer.com/om/water-cooler-maintenance-nizwa/,water-cooler-maintenance-nizwa,water-cooler-maintenance,nizwa,2144,1188,0.446,0,20,13,1,,,,template_boilerplate|unexpanded_shortcodes|tel_in_content,Template/Boilerplate | Missing SEO Elements | Errors/Placeholders,Template/Boilerplate,"هيكل H2 مكرر على 1 مقالة، ونسبة الجمل المكررة 45%. شورت كود كيان غير مُفسَّر (أقسام ناقصة في HTML): [post_call], [post_features], [post_prices], [post_services], [post_steps]. ما زال هناك رابط اتصال هاتفي tel: داخل المحتوى."
592,post,شركة صيانة غسالات في نزوى,https://rukn-eltatawer.com/om/washer-maintenance-nizwa/,washer-maintenance-nizwa,washer-maintenance,nizwa,2070,1309,0.368,0,20,13,1,,,,template_boilerplate|unexpanded_shortcodes|tel_in_content,Template/Boilerplate | Missing SEO Elements | Errors/Placeholders,Template/Boilerplate,"هيكل H2 مكرر على 1 مقالة، ونسبة الجمل المكررة 37%. شورت كود كيان غير مُفسَّر (أقسام ناقصة في HTML): [post_call], [post_features], [post_prices], [post_services], [post_steps]. ما زال هناك رابط اتصال هاتفي tel: داخل المحتوى."
944,post,شركة تركيب ورق جدران في نزوى,https://rukn-eltatawer.com/om/wallpaper-nizwa/,wallpaper-nizwa,wallpaper,nizwa,2212,1165,0.473,0,20,13,1,,,,template_boilerplate|unexpanded_shortcodes|tel_in_content,Template/Boilerplate | Missing SEO Elements | Errors/Placeholders,Template/Boilerplate,"هيكل H2 مكرر على 1 مقالة، ونسبة الجمل المكررة 47%. شورت كود كيان غير مُفسَّر (أقسام ناقصة في HTML): [post_call], [post_features], [post_prices], [post_services], [post_steps]. ما زال هناك رابط اتصال هاتفي tel: داخل المحتوى."
1648,post,شركة تركيب ورق حائط في نزوى,https://rukn-eltatawer.com/om/wallpaper-installation-nizwa/,wallpaper-installation-nizwa,wallpaper-installation,nizwa,2240,1316,0.412,0,20,13,1,,,,template_boilerplate|unexpanded_shortcodes|tel_in_content,Template/Boilerplate | Missing SEO Elements | Errors/Placeholders,Template/Boilerplate,"هيكل H2 مكرر على 1 مقالة، ونسبة الجمل المكررة 41%. شورت كود كيان غير مُفسَّر (أقسام ناقصة في HTML): [post_call], [post_features], [post_prices], [post_services], [post_steps]. ما زال هناك رابط اتصال هاتفي tel: داخل المحتوى."
1176,post,شركة تركيب عشب جداري في نزوى,https://rukn-eltatawer.com/om/wall-grass-nizwa/,wall-grass-nizwa,wall-grass,nizwa,2208,1264,0.428,0,20,13,1,,,,template_boilerplate|unexpanded_shortcodes|tel_in_content,Template/Boilerplate | Missing SEO Elements | Errors/Placeholders,Template/Boilerplate,"هيكل H2 مكرر على 1 مقالة، ونسبة الجمل المكررة 43%. شورت كود كيان غير مُفسَّر (أقسام ناقصة في HTML): [post_call], [post_features], [post_prices], [post_services], [post_steps]. ما زال هناك رابط اتصال هاتفي tel: داخل المحتوى."
64,post,شركة تنظيف منازل في البريمي,https://rukn-eltatawer.com/om/home-cleaning-al-buraimi/,home-cleaning-al-buraimi,home-cleaning,al-buraimi,2229,1255,0.437,0,20,13,1,,,,template_boilerplate|unexpanded_shortcodes|tel_in_content|missing_meta,Template/Boilerplate | Missing SEO Elements | Errors/Placeholders,Template/Boilerplate,"هيكل H2 مكرر على 1 مقالة، ونسبة الجمل المكررة 44%. شورت كود كيان غير مُفسَّر (أقسام ناقصة في HTML): [post_call], [post_features], [post_prices], [post_services], [post_steps]. ما زال هناك رابط اتصال هاتفي tel: داخل المحتوى. صورة بارزة مفقودة أو مكررة (id=246)."
1224,post,شركة تركيب نوافير جدارية في نزوى,https://rukn-eltatawer.com/om/wall-fountain-nizwa/,wall-fountain-nizwa,wall-fountain,nizwa,2214,1290,0.417,0,20,13,1,,,,template_boilerplate|unexpanded_shortcodes|tel_in_content,Template/Boilerplate | Missing SEO Elements | Errors/Placeholders,Template/Boilerplate,"هيكل H2 مكرر على 1 مقالة، ونسبة الجمل المكررة 42%. شورت كود كيان غير مُفسَّر (أقسام ناقصة في HTML): [post_call], [post_features], [post_prices], [post_services], [post_steps]. ما زال هناك رابط اتصال هاتفي tel: داخل المحتوى."
920,post,شركة تركيب فوم للجدران في نزوى,https://rukn-eltatawer.com/om/wall-foam-nizwa/,wall-foam-nizwa,wall-foam,nizwa,2198,1299,0.409,0,20,13,1,,,,template_boilerplate|unexpanded_shortcodes|tel_in_content,Template/Boilerplate | Missing SEO Elements | Errors/Placeholders,Template/Boilerplate,"هيكل H2 مكرر على 1 مقالة، ونسبة الجمل المكررة 41%. شورت كود كيان غير مُفسَّر (أقسام ناقصة في HTML): [post_call], [post_features], [post_prices], [post_services], [post_steps]. ما زال هناك رابط اتصال هاتفي tel: داخل المحتوى."
896,post,شركة تركيب أرضيات فينيل في نزوى,https://rukn-eltatawer.com/om/vinyl-flooring-nizwa/,vinyl-flooring-nizwa,vinyl-flooring,nizwa,2145,1238,0.423,0,20,13,1,,,,template_boilerplate|unexpanded_shortcodes|tel_in_content,Template/Boilerplate | Missing SEO Elements | Errors/Placeholders,Template/Boilerplate,"هيكل H2 مكرر على 1 مقالة، ونسبة الجمل المكررة 42%. شورت كود كيان غير مُفسَّر (أقسام ناقصة في HTML): [post_call], [post_features], [post_prices], [post_services], [post_steps]. ما زال هناك رابط اتصال هاتفي tel: داخل المحتوى."
632,post,شركة صيانة مكانس كهربائية في نزوى,https://rukn-eltatawer.com/om/vacuum-maintenance-nizwa/,vacuum-maintenance-nizwa,vacuum-maintenance,nizwa,2132,1299,0.391,0,20,13,1,,,,template_boilerplate|unexpanded_shortcodes|tel_in_content,Template/Boilerplate | Missing SEO Elements | Errors/Placeholders,Template/Boilerplate,"هيكل H2 مكرر على 1 مقالة، ونسبة الجمل المكررة 39%. شورت كود كيان غير مُفسَّر (أقسام ناقصة في HTML): [post_call], [post_features], [post_prices], [post_services], [post_steps]. ما زال هناك رابط اتصال هاتفي tel: داخل المحتوى."
672,post,شركة تركيب وصيانة أجهزة تبريد مياه الخزانات في نزوى,https://rukn-eltatawer.com/om/tank-water-chiller-nizwa/,tank-water-chiller-nizwa,tank-water-chiller,nizwa,2416,1506,0.377,0,20,13,1,,,,template_boilerplate|unexpanded_shortcodes|tel_in_content,Template/Boilerplate | Missing SEO Elements | Errors/Placeholders,Template/Boilerplate,"هيكل H2 مكرر على 1 مقالة، ونسبة الجمل المكررة 38%. شورت كود كيان غير مُفسَّر (أقسام ناقصة في HTML): [post_call], [post_features], [post_prices], [post_services], [post_steps]. ما زال هناك رابط اتصال هاتفي tel: داخل المحتوى."
62,post,شركة تنظيف منازل في عبري,https://rukn-eltatawer.com/om/home-cleaning-ibri/,home-cleaning-ibri,home-cleaning,ibri,2192,1213,0.447,0,20,13,1,,,,template_boilerplate|unexpanded_shortcodes|tel_in_content|missing_meta,Template/Boilerplate | Missing SEO Elements | Errors/Placeholders,Template/Boilerplate,"هيكل H2 مكرر على 1 مقالة، ونسبة الجمل المكررة 45%. شورت كود كيان غير مُفسَّر (أقسام ناقصة في HTML): [post_call], [post_features], [post_prices], [post_services], [post_steps]. ما زال هناك رابط اتصال هاتفي tel: داخل المحتوى. صورة بارزة مفقودة أو مكررة (id=246)."
960,post,شركة تركيب أسقف مستعارة في نزوى,https://rukn-eltatawer.com/om/suspended-ceiling-nizwa/,suspended-ceiling-nizwa,suspended-ceiling,nizwa,2268,1311,0.422,0,20,13,1,,,,template_boilerplate|unexpanded_shortcodes|tel_in_content|structural_error,Template/Boilerplate | Missing SEO Elements | Errors/Placeholders,Template/Boilerplate,"هيكل H2 مكرر على 1 مقالة، ونسبة الجمل المكررة 42%. شورت كود كيان غير مُفسَّر (أقسام ناقصة في HTML): [post_call], [post_features], [post_prices], [post_services], [post_steps]. ما زال هناك رابط اتصال هاتفي tel: داخل المحتوى. فقرتان متتاليتان متطابقتان."
568,post,شركة صيانة بوتاجازات في نزوى,https://rukn-eltatawer.com/om/stove-maintenance-nizwa/,stove-maintenance-nizwa,stove-maintenance,nizwa,2123,1306,0.385,0,20,13,1,,,,template_boilerplate|unexpanded_shortcodes|tel_in_content,Template/Boilerplate | Missing SEO Elements | Errors/Placeholders,Template/Boilerplate,"هيكل H2 مكرر على 1 مقالة، ونسبة الجمل المكررة 38%. شورت كود كيان غير مُفسَّر (أقسام ناقصة في HTML): [post_call], [post_features], [post_prices], [post_services], [post_steps]. ما زال هناك رابط اتصال هاتفي tel: داخل المحتوى."
1208,post,شركة إنشاء ممرات حجرية في نزوى,https://rukn-eltatawer.com/om/stone-pathway-nizwa/,stone-pathway-nizwa,stone-pathway,nizwa,2221,1224,0.449,0,20,13,1,,,,template_boilerplate|unexpanded_shortcodes|tel_in_content,Template/Boilerplate | Missing SEO Elements | Errors/Placeholders,Template/Boilerplate,"هيكل H2 مكرر على 1 مقالة، ونسبة الجمل المكررة 45%. شورت كود كيان غير مُفسَّر (أقسام ناقصة في HTML): [post_call], [post_features], [post_prices], [post_services], [post_steps]. ما زال هناك رابط اتصال هاتفي tel: داخل المحتوى."
904,post,شركة تركيب حجر طبيعي وصناعي في نزوى,https://rukn-eltatawer.com/om/stone-nizwa/,stone-nizwa,stone,nizwa,2146,1276,0.405,0,20,13,1,,,,template_boilerplate|unexpanded_shortcodes|tel_in_content,Template/Boilerplate | Missing SEO Elements | Errors/Placeholders,Template/Boilerplate,"هيكل H2 مكرر على 1 مقالة، ونسبة الجمل المكررة 40%. شورت كود كيان غير مُفسَّر (أقسام ناقصة في HTML): [post_call], [post_features], [post_prices], [post_services], [post_steps]. ما زال هناك رابط اتصال هاتفي tel: داخل المحتوى."
1440,post,شركة التعقيم بالبخار في نزوى,https://rukn-eltatawer.com/om/steam-disinfection-nizwa/,steam-disinfection-nizwa,steam-disinfection,nizwa,2185,1189,0.456,0,20,13,1,,,,template_boilerplate|unexpanded_shortcodes|tel_in_content|structural_error,Template/Boilerplate | Missing SEO Elements | Errors/Placeholders,Template/Boilerplate,"هيكل H2 مكرر على 1 مقالة، ونسبة الجمل المكررة 46%. شورت كود كيان غير مُفسَّر (أقسام ناقصة في HTML): [post_call], [post_features], [post_prices], [post_services], [post_steps]. ما زال هناك رابط اتصال هاتفي tel: داخل المحتوى. فقرتان متتاليتان متطابقتان."
63,post,شركة تنظيف منازل في الرستاق,https://rukn-eltatawer.com/om/home-cleaning-rustaq/,home-cleaning-rustaq,home-cleaning,rustaq,2195,1122,0.489,0,20,13,1,,,,template_boilerplate|unexpanded_shortcodes|tel_in_content|missing_meta,Template/Boilerplate | Missing SEO Elements | Errors/Placeholders,Template/Boilerplate,"هيكل H2 مكرر على 1 مقالة، ونسبة الجمل المكررة 49%. شورت كود كيان غير مُفسَّر (أقسام ناقصة في HTML): [post_call], [post_features], [post_prices], [post_services], [post_steps]. ما زال هناك رابط اتصال هاتفي tel: داخل المحتوى. صورة بارزة مفقودة أو مكررة (id=246)."
204,post,شركة تنظيف كنب في نزوى,https://rukn-eltatawer.com/om/sofa-cleaning-nizwa/,sofa-cleaning-nizwa,sofa-cleaning,nizwa,2209,1220,0.448,0,20,13,1,,,,template_boilerplate|unexpanded_shortcodes|tel_in_content,Template/Boilerplate | Missing SEO Elements | Errors/Placeholders,Template/Boilerplate,"هيكل H2 مكرر على 1 مقالة، ونسبة الجمل المكررة 45%. شورت كود كيان غير مُفسَّر (أقسام ناقصة في HTML): [post_call], [post_features], [post_prices], [post_services], [post_steps]. ما زال هناك رابط اتصال هاتفي tel: داخل المحتوى."
1368,post,شركة مكافحة الأفاعي في نزوى,https://rukn-eltatawer.com/om/snake-control-nizwa/,snake-control-nizwa,snake-control,nizwa,2241,1376,0.386,0,20,13,1,,,,template_boilerplate|unexpanded_shortcodes|tel_in_content,Template/Boilerplate | Missing SEO Elements | Errors/Placeholders,Template/Boilerplate,"هيكل H2 مكرر على 1 مقالة، ونسبة الجمل المكررة 39%. شورت كود كيان غير مُفسَّر (أقسام ناقصة في HTML): [post_call], [post_features], [post_prices], [post_services], [post_steps]. ما زال هناك رابط اتصال هاتفي tel: داخل المحتوى."
1552,post,شركة مكاتب الشحن في نزوى,https://rukn-eltatawer.com/om/shipping-offices-nizwa/,shipping-offices-nizwa,shipping-offices,nizwa,2110,1246,0.409,0,20,13,1,,,,template_boilerplate|unexpanded_shortcodes|tel_in_content,Template/Boilerplate | Missing SEO Elements | Errors/Placeholders,Template/Boilerplate,"هيكل H2 مكرر على 1 مقالة، ونسبة الجمل المكررة 41%. شورت كود كيان غير مُفسَّر (أقسام ناقصة في HTML): [post_call], [post_features], [post_prices], [post_services], [post_steps]. ما زال هناك رابط اتصال هاتفي tel: داخل المحتوى."
1008,post,شركة تركيب مظلات وسواتر في نزوى,https://rukn-eltatawer.com/om/shades-sails-nizwa/,shades-sails-nizwa,shades-sails,nizwa,2176,1284,0.41,0,20,13,1,,,,template_boilerplate|unexpanded_shortcodes|tel_in_content,Template/Boilerplate | Missing SEO Elements | Errors/Placeholders,Template/Boilerplate,"هيكل H2 مكرر على 1 مقالة، ونسبة الجمل المكررة 41%. شورت كود كيان غير مُفسَّر (أقسام ناقصة في HTML): [post_call], [post_features], [post_prices], [post_services], [post_steps]. ما زال هناك رابط اتصال هاتفي tel: داخل المحتوى."
1608,post,شركة شحن دولي بحري في نزوى,https://rukn-eltatawer.com/om/sea-freight-nizwa/,sea-freight-nizwa,sea-freight,nizwa,2165,1209,0.442,0,20,13,1,https://rukn-eltatawer.com/om/furniture-packaging-nizwa/,cross-service-duplicate,8,template_boilerplate|duplicate_similar|unexpanded_shortcodes|tel_in_content,Template/Boilerplate | Duplicate/Similar | Missing SEO Elements | Errors/Placeholders,Template/Boilerplate,"هيكل H2 مكرر على 1 مقالة، ونسبة الجمل المكررة 44%. تشابه مرتفع (hamming=8, cross-service-duplicate) مع https://rukn-eltatawer.com/om/furniture-packaging-nizwa/. شورت كود كيان غير مُفسَّر (أقسام ناقصة في HTML): [post_call], [post_features], [post_prices], [post_services], [post_steps]. ما زال هناك رابط اتصال هاتفي tel: داخل المحتوى."
1376,post,شركة مكافحة العقارب في نزوى,https://rukn-eltatawer.com/om/scorpion-control-nizwa/,scorpion-control-nizwa,scorpion-control,nizwa,2240,1453,0.351,0,20,13,1,,,,template_boilerplate|unexpanded_shortcodes|tel_in_content,Template/Boilerplate | Missing SEO Elements | Errors/Placeholders,Template/Boilerplate,"هيكل H2 مكرر على 1 مقالة، ونسبة الجمل المكررة 35%. شورت كود كيان غير مُفسَّر (أقسام ناقصة في HTML): [post_call], [post_features], [post_prices], [post_services], [post_steps]. ما زال هناك رابط اتصال هاتفي tel: داخل المحتوى."
61,post,شركة تنظيف منازل في صور,https://rukn-eltatawer.com/om/home-cleaning-sur/,home-cleaning-sur,home-cleaning,sur,2215,1231,0.444,0,20,13,1,,,,template_boilerplate|unexpanded_shortcodes|tel_in_content|missing_meta,Template/Boilerplate | Missing SEO Elements | Errors/Placeholders,Template/Boilerplate,"هيكل H2 مكرر على 1 مقالة، ونسبة الجمل المكررة 44%. شورت كود كيان غير مُفسَّر (أقسام ناقصة في HTML): [post_call], [post_features], [post_prices], [post_services], [post_steps]. ما زال هناك رابط اتصال هاتفي tel: داخل المحتوى. صورة بارزة مفقودة أو مكررة (id=246)."
114,post,شركة تنظيف مدارس وحضانات في نزوى,https://rukn-eltatawer.com/om/school-nursery-cleaning-nizwa/,school-nursery-cleaning-nizwa,school-nursery-cleaning,nizwa,2267,1238,0.454,0,20,13,1,,,,template_boilerplate|unexpanded_shortcodes|tel_in_content,Template/Boilerplate | Missing SEO Elements | Errors/Placeholders,Template/Boilerplate,"هيكل H2 مكرر على 1 مقالة، ونسبة الجمل المكررة 45%. شورت كود كيان غير مُفسَّر (أقسام ناقصة في HTML): [post_call], [post_features], [post_prices], [post_services], [post_steps]. ما زال هناك رابط اتصال هاتفي tel: داخل المحتوى."
1432,post,شركة تركيب أجهزة صوتية لطرد الطيور في نزوى,https://rukn-eltatawer.com/om/bird-sound-device-nizwa/,bird-sound-device-nizwa,bird-sound-device,nizwa,2362,1418,0.4,0,20,13,1,,,,template_boilerplate|unexpanded_shortcodes|tel_in_content,Template/Boilerplate | Missing SEO Elements | Errors/Placeholders,Template/Boilerplate,"هيكل H2 مكرر على 1 مقالة، ونسبة الجمل المكررة 40%. شورت كود كيان غير مُفسَّر (أقسام ناقصة في HTML): [post_call], [post_features], [post_prices], [post_services], [post_steps]. ما زال هناك رابط اتصال هاتفي tel: داخل المحتوى."
488,post,شركة صيانة مباني في نزوى,https://rukn-eltatawer.com/om/building-maintenance-nizwa/,building-maintenance-nizwa,building-maintenance,nizwa,2137,1330,0.378,0,20,13,1,,,,template_boilerplate|unexpanded_shortcodes|tel_in_content,Template/Boilerplate | Missing SEO Elements | Errors/Placeholders,Template/Boilerplate,"هيكل H2 مكرر على 1 مقالة، ونسبة الجمل المكررة 38%. شورت كود كيان غير مُفسَّر (أقسام ناقصة في HTML): [post_call], [post_features], [post_prices], [post_services], [post_steps]. ما زال هناك رابط اتصال هاتفي tel: داخل المحتوى."
1400,post,شركة مكافحة الطيور في نزوى,https://rukn-eltatawer.com/om/bird-control-nizwa/,bird-control-nizwa,bird-control,nizwa,2246,1452,0.354,0,20,13,1,,,,template_boilerplate|unexpanded_shortcodes|tel_in_content,Template/Boilerplate | Missing SEO Elements | Errors/Placeholders,Template/Boilerplate,"هيكل H2 مكرر على 1 مقالة، ونسبة الجمل المكررة 35%. شورت كود كيان غير مُفسَّر (أقسام ناقصة في HTML): [post_call], [post_features], [post_prices], [post_services], [post_steps]. ما زال هناك رابط اتصال هاتفي tel: داخل المحتوى."
1160,post,شركة تركيب شبكات ري أوتوماتيكية في نزوى,https://rukn-eltatawer.com/om/automatic-irrigation-nizwa/,automatic-irrigation-nizwa,automatic-irrigation,nizwa,2262,1279,0.435,0,20,13,1,,,,template_boilerplate|unexpanded_shortcodes|tel_in_content,Template/Boilerplate | Missing SEO Elements | Errors/Placeholders,Template/Boilerplate,"هيكل H2 مكرر على 1 مقالة، ونسبة الجمل المكررة 44%. شورت كود كيان غير مُفسَّر (أقسام ناقصة في HTML): [post_call], [post_features], [post_prices], [post_services], [post_steps]. ما زال هناك رابط اتصال هاتفي tel: داخل المحتوى."
552,post,شركة صيانة أبواب أوتوماتيكية في نزوى,https://rukn-eltatawer.com/om/automatic-doors-maintenance-nizwa/,automatic-doors-maintenance-nizwa,automatic-doors-maintenance,nizwa,2048,1250,0.39,0,20,12,1,,,,template_boilerplate|unexpanded_shortcodes|tel_in_content,Template/Boilerplate | Missing SEO Elements | Errors/Placeholders,Template/Boilerplate,"هيكل H2 مكرر على 1 مقالة، ونسبة الجمل المكررة 39%. شورت كود كيان غير مُفسَّر (أقسام ناقصة في HTML): [post_call], [post_features], [post_prices], [post_services], [post_steps]. ما زال هناك رابط اتصال هاتفي tel: داخل المحتوى."
1216,post,شركة تركيب شلالات اصطناعية في نزوى,https://rukn-eltatawer.com/om/artificial-waterfall-nizwa/,artificial-waterfall-nizwa,artificial-waterfall,nizwa,2101,1270,0.396,0,20,13,1,,,,template_boilerplate|unexpanded_shortcodes|tel_in_content,Template/Boilerplate | Missing SEO Elements | Errors/Placeholders,Template/Boilerplate,"هيكل H2 مكرر على 1 مقالة، ونسبة الجمل المكررة 40%. شورت كود كيان غير مُفسَّر (أقسام ناقصة في HTML): [post_call], [post_features], [post_prices], [post_services], [post_steps]. ما زال هناك رابط اتصال هاتفي tel: داخل المحتوى."
1016,post,شركة تركيب عشب صناعي في نزوى,https://rukn-eltatawer.com/om/artificial-grass-nizwa/,artificial-grass-nizwa,artificial-grass,nizwa,2195,1278,0.418,0,20,13,1,,,,template_boilerplate|unexpanded_shortcodes|tel_in_content,Template/Boilerplate | Missing SEO Elements | Errors/Placeholders,Template/Boilerplate,"هيكل H2 مكرر على 1 مقالة، ونسبة الجمل المكررة 42%. شورت كود كيان غير مُفسَّر (أقسام ناقصة في HTML): [post_call], [post_features], [post_prices], [post_services], [post_steps]. ما زال هناك رابط اتصال هاتفي tel: داخل المحتوى."
487,post,شركة صيانة مباني في صحار,https://rukn-eltatawer.com/om/building-maintenance-sohar/,building-maintenance-sohar,building-maintenance,sohar,2092,1277,0.39,0,20,13,1,,,,template_boilerplate|unexpanded_shortcodes|tel_in_content,Template/Boilerplate | Missing SEO Elements | Errors/Placeholders,Template/Boilerplate,"هيكل H2 مكرر على 1 مقالة، ونسبة الجمل المكررة 39%. شورت كود كيان غير مُفسَّر (أقسام ناقصة في HTML): [post_call], [post_features], [post_prices], [post_services], [post_steps]. ما زال هناك رابط اتصال هاتفي tel: داخل المحتوى."
576,post,شركة صيانة الأجهزة الكهربائية في نزوى,https://rukn-eltatawer.com/om/appliance-maintenance-nizwa/,appliance-maintenance-nizwa,appliance-maintenance,nizwa,2181,1355,0.379,0,20,13,1,,,,template_boilerplate|unexpanded_shortcodes|tel_in_content,Template/Boilerplate | Missing SEO Elements | Errors/Placeholders,Template/Boilerplate,"هيكل H2 مكرر على 1 مقالة، ونسبة الجمل المكررة 38%. شورت كود كيان غير مُفسَّر (أقسام ناقصة في HTML): [post_call], [post_features], [post_prices], [post_services], [post_steps]. ما زال هناك رابط اتصال هاتفي tel: داخل المحتوى."
1032,post,شركة بناء ملاحق في نزوى,https://rukn-eltatawer.com/om/annex-building-nizwa/,annex-building-nizwa,annex-building,nizwa,2040,1197,0.413,0,20,13,1,,,,template_boilerplate|unexpanded_shortcodes|tel_in_content,Template/Boilerplate | Missing SEO Elements | Errors/Placeholders,Template/Boilerplate,"هيكل H2 مكرر على 1 مقالة، ونسبة الجمل المكررة 41%. شورت كود كيان غير مُفسَّر (أقسام ناقصة في HTML): [post_call], [post_features], [post_prices], [post_services], [post_steps]. ما زال هناك رابط اتصال هاتفي tel: داخل المحتوى."
680,post,شركة تركيب وصيانة أنظمة تنقية الهواء في نزوى,https://rukn-eltatawer.com/om/air-purification-nizwa/,air-purification-nizwa,air-purification,nizwa,2328,1429,0.386,0,20,13,1,,,,template_boilerplate|unexpanded_shortcodes|tel_in_content,Template/Boilerplate | Missing SEO Elements | Errors/Placeholders,Template/Boilerplate,"هيكل H2 مكرر على 1 مقالة، ونسبة الجمل المكررة 39%. شورت كود كيان غير مُفسَّر (أقسام ناقصة في HTML): [post_call], [post_features], [post_prices], [post_services], [post_steps]. ما زال هناك رابط اتصال هاتفي tel: داخل المحتوى."
1616,post,شركة شحن دولي جوي في نزوى,https://rukn-eltatawer.com/om/air-freight-nizwa/,air-freight-nizwa,air-freight,nizwa,2149,1219,0.433,0,20,13,1,,,,template_boilerplate|unexpanded_shortcodes|tel_in_content,Template/Boilerplate | Missing SEO Elements | Errors/Placeholders,Template/Boilerplate,"هيكل H2 مكرر على 1 مقالة، ونسبة الجمل المكررة 43%. شورت كود كيان غير مُفسَّر (أقسام ناقصة في HTML): [post_call], [post_features], [post_prices], [post_services], [post_steps]. ما زال هناك رابط اتصال هاتفي tel: داخل المحتوى."
1199,post,شركة تركيب عرائش خشبية في صحار,https://rukn-eltatawer.com/om/wooden-arbor-installation-sohar/,wooden-arbor-installation-sohar,wooden-arbor-installation,sohar,2172,1201,0.447,0,20,13,1,,,,template_boilerplate|unexpanded_shortcodes|tel_in_content|structural_error,Template/Boilerplate | Missing SEO Elements | Errors/Placeholders,Template/Boilerplate,"هيكل H2 مكرر على 1 مقالة، ونسبة الجمل المكررة 45%. شورت كود كيان غير مُفسَّر (أقسام ناقصة في HTML): [post_call], [post_features], [post_prices], [post_services], [post_steps]. ما زال هناك رابط اتصال هاتفي tel: داخل المحتوى. فقرتان متتاليتان متطابقتان."
486,post,شركة صيانة مباني في صلالة,https://rukn-eltatawer.com/om/building-maintenance-salalah/,building-maintenance-salalah,building-maintenance,salalah,2159,1273,0.41,0,20,13,1,,,,template_boilerplate|unexpanded_shortcodes|tel_in_content,Template/Boilerplate | Missing SEO Elements | Errors/Placeholders,Template/Boilerplate,"هيكل H2 مكرر على 1 مقالة، ونسبة الجمل المكررة 41%. شورت كود كيان غير مُفسَّر (أقسام ناقصة في HTML): [post_call], [post_features], [post_prices], [post_services], [post_steps]. ما زال هناك رابط اتصال هاتفي tel: داخل المحتوى."
1719,post,شركة دهان أبواب وشبابيك خشبية في صحار,https://rukn-eltatawer.com/om/wood-doors-windows-painting-sohar/,wood-doors-windows-painting-sohar,wood-doors-windows-painting,sohar,2214,1225,0.447,0,20,13,1,,,,template_boilerplate|unexpanded_shortcodes|tel_in_content,Template/Boilerplate | Missing SEO Elements | Errors/Placeholders,Template/Boilerplate,"هيكل H2 مكرر على 1 مقالة، ونسبة الجمل المكررة 45%. شورت كود كيان غير مُفسَّر (أقسام ناقصة في HTML): [post_call], [post_features], [post_prices], [post_services], [post_steps]. ما زال هناك رابط اتصال هاتفي tel: داخل المحتوى."
999,post,شركة تركيب شبابيك في صحار,https://rukn-eltatawer.com/om/windows-installation-sohar/,windows-installation-sohar,windows-installation,sohar,2082,1239,0.405,0,20,13,1,,,,template_boilerplate|unexpanded_shortcodes|tel_in_content,Template/Boilerplate | Missing SEO Elements | Errors/Placeholders,Template/Boilerplate,"هيكل H2 مكرر على 1 مقالة، ونسبة الجمل المكررة 40%. شورت كود كيان غير مُفسَّر (أقسام ناقصة في HTML): [post_call], [post_features], [post_prices], [post_services], [post_steps]. ما زال هناك رابط اتصال هاتفي tel: داخل المحتوى."
623,post,شركة صيانة مبردات مياه في صحار,https://rukn-eltatawer.com/om/water-cooler-maintenance-sohar/,water-cooler-maintenance-sohar,water-cooler-maintenance,sohar,2121,1305,0.385,0,20,13,1,,,,template_boilerplate|unexpanded_shortcodes|tel_in_content,Template/Boilerplate | Missing SEO Elements | Errors/Placeholders,Template/Boilerplate,"هيكل H2 مكرر على 1 مقالة، ونسبة الجمل المكررة 38%. شورت كود كيان غير مُفسَّر (أقسام ناقصة في HTML): [post_call], [post_features], [post_prices], [post_services], [post_steps]. ما زال هناك رابط اتصال هاتفي tel: داخل المحتوى."
591,post,شركة صيانة غسالات في صحار,https://rukn-eltatawer.com/om/washer-maintenance-sohar/,washer-maintenance-sohar,washer-maintenance,sohar,2103,1230,0.415,0,20,13,1,https://rukn-eltatawer.com/om/dryer-maintenance-sur/,cross-service-duplicate,6,template_boilerplate|duplicate_similar|unexpanded_shortcodes|tel_in_content,Template/Boilerplate | Duplicate/Similar | Missing SEO Elements | Errors/Placeholders,Template/Boilerplate,"هيكل H2 مكرر على 1 مقالة، ونسبة الجمل المكررة 42%. تشابه مرتفع (hamming=6, cross-service-duplicate) مع https://rukn-eltatawer.com/om/dryer-maintenance-sur/. شورت كود كيان غير مُفسَّر (أقسام ناقصة في HTML): [post_call], [post_features], [post_prices], [post_services], [post_steps]. ما زال هناك رابط اتصال هاتفي tel: داخل المحتوى."
943,post,شركة تركيب ورق جدران في صحار,https://rukn-eltatawer.com/om/wallpaper-sohar/,wallpaper-sohar,wallpaper,sohar,2189,1157,0.471,0,20,13,1,,,,template_boilerplate|unexpanded_shortcodes|tel_in_content,Template/Boilerplate | Missing SEO Elements | Errors/Placeholders,Template/Boilerplate,"هيكل H2 مكرر على 1 مقالة، ونسبة الجمل المكررة 47%. شورت كود كيان غير مُفسَّر (أقسام ناقصة في HTML): [post_call], [post_features], [post_prices], [post_services], [post_steps]. ما زال هناك رابط اتصال هاتفي tel: داخل المحتوى."
485,post,شركة صيانة مباني في مسقط,https://rukn-eltatawer.com/om/building-maintenance-muscat/,building-maintenance-muscat,building-maintenance,muscat,2192,1318,0.399,0,20,13,1,,,,template_boilerplate|unexpanded_shortcodes|tel_in_content,Template/Boilerplate | Missing SEO Elements | Errors/Placeholders,Template/Boilerplate,"هيكل H2 مكرر على 1 مقالة، ونسبة الجمل المكررة 40%. شورت كود كيان غير مُفسَّر (أقسام ناقصة في HTML): [post_call], [post_features], [post_prices], [post_services], [post_steps]. ما زال هناك رابط اتصال هاتفي tel: داخل المحتوى."
1647,post,شركة تركيب ورق حائط في صحار,https://rukn-eltatawer.com/om/wallpaper-installation-sohar/,wallpaper-installation-sohar,wallpaper-installation,sohar,2188,1177,0.462,0,20,13,1,,,,template_boilerplate|unexpanded_shortcodes|tel_in_content,Template/Boilerplate | Missing SEO Elements | Errors/Placeholders,Template/Boilerplate,"هيكل H2 مكرر على 1 مقالة، ونسبة الجمل المكررة 46%. شورت كود كيان غير مُفسَّر (أقسام ناقصة في HTML): [post_call], [post_features], [post_prices], [post_services], [post_steps]. ما زال هناك رابط اتصال هاتفي tel: داخل المحتوى."
1175,post,شركة تركيب عشب جداري في صحار,https://rukn-eltatawer.com/om/wall-grass-sohar/,wall-grass-sohar,wall-grass,sohar,2210,1256,0.432,0,20,13,1,https://rukn-eltatawer.com/om/wooden-arbor-installation-salalah/,cross-service-duplicate,7,template_boilerplate|duplicate_similar|unexpanded_shortcodes|tel_in_content,Template/Boilerplate | Duplicate/Similar | Missing SEO Elements | Errors/Placeholders,Template/Boilerplate,"هيكل H2 مكرر على 1 مقالة، ونسبة الجمل المكررة 43%. تشابه مرتفع (hamming=7, cross-service-duplicate) مع https://rukn-eltatawer.com/om/wooden-arbor-installation-salalah/. شورت كود كيان غير مُفسَّر (أقسام ناقصة في HTML): [post_call], [post_features], [post_prices], [post_services], [post_steps]. ما زال هناك رابط اتصال هاتفي tel: داخل المحتوى."
1223,post,شركة تركيب نوافير جدارية في صحار,https://rukn-eltatawer.com/om/wall-fountain-sohar/,wall-fountain-sohar,wall-fountain,sohar,2194,1191,0.457,0,20,13,1,,,,template_boilerplate|unexpanded_shortcodes|tel_in_content,Template/Boilerplate | Missing SEO Elements | Errors/Placeholders,Template/Boilerplate,"هيكل H2 مكرر على 1 مقالة، ونسبة الجمل المكررة 46%. شورت كود كيان غير مُفسَّر (أقسام ناقصة في HTML): [post_call], [post_features], [post_prices], [post_services], [post_steps]. ما زال هناك رابط اتصال هاتفي tel: داخل المحتوى."
919,post,شركة تركيب فوم للجدران في صحار,https://rukn-eltatawer.com/om/wall-foam-sohar/,wall-foam-sohar,wall-foam,sohar,2199,1275,0.42,0,20,13,1,,,,template_boilerplate|unexpanded_shortcodes|tel_in_content|structural_error,Template/Boilerplate | Missing SEO Elements | Errors/Placeholders,Template/Boilerplate,"هيكل H2 مكرر على 1 مقالة، ونسبة الجمل المكررة 42%. شورت كود كيان غير مُفسَّر (أقسام ناقصة في HTML): [post_call], [post_features], [post_prices], [post_services], [post_steps]. ما زال هناك رابط اتصال هاتفي tel: داخل المحتوى. فقرتان متتاليتان متطابقتان."
895,post,شركة تركيب أرضيات فينيل في صحار,https://rukn-eltatawer.com/om/vinyl-flooring-sohar/,vinyl-flooring-sohar,vinyl-flooring,sohar,2071,1186,0.427,0,20,13,1,,,,template_boilerplate|unexpanded_shortcodes|tel_in_content,Template/Boilerplate | Missing SEO Elements | Errors/Placeholders,Template/Boilerplate,"هيكل H2 مكرر على 1 مقالة، ونسبة الجمل المكررة 43%. شورت كود كيان غير مُفسَّر (أقسام ناقصة في HTML): [post_call], [post_features], [post_prices], [post_services], [post_steps]. ما زال هناك رابط اتصال هاتفي tel: داخل المحتوى."
484,post,شركة صيانة عامة في البريمي,https://rukn-eltatawer.com/om/general-maintenance-al-buraimi/,general-maintenance-al-buraimi,general-maintenance,al-buraimi,2075,1330,0.359,0,20,13,1,,,,template_boilerplate|unexpanded_shortcodes|tel_in_content,Template/Boilerplate | Missing SEO Elements | Errors/Placeholders,Template/Boilerplate,"هيكل H2 مكرر على 1 مقالة، ونسبة الجمل المكررة 36%. شورت كود كيان غير مُفسَّر (أقسام ناقصة في HTML): [post_call], [post_features], [post_prices], [post_services], [post_steps]. ما زال هناك رابط اتصال هاتفي tel: داخل المحتوى."
631,post,شركة صيانة مكانس كهربائية في صحار,https://rukn-eltatawer.com/om/vacuum-maintenance-sohar/,vacuum-maintenance-sohar,vacuum-maintenance,sohar,2101,1290,0.386,0,20,13,1,,,,template_boilerplate|unexpanded_shortcodes|tel_in_content,Template/Boilerplate | Missing SEO Elements | Errors/Placeholders,Template/Boilerplate,"هيكل H2 مكرر على 1 مقالة، ونسبة الجمل المكررة 39%. شورت كود كيان غير مُفسَّر (أقسام ناقصة في HTML): [post_call], [post_features], [post_prices], [post_services], [post_steps]. ما زال هناك رابط اتصال هاتفي tel: داخل المحتوى."
671,post,شركة تركيب وصيانة أجهزة تبريد مياه الخزانات في صحار,https://rukn-eltatawer.com/om/tank-water-chiller-sohar/,tank-water-chiller-sohar,tank-water-chiller,sohar,2391,1483,0.38,0,20,13,1,https://rukn-eltatawer.com/om/tank-water-chiller-rustaq/,city-variant-template,5,template_boilerplate|duplicate_similar|unexpanded_shortcodes|tel_in_content,Template/Boilerplate | Duplicate/Similar | Missing SEO Elements | Errors/Placeholders,Template/Boilerplate,"هيكل H2 مكرر على 1 مقالة، ونسبة الجمل المكررة 38%. تشابه مرتفع (hamming=5, city-variant-template) مع https://rukn-eltatawer.com/om/tank-water-chiller-rustaq/. شورت كود كيان غير مُفسَّر (أقسام ناقصة في HTML): [post_call], [post_features], [post_prices], [post_services], [post_steps]. ما زال هناك رابط اتصال هاتفي tel: داخل المحتوى."
959,post,شركة تركيب أسقف مستعارة في صحار,https://rukn-eltatawer.com/om/suspended-ceiling-sohar/,suspended-ceiling-sohar,suspended-ceiling,sohar,2214,1274,0.425,0,20,13,1,,,,template_boilerplate|unexpanded_shortcodes|tel_in_content,Template/Boilerplate | Missing SEO Elements | Errors/Placeholders,Template/Boilerplate,"هيكل H2 مكرر على 1 مقالة، ونسبة الجمل المكررة 42%. شورت كود كيان غير مُفسَّر (أقسام ناقصة في HTML): [post_call], [post_features], [post_prices], [post_services], [post_steps]. ما زال هناك رابط اتصال هاتفي tel: داخل المحتوى."
567,post,شركة صيانة بوتاجازات في صحار,https://rukn-eltatawer.com/om/stove-maintenance-sohar/,stove-maintenance-sohar,stove-maintenance,sohar,2068,1278,0.382,0,20,13,1,https://rukn-eltatawer.com/om/electric-panel-maintenance-ibri/,cross-service-duplicate,8,template_boilerplate|duplicate_similar|unexpanded_shortcodes|tel_in_content,Template/Boilerplate | Duplicate/Similar | Missing SEO Elements | Errors/Placeholders,Template/Boilerplate,"هيكل H2 مكرر على 1 مقالة، ونسبة الجمل المكررة 38%. تشابه مرتفع (hamming=8, cross-service-duplicate) مع https://rukn-eltatawer.com/om/electric-panel-maintenance-ibri/. شورت كود كيان غير مُفسَّر (أقسام ناقصة في HTML): [post_call], [post_features], [post_prices], [post_services], [post_steps]. ما زال هناك رابط اتصال هاتفي tel: داخل المحتوى."
903,post,شركة تركيب حجر طبيعي وصناعي في صحار,https://rukn-eltatawer.com/om/stone-sohar/,stone-sohar,stone,sohar,2092,1322,0.368,0,20,13,1,,,,template_boilerplate|unexpanded_shortcodes|tel_in_content,Template/Boilerplate | Missing SEO Elements | Errors/Placeholders,Template/Boilerplate,"هيكل H2 مكرر على 1 مقالة، ونسبة الجمل المكررة 37%. شورت كود كيان غير مُفسَّر (أقسام ناقصة في HTML): [post_call], [post_features], [post_prices], [post_services], [post_steps]. ما زال هناك رابط اتصال هاتفي tel: داخل المحتوى."
1207,post,شركة إنشاء ممرات حجرية في صحار,https://rukn-eltatawer.com/om/stone-pathway-sohar/,stone-pathway-sohar,stone-pathway,sohar,2176,1267,0.418,0,20,13,1,,,,template_boilerplate|unexpanded_shortcodes|tel_in_content,Template/Boilerplate | Missing SEO Elements | Errors/Placeholders,Template/Boilerplate,"هيكل H2 مكرر على 1 مقالة، ونسبة الجمل المكررة 42%. شورت كود كيان غير مُفسَّر (أقسام ناقصة في HTML): [post_call], [post_features], [post_prices], [post_services], [post_steps]. ما زال هناك رابط اتصال هاتفي tel: داخل المحتوى."
482,post,شركة صيانة عامة في عبري,https://rukn-eltatawer.com/om/general-maintenance-ibri/,general-maintenance-ibri,general-maintenance,ibri,2077,1327,0.361,0,20,13,1,,,,template_boilerplate|unexpanded_shortcodes|tel_in_content,Template/Boilerplate | Missing SEO Elements | Errors/Placeholders,Template/Boilerplate,"هيكل H2 مكرر على 1 مقالة، ونسبة الجمل المكررة 36%. شورت كود كيان غير مُفسَّر (أقسام ناقصة في HTML): [post_call], [post_features], [post_prices], [post_services], [post_steps]. ما زال هناك رابط اتصال هاتفي tel: داخل المحتوى."
1439,post,شركة التعقيم بالبخار في صحار,https://rukn-eltatawer.com/om/steam-disinfection-sohar/,steam-disinfection-sohar,steam-disinfection,sohar,2162,1200,0.445,0,20,13,1,,,,template_boilerplate|unexpanded_shortcodes|tel_in_content,Template/Boilerplate | Missing SEO Elements | Errors/Placeholders,Template/Boilerplate,"هيكل H2 مكرر على 1 مقالة، ونسبة الجمل المكررة 44%. شورت كود كيان غير مُفسَّر (أقسام ناقصة في HTML): [post_call], [post_features], [post_prices], [post_services], [post_steps]. ما زال هناك رابط اتصال هاتفي tel: داخل المحتوى."
203,post,شركة تنظيف كنب في صحار,https://rukn-eltatawer.com/om/sofa-cleaning-sohar/,sofa-cleaning-sohar,sofa-cleaning,sohar,2189,1180,0.461,0,20,13,1,,,,template_boilerplate|unexpanded_shortcodes|tel_in_content,Template/Boilerplate | Missing SEO Elements | Errors/Placeholders,Template/Boilerplate,"هيكل H2 مكرر على 1 مقالة، ونسبة الجمل المكررة 46%. شورت كود كيان غير مُفسَّر (أقسام ناقصة في HTML): [post_call], [post_features], [post_prices], [post_services], [post_steps]. ما زال هناك رابط اتصال هاتفي tel: داخل المحتوى."
1367,post,شركة مكافحة الأفاعي في صحار,https://rukn-eltatawer.com/om/snake-control-sohar/,snake-control-sohar,snake-control,sohar,2245,1408,0.373,0,20,13,1,,,,template_boilerplate|unexpanded_shortcodes|tel_in_content,Template/Boilerplate | Missing SEO Elements | Errors/Placeholders,Template/Boilerplate,"هيكل H2 مكرر على 1 مقالة، ونسبة الجمل المكررة 37%. شورت كود كيان غير مُفسَّر (أقسام ناقصة في HTML): [post_call], [post_features], [post_prices], [post_services], [post_steps]. ما زال هناك رابط اتصال هاتفي tel: داخل المحتوى."
1551,post,شركة مكاتب الشحن في صحار,https://rukn-eltatawer.com/om/shipping-offices-sohar/,shipping-offices-sohar,shipping-offices,sohar,2111,1390,0.342,0,20,13,1,,,,unexpanded_shortcodes|tel_in_content,Missing SEO Elements | Errors/Placeholders,Missing SEO Elements,"شورت كود كيان غير مُفسَّر (أقسام ناقصة في HTML): [post_call], [post_features], [post_prices], [post_services], [post_steps]. ما زال هناك رابط اتصال هاتفي tel: داخل المحتوى."
1007,post,شركة تركيب مظلات وسواتر في صحار,https://rukn-eltatawer.com/om/shades-sails-sohar/,shades-sails-sohar,shades-sails,sohar,2165,1187,0.452,0,20,13,1,,,,template_boilerplate|unexpanded_shortcodes|tel_in_content,Template/Boilerplate | Missing SEO Elements | Errors/Placeholders,Template/Boilerplate,"هيكل H2 مكرر على 1 مقالة، ونسبة الجمل المكررة 45%. شورت كود كيان غير مُفسَّر (أقسام ناقصة في HTML): [post_call], [post_features], [post_prices], [post_services], [post_steps]. ما زال هناك رابط اتصال هاتفي tel: داخل المحتوى."
483,post,شركة صيانة عامة في الرستاق,https://rukn-eltatawer.com/om/general-maintenance-rustaq/,general-maintenance-rustaq,general-maintenance,rustaq,2107,1259,0.402,0,20,13,1,,,,template_boilerplate|unexpanded_shortcodes|tel_in_content,Template/Boilerplate | Missing SEO Elements | Errors/Placeholders,Template/Boilerplate,"هيكل H2 مكرر على 1 مقالة، ونسبة الجمل المكررة 40%. شورت كود كيان غير مُفسَّر (أقسام ناقصة في HTML): [post_call], [post_features], [post_prices], [post_services], [post_steps]. ما زال هناك رابط اتصال هاتفي tel: داخل المحتوى."
1607,post,شركة شحن دولي بحري في صحار,https://rukn-eltatawer.com/om/sea-freight-sohar/,sea-freight-sohar,sea-freight,sohar,2160,1357,0.372,0,20,13,1,,,,template_boilerplate|unexpanded_shortcodes|tel_in_content,Template/Boilerplate | Missing SEO Elements | Errors/Placeholders,Template/Boilerplate,"هيكل H2 مكرر على 1 مقالة، ونسبة الجمل المكررة 37%. شورت كود كيان غير مُفسَّر (أقسام ناقصة في HTML): [post_call], [post_features], [post_prices], [post_services], [post_steps]. ما زال هناك رابط اتصال هاتفي tel: داخل المحتوى."
1375,post,شركة مكافحة العقارب في صحار,https://rukn-eltatawer.com/om/scorpion-control-sohar/,scorpion-control-sohar,scorpion-control,sohar,2228,1418,0.364,0,20,13,1,,,,template_boilerplate|unexpanded_shortcodes|tel_in_content,Template/Boilerplate | Missing SEO Elements | Errors/Placeholders,Template/Boilerplate,"هيكل H2 مكرر على 1 مقالة، ونسبة الجمل المكررة 36%. شورت كود كيان غير مُفسَّر (أقسام ناقصة في HTML): [post_call], [post_features], [post_prices], [post_services], [post_steps]. ما زال هناك رابط اتصال هاتفي tel: داخل المحتوى."
113,post,شركة تنظيف مدارس وحضانات في صحار,https://rukn-eltatawer.com/om/school-nursery-cleaning-sohar/,school-nursery-cleaning-sohar,school-nursery-cleaning,sohar,2232,1310,0.413,0,20,13,1,,,,template_boilerplate|unexpanded_shortcodes|tel_in_content,Template/Boilerplate | Missing SEO Elements | Errors/Placeholders,Template/Boilerplate,"هيكل H2 مكرر على 1 مقالة، ونسبة الجمل المكررة 41%. شورت كود كيان غير مُفسَّر (أقسام ناقصة في HTML): [post_call], [post_features], [post_prices], [post_services], [post_steps]. ما زال هناك رابط اتصال هاتفي tel: داخل المحتوى."
1519,post,فني تركيب أقمار صناعية في صحار,https://rukn-eltatawer.com/om/satellite-tech-sohar/,satellite-tech-sohar,satellite-tech,sohar,2240,1421,0.366,0,20,13,1,https://rukn-eltatawer.com/om/sat-dish-tech-sohar/,cross-service-duplicate,5,template_boilerplate|duplicate_similar|unexpanded_shortcodes|tel_in_content,Template/Boilerplate | Duplicate/Similar | Missing SEO Elements | Errors/Placeholders,Template/Boilerplate,"هيكل H2 مكرر على 1 مقالة، ونسبة الجمل المكررة 37%. تشابه مرتفع (hamming=5, cross-service-duplicate) مع https://rukn-eltatawer.com/om/sat-dish-tech-sohar/. شورت كود كيان غير مُفسَّر (أقسام ناقصة في HTML): [post_call], [post_features], [post_prices], [post_services], [post_steps]. ما زال هناك رابط اتصال هاتفي tel: داخل المحتوى."
1511,post,فني تركيب دش في صحار,https://rukn-eltatawer.com/om/sat-dish-tech-sohar/,sat-dish-tech-sohar,sat-dish-tech,sohar,2194,1327,0.395,0,20,13,1,https://rukn-eltatawer.com/om/satellite-tech-sohar/,cross-service-duplicate,5,template_boilerplate|duplicate_similar|unexpanded_shortcodes|tel_in_content,Template/Boilerplate | Duplicate/Similar | Missing SEO Elements | Errors/Placeholders,Template/Boilerplate,"هيكل H2 مكرر على 1 مقالة، ونسبة الجمل المكررة 40%. تشابه مرتفع (hamming=5, cross-service-duplicate) مع https://rukn-eltatawer.com/om/satellite-tech-sohar/. شورت كود كيان غير مُفسَّر (أقسام ناقصة في HTML): [post_call], [post_features], [post_prices], [post_services], [post_steps]. ما زال هناك رابط اتصال هاتفي tel: داخل المحتوى."
481,post,شركة صيانة عامة في صور,https://rukn-eltatawer.com/om/general-maintenance-sur/,general-maintenance-sur,general-maintenance,sur,2123,1187,0.441,0,20,13,1,,,,template_boilerplate|unexpanded_shortcodes|tel_in_content,Template/Boilerplate | Missing SEO Elements | Errors/Placeholders,Template/Boilerplate,"هيكل H2 مكرر على 1 مقالة، ونسبة الجمل المكررة 44%. شورت كود كيان غير مُفسَّر (أقسام ناقصة في HTML): [post_call], [post_features], [post_prices], [post_services], [post_steps]. ما زال هناك رابط اتصال هاتفي tel: داخل المحتوى."
1671,post,شركة عزل ودهان أسطح في صحار,https://rukn-eltatawer.com/om/roof-insulation-painting-sohar/,roof-insulation-painting-sohar,roof-insulation-painting,sohar,2254,1408,0.375,0,20,13,1,,,,template_boilerplate|unexpanded_shortcodes|tel_in_content,Template/Boilerplate | Missing SEO Elements | Errors/Placeholders,Template/Boilerplate,"هيكل H2 مكرر على 1 مقالة، ونسبة الجمل المكررة 38%. شورت كود كيان غير مُفسَّر (أقسام ناقصة في HTML): [post_call], [post_features], [post_prices], [post_services], [post_steps]. ما زال هناك رابط اتصال هاتفي tel: داخل المحتوى."
1119,post,شركة تصميم حدائق أسطح في صحار,https://rukn-eltatawer.com/om/roof-garden-design-sohar/,roof-garden-design-sohar,roof-garden-design,sohar,2185,1209,0.447,0,20,13,1,,,,template_boilerplate|unexpanded_shortcodes|tel_in_content,Template/Boilerplate | Missing SEO Elements | Errors/Placeholders,Template/Boilerplate,"هيكل H2 مكرر على 1 مقالة، ونسبة الجمل المكررة 45%. شورت كود كيان غير مُفسَّر (أقسام ناقصة في HTML): [post_call], [post_features], [post_prices], [post_services], [post_steps]. ما زال هناك رابط اتصال هاتفي tel: داخل المحتوى."
1663,post,شركة دهان بويات عالية الجودة في صحار,https://rukn-eltatawer.com/om/premium-paint-finishing-sohar/,premium-paint-finishing-sohar,premium-paint-finishing,sohar,2242,1120,0.5,0,20,13,1,,,,template_boilerplate|unexpanded_shortcodes|tel_in_content|structural_error,Template/Boilerplate | Missing SEO Elements | Errors/Placeholders,Template/Boilerplate,"هيكل H2 مكرر على 1 مقالة، ونسبة الجمل المكررة 50%. شورت كود كيان غير مُفسَّر (أقسام ناقصة في HTML): [post_call], [post_features], [post_prices], [post_services], [post_steps]. ما زال هناك رابط اتصال هاتفي tel: داخل المحتوى. فقرتان متتاليتان متطابقتان."
1727,post,شركة صيانة ودهان بعد التسريبات في صحار,https://rukn-eltatawer.com/om/post-leak-repaint-maintenance-sohar/,post-leak-repaint-maintenance-sohar,post-leak-repaint-maintenance,sohar,2217,1262,0.431,0,20,13,1,,,,template_boilerplate|unexpanded_shortcodes|tel_in_content,Template/Boilerplate | Missing SEO Elements | Errors/Placeholders,Template/Boilerplate,"هيكل H2 مكرر على 1 مقالة، ونسبة الجمل المكررة 43%. شورت كود كيان غير مُفسَّر (أقسام ناقصة في HTML): [post_call], [post_features], [post_prices], [post_services], [post_steps]. ما زال هناك رابط اتصال هاتفي tel: داخل المحتوى."
527,post,شركة صيانة مسابح في صحار,https://rukn-eltatawer.com/om/pool-maintenance-sohar/,pool-maintenance-sohar,pool-maintenance,sohar,2152,1375,0.361,0,20,13,1,https://rukn-eltatawer.com/om/commercial-refrigeration-maintenance-ibri/,cross-service-duplicate,8,template_boilerplate|duplicate_similar|unexpanded_shortcodes|tel_in_content,Template/Boilerplate | Duplicate/Similar | Missing SEO Elements | Errors/Placeholders,Template/Boilerplate,"هيكل H2 مكرر على 1 مقالة، ونسبة الجمل المكررة 36%. تشابه مرتفع (hamming=8, cross-service-duplicate) مع https://rukn-eltatawer.com/om/commercial-refrigeration-maintenance-ibri/. شورت كود كيان غير مُفسَّر (أقسام ناقصة في HTML): [post_call], [post_features], [post_prices], [post_services], [post_steps]. ما زال هناك رابط اتصال هاتفي tel: داخل المحتوى."
480,post,شركة صيانة عامة في نزوى,https://rukn-eltatawer.com/om/general-maintenance-nizwa/,general-maintenance-nizwa,general-maintenance,nizwa,2130,1323,0.379,0,20,13,1,,,,template_boilerplate|unexpanded_shortcodes|tel_in_content,Template/Boilerplate | Missing SEO Elements | Errors/Placeholders,Template/Boilerplate,"هيكل H2 مكرر على 1 مقالة، ونسبة الجمل المكررة 38%. شورت كود كيان غير مُفسَّر (أقسام ناقصة في HTML): [post_call], [post_features], [post_prices], [post_services], [post_steps]. ما زال هناك رابط اتصال هاتفي tel: داخل المحتوى."
140,post,شركة تنظيف مسابح في صحار,https://rukn-eltatawer.com/om/pool-cleaning-sohar/,pool-cleaning-sohar,pool-cleaning,sohar,2212,1275,0.424,0,20,13,1,,,,template_boilerplate|unexpanded_shortcodes|tel_in_content,Template/Boilerplate | Missing SEO Elements | Errors/Placeholders,Template/Boilerplate,"هيكل H2 مكرر على 1 مقالة، ونسبة الجمل المكررة 42%. شورت كود كيان غير مُفسَّر (أقسام ناقصة في HTML): [post_call], [post_features], [post_prices], [post_services], [post_steps]. ما زال هناك رابط اتصال هاتفي tel: داخل المحتوى."
871,post,شركة تركيب بلاستر في صحار,https://rukn-eltatawer.com/om/plastering-sohar/,plastering-sohar,plastering,sohar,2181,1234,0.434,0,20,13,1,,,,template_boilerplate|unexpanded_shortcodes|tel_in_content,Template/Boilerplate | Missing SEO Elements | Errors/Placeholders,Template/Boilerplate,"هيكل H2 مكرر على 1 مقالة، ونسبة الجمل المكررة 43%. شورت كود كيان غير مُفسَّر (أقسام ناقصة في HTML): [post_call], [post_features], [post_prices], [post_services], [post_steps]. ما زال هناك رابط اتصال هاتفي tel: داخل المحتوى."
1423,post,شركة تركيب مسامير طاردة للحمام في صحار,https://rukn-eltatawer.com/om/pigeon-spikes-installation-sohar/,pigeon-spikes-installation-sohar,pigeon-spikes-installation,sohar,2304,1476,0.359,0,20,13,1,,,,template_boilerplate|unexpanded_shortcodes|tel_in_content,Template/Boilerplate | Missing SEO Elements | Errors/Placeholders,Template/Boilerplate,"هيكل H2 مكرر على 1 مقالة، ونسبة الجمل المكررة 36%. شورت كود كيان غير مُفسَّر (أقسام ناقصة في HTML): [post_call], [post_features], [post_prices], [post_services], [post_steps]. ما زال هناك رابط اتصال هاتفي tel: داخل المحتوى."
1415,post,شركة تركيب شبك طارد للحمام في صحار,https://rukn-eltatawer.com/om/pigeon-net-installation-sohar/,pigeon-net-installation-sohar,pigeon-net-installation,sohar,2308,1459,0.368,0,20,13,1,,,,template_boilerplate|unexpanded_shortcodes|tel_in_content,Template/Boilerplate | Missing SEO Elements | Errors/Placeholders,Template/Boilerplate,"هيكل H2 مكرر على 1 مقالة، ونسبة الجمل المكررة 37%. شورت كود كيان غير مُفسَّر (أقسام ناقصة في HTML): [post_call], [post_features], [post_prices], [post_services], [post_steps]. ما زال هناك رابط اتصال هاتفي tel: داخل المحتوى."
1255,post,شركة نقل بيانو في صحار,https://rukn-eltatawer.com/om/piano-moving-sohar/,piano-moving-sohar,piano-moving,sohar,2139,1342,0.373,0,20,13,1,,,,template_boilerplate|unexpanded_shortcodes|tel_in_content,Template/Boilerplate | Missing SEO Elements | Errors/Placeholders,Template/Boilerplate,"هيكل H2 مكرر على 1 مقالة، ونسبة الجمل المكررة 37%. شورت كود كيان غير مُفسَّر (أقسام ناقصة في HTML): [post_call], [post_features], [post_prices], [post_services], [post_steps]. ما زال هناك رابط اتصال هاتفي tel: داخل المحتوى."
479,post,شركة صيانة عامة في صحار,https://rukn-eltatawer.com/om/general-maintenance-sohar/,general-maintenance-sohar,general-maintenance,sohar,2069,1157,0.441,0,20,13,1,,,,template_boilerplate|unexpanded_shortcodes|tel_in_content,Template/Boilerplate | Missing SEO Elements | Errors/Placeholders,Template/Boilerplate,"هيكل H2 مكرر على 1 مقالة، ونسبة الجمل المكررة 44%. شورت كود كيان غير مُفسَّر (أقسام ناقصة في HTML): [post_call], [post_features], [post_prices], [post_services], [post_steps]. ما زال هناك رابط اتصال هاتفي tel: داخل المحتوى."
1191,post,شركة تركيب برجولات في صحار,https://rukn-eltatawer.com/om/pergola-installation-sohar/,pergola-installation-sohar,pergola-installation,sohar,2141,1212,0.434,0,20,13,1,,,,template_boilerplate|unexpanded_shortcodes|tel_in_content,Template/Boilerplate | Missing SEO Elements | Errors/Placeholders,Template/Boilerplate,"هيكل H2 مكرر على 1 مقالة، ونسبة الجمل المكررة 43%. شورت كود كيان غير مُفسَّر (أقسام ناقصة في HTML): [post_call], [post_features], [post_prices], [post_services], [post_steps]. ما زال هناك رابط اتصال هاتفي tel: داخل المحتوى."
887,post,شركة تركيب باركيه وأرضيات خشب في صحار,https://rukn-eltatawer.com/om/parquet-sohar/,parquet-sohar,parquet,sohar,2127,1331,0.374,0,20,13,1,,,,template_boilerplate|unexpanded_shortcodes|tel_in_content,Template/Boilerplate | Missing SEO Elements | Errors/Placeholders,Template/Boilerplate,"هيكل H2 مكرر على 1 مقالة، ونسبة الجمل المكررة 37%. شورت كود كيان غير مُفسَّر (أقسام ناقصة في HTML): [post_call], [post_features], [post_prices], [post_services], [post_steps]. ما زال هناك رابط اتصال هاتفي tel: داخل المحتوى."
1135,post,شركة زرع نخيل وأشجار في صحار,https://rukn-eltatawer.com/om/palm-tree-planting-sohar/,palm-tree-planting-sohar,palm-tree-planting,sohar,2210,1225,0.446,0,20,13,1,,,,template_boilerplate|unexpanded_shortcodes|tel_in_content,Template/Boilerplate | Missing SEO Elements | Errors/Placeholders,Template/Boilerplate,"هيكل H2 مكرر على 1 مقالة، ونسبة الجمل المكررة 45%. شورت كود كيان غير مُفسَّر (أقسام ناقصة في HTML): [post_call], [post_features], [post_prices], [post_services], [post_steps]. ما زال هناك رابط اتصال هاتفي tel: داخل المحتوى."
86,post,شركة تنظيف قصور في صحار,https://rukn-eltatawer.com/om/palace-cleaning-sohar/,palace-cleaning-sohar,palace-cleaning,sohar,2199,1255,0.429,0,20,13,1,,,,template_boilerplate|unexpanded_shortcodes|tel_in_content,Template/Boilerplate | Missing SEO Elements | Errors/Placeholders,Template/Boilerplate,"هيكل H2 مكرر على 1 مقالة، ونسبة الجمل المكررة 43%. شورت كود كيان غير مُفسَّر (أقسام ناقصة في HTML): [post_call], [post_features], [post_prices], [post_services], [post_steps]. ما زال هناك رابط اتصال هاتفي tel: داخل المحتوى."
1495,post,عامل دهانات في صحار,https://rukn-eltatawer.com/om/painter-sohar/,painter-sohar,painter,sohar,2179,1236,0.433,0,20,13,1,,,,template_boilerplate|unexpanded_shortcodes|tel_in_content,Template/Boilerplate | Missing SEO Elements | Errors/Placeholders,Template/Boilerplate,"هيكل H2 مكرر على 1 مقالة، ونسبة الجمل المكررة 43%. شورت كود كيان غير مُفسَّر (أقسام ناقصة في HTML): [post_call], [post_features], [post_prices], [post_services], [post_steps]. ما زال هناك رابط اتصال هاتفي tel: داخل المحتوى."
478,post,شركة صيانة عامة في صلالة,https://rukn-eltatawer.com/om/general-maintenance-salalah/,general-maintenance-salalah,general-maintenance,salalah,2114,1385,0.345,0,20,13,1,,,,unexpanded_shortcodes|tel_in_content,Missing SEO Elements | Errors/Placeholders,Missing SEO Elements,"شورت كود كيان غير مُفسَّر (أقسام ناقصة في HTML): [post_call], [post_features], [post_prices], [post_services], [post_steps]. ما زال هناك رابط اتصال هاتفي tel: داخل المحتوى."
1695,post,شركة إزالة دهان قديم وتحضير أسطح في صحار,https://rukn-eltatawer.com/om/paint-removal-surface-prep-sohar/,paint-removal-surface-prep-sohar,paint-removal-surface-prep,sohar,2241,1220,0.456,0,20,13,1,,,,template_boilerplate|unexpanded_shortcodes|tel_in_content,Template/Boilerplate | Missing SEO Elements | Errors/Placeholders,Template/Boilerplate,"هيكل H2 مكرر على 1 مقالة، ونسبة الجمل المكررة 46%. شورت كود كيان غير مُفسَّر (أقسام ناقصة في HTML): [post_call], [post_features], [post_prices], [post_services], [post_steps]. ما زال هناك رابط اتصال هاتفي tel: داخل المحتوى."
1455,post,شركة التعقيم بالأوزون في صحار,https://rukn-eltatawer.com/om/ozone-disinfection-sohar/,ozone-disinfection-sohar,ozone-disinfection,sohar,2173,1226,0.436,0,20,13,1,,,,template_boilerplate|unexpanded_shortcodes|tel_in_content,Template/Boilerplate | Missing SEO Elements | Errors/Placeholders,Template/Boilerplate,"هيكل H2 مكرر على 1 مقالة، ونسبة الجمل المكررة 44%. شورت كود كيان غير مُفسَّر (أقسام ناقصة في HTML): [post_call], [post_features], [post_prices], [post_services], [post_steps]. ما زال هناك رابط اتصال هاتفي tel: داخل المحتوى."
559,post,شركة صيانة أفران في صحار,https://rukn-eltatawer.com/om/oven-maintenance-sohar/,oven-maintenance-sohar,oven-maintenance,sohar,2086,1117,0.465,0,20,13,1,https://rukn-eltatawer.com/om/oven-maintenance-al-buraimi/,city-variant-template,8,template_boilerplate|duplicate_similar|unexpanded_shortcodes|tel_in_content,Template/Boilerplate | Duplicate/Similar | Missing SEO Elements | Errors/Placeholders,Template/Boilerplate,"هيكل H2 مكرر على 1 مقالة، ونسبة الجمل المكررة 46%. تشابه مرتفع (hamming=8, city-variant-template) مع https://rukn-eltatawer.com/om/oven-maintenance-al-buraimi/. شورت كود كيان غير مُفسَّر (أقسام ناقصة في HTML): [post_call], [post_features], [post_prices], [post_services], [post_steps]. ما زال هناك رابط اتصال هاتفي tel: داخل المحتوى."
1239,post,شركة نقل أثاث خارجي في صحار,https://rukn-eltatawer.com/om/outdoor-moving-sohar/,outdoor-moving-sohar,outdoor-moving,sohar,2206,1267,0.426,0,20,13,1,,,,template_boilerplate|unexpanded_shortcodes|tel_in_content,Template/Boilerplate | Missing SEO Elements | Errors/Placeholders,Template/Boilerplate,"هيكل H2 مكرر على 1 مقالة، ونسبة الجمل المكررة 43%. شورت كود كيان غير مُفسَّر (أقسام ناقصة في HTML): [post_call], [post_features], [post_prices], [post_services], [post_steps]. ما زال هناك رابط اتصال هاتفي tel: داخل المحتوى."
1063,post,شركة بناء مجالس خارجية في صحار,https://rukn-eltatawer.com/om/outdoor-majlis-sohar/,outdoor-majlis-sohar,outdoor-majlis,sohar,2177,1230,0.435,0,20,13,1,,,,template_boilerplate|unexpanded_shortcodes|tel_in_content,Template/Boilerplate | Missing SEO Elements | Errors/Placeholders,Template/Boilerplate,"هيكل H2 مكرر على 1 مقالة، ونسبة الجمل المكررة 44%. شورت كود كيان غير مُفسَّر (أقسام ناقصة في HTML): [post_call], [post_features], [post_prices], [post_services], [post_steps]. ما زال هناك رابط اتصال هاتفي tel: داخل المحتوى."
477,post,شركة صيانة عامة في مسقط,https://rukn-eltatawer.com/om/general-maintenance-muscat/,general-maintenance-muscat,general-maintenance,muscat,2192,1317,0.399,0,20,13,1,,,,template_boilerplate|unexpanded_shortcodes|tel_in_content,Template/Boilerplate | Missing SEO Elements | Errors/Placeholders,Template/Boilerplate,"هيكل H2 مكرر على 1 مقالة، ونسبة الجمل المكررة 40%. شورت كود كيان غير مُفسَّر (أقسام ناقصة في HTML): [post_call], [post_features], [post_prices], [post_services], [post_steps]. ما زال هناك رابط اتصال هاتفي tel: داخل المحتوى."
1055,post,شركة بناء مطابخ خارجية في صحار,https://rukn-eltatawer.com/om/outdoor-kitchens-sohar/,outdoor-kitchens-sohar,outdoor-kitchens,sohar,2194,1202,0.452,0,20,13,1,,,,template_boilerplate|unexpanded_shortcodes|tel_in_content,Template/Boilerplate | Missing SEO Elements | Errors/Placeholders,Template/Boilerplate,"هيكل H2 مكرر على 1 مقالة، ونسبة الجمل المكررة 45%. شورت كود كيان غير مُفسَّر (أقسام ناقصة في HTML): [post_call], [post_features], [post_prices], [post_services], [post_steps]. ما زال هناك رابط اتصال هاتفي tel: داخل المحتوى."
1047,post,شركة بناء حمامات خارجية في صحار,https://rukn-eltatawer.com/om/outdoor-bathrooms-sohar/,outdoor-bathrooms-sohar,outdoor-bathrooms,sohar,2214,1221,0.449,0,20,13,1,,,,template_boilerplate|unexpanded_shortcodes|tel_in_content,Template/Boilerplate | Missing SEO Elements | Errors/Placeholders,Template/Boilerplate,"هيكل H2 مكرر على 1 مقالة، ونسبة الجمل المكررة 45%. شورت كود كيان غير مُفسَّر (أقسام ناقصة في HTML): [post_call], [post_features], [post_prices], [post_services], [post_steps]. ما زال هناك رابط اتصال هاتفي tel: داخل المحتوى."
1687,post,شركة دهان مكاتب وشركات في صحار,https://rukn-eltatawer.com/om/office-painting-sohar/,office-painting-sohar,office-painting,sohar,2197,1236,0.437,0,20,13,1,,,,template_boilerplate|unexpanded_shortcodes|tel_in_content,Template/Boilerplate | Missing SEO Elements | Errors/Placeholders,Template/Boilerplate,"هيكل H2 مكرر على 1 مقالة، ونسبة الجمل المكررة 44%. شورت كود كيان غير مُفسَّر (أقسام ناقصة في HTML): [post_call], [post_features], [post_prices], [post_services], [post_steps]. ما زال هناك رابط اتصال هاتفي tel: داخل المحتوى."
1679,post,شركة تشطيب ودهان فلل جديدة في صحار,https://rukn-eltatawer.com/om/new-villa-finishing-painting-sohar/,new-villa-finishing-painting-sohar,new-villa-finishing-painting,sohar,2212,1295,0.415,0,20,13,1,https://rukn-eltatawer.com/om/new-villa-finishing-painting-ibri/,city-variant-template,8,template_boilerplate|duplicate_similar|unexpanded_shortcodes|tel_in_content,Template/Boilerplate | Duplicate/Similar | Missing SEO Elements | Errors/Placeholders,Template/Boilerplate,"هيكل H2 مكرر على 1 مقالة، ونسبة الجمل المكررة 42%. تشابه مرتفع (hamming=8, city-variant-template) مع https://rukn-eltatawer.com/om/new-villa-finishing-painting-ibri/. شورت كود كيان غير مُفسَّر (أقسام ناقصة في HTML): [post_call], [post_features], [post_prices], [post_services], [post_steps]. ما زال هناك رابط اتصال هاتفي tel: داخل المحتوى."
1823,post,شركة تأسيس كهرباء وسباكة لمبنى جديد في صحار,https://rukn-eltatawer.com/om/new-building-electrical-plumbing-sohar/,new-building-electrical-plumbing-sohar,new-building-electrical-plumbing,sohar,2305,1449,0.371,0,20,13,1,,,,template_boilerplate|unexpanded_shortcodes|tel_in_content,Template/Boilerplate | Missing SEO Elements | Errors/Placeholders,Template/Boilerplate,"هيكل H2 مكرر على 1 مقالة، ونسبة الجمل المكررة 37%. شورت كود كيان غير مُفسَّر (أقسام ناقصة في HTML): [post_call], [post_features], [post_prices], [post_services], [post_steps]. ما زال هناك رابط اتصال هاتفي tel: داخل المحتوى."
1756,post,شركة تمديدات كهربائية جديدة في البريمي,https://rukn-eltatawer.com/om/new-electrical-wiring-al-buraimi/,new-electrical-wiring-al-buraimi,new-electrical-wiring,al-buraimi,2196,1374,0.374,0,20,13,1,,,,template_boilerplate|unexpanded_shortcodes|tel_in_content,Template/Boilerplate | Missing SEO Elements | Errors/Placeholders,Template/Boilerplate,"هيكل H2 مكرر على 1 مقالة، ونسبة الجمل المكررة 37%. شورت كود كيان غير مُفسَّر (أقسام ناقصة في HTML): [post_call], [post_features], [post_prices], [post_services], [post_steps]. ما زال هناك رابط اتصال هاتفي tel: داخل المحتوى."
1127,post,شركة قص عشب طبيعي في صحار,https://rukn-eltatawer.com/om/natural-grass-cutting-sohar/,natural-grass-cutting-sohar,natural-grass-cutting,sohar,2181,1178,0.46,0,20,13,1,,,,template_boilerplate|unexpanded_shortcodes|tel_in_content,Template/Boilerplate | Missing SEO Elements | Errors/Placeholders,Template/Boilerplate,"هيكل H2 مكرر على 1 مقالة، ونسبة الجمل المكررة 46%. شورت كود كيان غير مُفسَّر (أقسام ناقصة في HTML): [post_call], [post_features], [post_prices], [post_services], [post_steps]. ما زال هناك رابط اتصال هاتفي tel: داخل المحتوى."
194,post,شركة تنظيف موكيت في صحار,https://rukn-eltatawer.com/om/moquette-cleaning-sohar/,moquette-cleaning-sohar,moquette-cleaning,sohar,2227,1220,0.452,0,20,13,1,,,,template_boilerplate|unexpanded_shortcodes|tel_in_content,Template/Boilerplate | Missing SEO Elements | Errors/Placeholders,Template/Boilerplate,"هيكل H2 مكرر على 1 مقالة، ونسبة الجمل المكررة 45%. شورت كود كيان غير مُفسَّر (أقسام ناقصة في HTML): [post_call], [post_features], [post_prices], [post_services], [post_steps]. ما زال هناك رابط اتصال هاتفي tel: داخل المحتوى."
1151,post,شركة تركيب شبكات ري حديثة في صحار,https://rukn-eltatawer.com/om/modern-irrigation-sohar/,modern-irrigation-sohar,modern-irrigation,sohar,2221,1301,0.414,0,20,13,1,,,,template_boilerplate|unexpanded_shortcodes|tel_in_content,Template/Boilerplate | Missing SEO Elements | Errors/Placeholders,Template/Boilerplate,"هيكل H2 مكرر على 1 مقالة، ونسبة الجمل المكررة 41%. شورت كود كيان غير مُفسَّر (أقسام ناقصة في HTML): [post_call], [post_features], [post_prices], [post_services], [post_steps]. ما زال هناك رابط اتصال هاتفي tel: داخل المحتوى."
607,post,شركة صيانة ميكروويف في صحار,https://rukn-eltatawer.com/om/microwave-maintenance-sohar/,microwave-maintenance-sohar,microwave-maintenance,sohar,2070,1288,0.378,0,20,13,1,https://rukn-eltatawer.com/om/fridge-maintenance-al-buraimi/,cross-service-duplicate,5,template_boilerplate|duplicate_similar|unexpanded_shortcodes|tel_in_content,Template/Boilerplate | Duplicate/Similar | Missing SEO Elements | Errors/Placeholders,Template/Boilerplate,"هيكل H2 مكرر على 1 مقالة، ونسبة الجمل المكررة 38%. تشابه مرتفع (hamming=5, cross-service-duplicate) مع https://rukn-eltatawer.com/om/fridge-maintenance-al-buraimi/. شورت كود كيان غير مُفسَّر (أقسام ناقصة في HTML): [post_call], [post_features], [post_prices], [post_services], [post_steps]. ما زال هناك رابط اتصال هاتفي tel: داخل المحتوى."
221,post,شركة تنظيف مراتب في صحار,https://rukn-eltatawer.com/om/mattress-cleaning-sohar/,mattress-cleaning-sohar,mattress-cleaning,sohar,2230,1179,0.471,0,20,13,1,,,,template_boilerplate|unexpanded_shortcodes|tel_in_content,Template/Boilerplate | Missing SEO Elements | Errors/Placeholders,Template/Boilerplate,"هيكل H2 مكرر على 1 مقالة، ونسبة الجمل المكررة 47%. شورت كود كيان غير مُفسَّر (أقسام ناقصة في HTML): [post_call], [post_features], [post_prices], [post_services], [post_steps]. ما زال هناك رابط اتصال هاتفي tel: داخل المحتوى."
1754,post,شركة تمديدات كهربائية جديدة في عبري,https://rukn-eltatawer.com/om/new-electrical-wiring-ibri/,new-electrical-wiring-ibri,new-electrical-wiring,ibri,2187,1384,0.367,0,20,13,1,,,,template_boilerplate|unexpanded_shortcodes|tel_in_content,Template/Boilerplate | Missing SEO Elements | Errors/Placeholders,Template/Boilerplate,"هيكل H2 مكرر على 1 مقالة، ونسبة الجمل المكررة 37%. شورت كود كيان غير مُفسَّر (أقسام ناقصة في HTML): [post_call], [post_features], [post_prices], [post_services], [post_steps]. ما زال هناك رابط اتصال هاتفي tel: داخل المحتوى."
230,post,شركة تنظيف أرضيات رخام وجلي رخام في صحار,https://rukn-eltatawer.com/om/marble-polishing-sohar/,marble-polishing-sohar,marble-polishing,sohar,2272,1157,0.491,0,20,13,1,,,,template_boilerplate|unexpanded_shortcodes|tel_in_content,Template/Boilerplate | Missing SEO Elements | Errors/Placeholders,Template/Boilerplate,"هيكل H2 مكرر على 1 مقالة، ونسبة الجمل المكررة 49%. شورت كود كيان غير مُفسَّر (أقسام ناقصة في HTML): [post_call], [post_features], [post_prices], [post_services], [post_steps]. ما زال هناك رابط اتصال هاتفي tel: داخل المحتوى."
911,post,شركة تركيب رخام وجرانيت في صحار,https://rukn-eltatawer.com/om/marble-granite-sohar/,marble-granite-sohar,marble-granite,sohar,2101,1294,0.384,0,20,13,1,,,,template_boilerplate|unexpanded_shortcodes|tel_in_content,Template/Boilerplate | Missing SEO Elements | Errors/Placeholders,Template/Boilerplate,"هيكل H2 مكرر على 1 مقالة، ونسبة الجمل المكررة 38%. شورت كود كيان غير مُفسَّر (أقسام ناقصة في HTML): [post_call], [post_features], [post_prices], [post_services], [post_steps]. ما زال هناك رابط اتصال هاتفي tel: داخل المحتوى."
131,post,شركة تنظيف محلات تجارية ومولات في صحار,https://rukn-eltatawer.com/om/mall-cleaning-sohar/,mall-cleaning-sohar,mall-cleaning,sohar,2224,1314,0.409,0,20,13,1,,,,template_boilerplate|unexpanded_shortcodes|tel_in_content,Template/Boilerplate | Missing SEO Elements | Errors/Placeholders,Template/Boilerplate,"هيكل H2 مكرر على 1 مقالة، ونسبة الجمل المكررة 41%. شورت كود كيان غير مُفسَّر (أقسام ناقصة في HTML): [post_call], [post_features], [post_prices], [post_services], [post_steps]. ما زال هناك رابط اتصال هاتفي tel: داخل المحتوى."
104,post,شركة تنظيف مجالس في صحار,https://rukn-eltatawer.com/om/majlis-cleaning-sohar/,majlis-cleaning-sohar,majlis-cleaning,sohar,2177,1194,0.452,0,20,13,1,,,,template_boilerplate|unexpanded_shortcodes|tel_in_content,Template/Boilerplate | Missing SEO Elements | Errors/Placeholders,Template/Boilerplate,"هيكل H2 مكرر على 1 مقالة، ونسبة الجمل المكررة 45%. شورت كود كيان غير مُفسَّر (أقسام ناقصة في HTML): [post_call], [post_features], [post_prices], [post_services], [post_steps]. ما زال هناك رابط اتصال هاتفي tel: داخل المحتوى."
1039,post,شركة بناء استراحات في صحار,https://rukn-eltatawer.com/om/majlis-building-sohar/,majlis-building-sohar,majlis-building,sohar,2136,1159,0.457,0,20,13,1,,,,template_boilerplate|unexpanded_shortcodes|tel_in_content,Template/Boilerplate | Missing SEO Elements | Errors/Placeholders,Template/Boilerplate,"هيكل H2 مكرر على 1 مقالة، ونسبة الجمل المكررة 46%. شورت كود كيان غير مُفسَّر (أقسام ناقصة في HTML): [post_call], [post_features], [post_prices], [post_services], [post_steps]. ما زال هناك رابط اتصال هاتفي tel: داخل المحتوى."
1755,post,شركة تمديدات كهربائية جديدة في الرستاق,https://rukn-eltatawer.com/om/new-electrical-wiring-rustaq/,new-electrical-wiring-rustaq,new-electrical-wiring,rustaq,2190,1415,0.354,0,20,13,1,,,,template_boilerplate|unexpanded_shortcodes|tel_in_content,Template/Boilerplate | Missing SEO Elements | Errors/Placeholders,Template/Boilerplate,"هيكل H2 مكرر على 1 مقالة، ونسبة الجمل المكررة 35%. شورت كود كيان غير مُفسَّر (أقسام ناقصة في HTML): [post_call], [post_features], [post_prices], [post_services], [post_steps]. ما زال هناك رابط اتصال هاتفي tel: داخل المحتوى."
1391,post,شركة مكافحة الوزغ (البرص) في صحار,https://rukn-eltatawer.com/om/lizard-control-sohar/,lizard-control-sohar,lizard-control,sohar,2273,1407,0.381,0,20,13,1,,,,template_boilerplate|unexpanded_shortcodes|tel_in_content,Template/Boilerplate | Missing SEO Elements | Errors/Placeholders,Template/Boilerplate,"هيكل H2 مكرر على 1 مقالة، ونسبة الجمل المكررة 38%. شورت كود كيان غير مُفسَّر (أقسام ناقصة في HTML): [post_call], [post_features], [post_prices], [post_services], [post_steps]. ما زال هناك رابط اتصال هاتفي tel: داخل المحتوى."
1103,post,شركة تنسيق حدائق في صحار,https://rukn-eltatawer.com/om/landscaping-sohar/,landscaping-sohar,landscaping,sohar,2124,1223,0.424,0,20,13,1,,,,template_boilerplate|unexpanded_shortcodes|tel_in_content,Template/Boilerplate | Missing SEO Elements | Errors/Placeholders,Template/Boilerplate,"هيكل H2 مكرر على 1 مقالة، ونسبة الجمل المكررة 42%. شورت كود كيان غير مُفسَّر (أقسام ناقصة في HTML): [post_call], [post_features], [post_prices], [post_services], [post_steps]. ما زال هناك رابط اتصال هاتفي tel: داخل المحتوى."
1599,post,شركة شحن دولي بري في صحار,https://rukn-eltatawer.com/om/land-freight-sohar/,land-freight-sohar,land-freight,sohar,2173,1398,0.357,0,20,13,1,,,,template_boilerplate|unexpanded_shortcodes|tel_in_content,Template/Boilerplate | Missing SEO Elements | Errors/Placeholders,Template/Boilerplate,"هيكل H2 مكرر على 1 مقالة، ونسبة الجمل المكررة 36%. شورت كود كيان غير مُفسَّر (أقسام ناقصة في HTML): [post_call], [post_features], [post_prices], [post_services], [post_steps]. ما زال هناك رابط اتصال هاتفي tel: داخل المحتوى."
983,post,شركة تركيب مطابخ في صحار,https://rukn-eltatawer.com/om/kitchen-installation-sohar/,kitchen-installation-sohar,kitchen-installation,sohar,2088,1221,0.415,0,20,13,1,,,,template_boilerplate|unexpanded_shortcodes|tel_in_content,Template/Boilerplate | Missing SEO Elements | Errors/Placeholders,Template/Boilerplate,"هيكل H2 مكرر على 1 مقالة، ونسبة الجمل المكررة 42%. شورت كود كيان غير مُفسَّر (أقسام ناقصة في HTML): [post_call], [post_features], [post_prices], [post_services], [post_steps]. ما زال هناك رابط اتصال هاتفي tel: داخل المحتوى."
639,post,شركة تركيب وصيانة شفاطات مطابخ في صحار,https://rukn-eltatawer.com/om/kitchen-hoods-sohar/,kitchen-hoods-sohar,kitchen-hoods,sohar,2131,1349,0.367,0,20,13,1,,,,template_boilerplate|unexpanded_shortcodes|tel_in_content,Template/Boilerplate | Missing SEO Elements | Errors/Placeholders,Template/Boilerplate,"هيكل H2 مكرر على 1 مقالة، ونسبة الجمل المكررة 37%. شورت كود كيان غير مُفسَّر (أقسام ناقصة في HTML): [post_call], [post_features], [post_prices], [post_services], [post_steps]. ما زال هناك رابط اتصال هاتفي tel: داخل المحتوى."
1753,post,شركة تمديدات كهربائية جديدة في صور,https://rukn-eltatawer.com/om/new-electrical-wiring-sur/,new-electrical-wiring-sur,new-electrical-wiring,sur,2242,1416,0.368,0,20,13,1,,,,template_boilerplate|unexpanded_shortcodes|tel_in_content,Template/Boilerplate | Missing SEO Elements | Errors/Placeholders,Template/Boilerplate,"هيكل H2 مكرر على 1 مقالة، ونسبة الجمل المكررة 37%. شورت كود كيان غير مُفسَّر (أقسام ناقصة في HTML): [post_call], [post_features], [post_prices], [post_services], [post_steps]. ما زال هناك رابط اتصال هاتفي tel: داخل المحتوى."
855,post,شركة تركيب كربستون في صحار,https://rukn-eltatawer.com/om/kerbstone-sohar/,kerbstone-sohar,kerbstone,sohar,2145,1244,0.42,0,20,13,1,,,,template_boilerplate|unexpanded_shortcodes|tel_in_content,Template/Boilerplate | Missing SEO Elements | Errors/Placeholders,Template/Boilerplate,"هيكل H2 مكرر على 1 مقالة، ونسبة الجمل المكررة 42%. شورت كود كيان غير مُفسَّر (أقسام ناقصة في HTML): [post_call], [post_features], [post_prices], [post_services], [post_steps]. ما زال هناك رابط اتصال هاتفي tel: داخل المحتوى."
847,post,شركة تركيب انترلوك في صحار,https://rukn-eltatawer.com/om/interlock-sohar/,interlock-sohar,interlock,sohar,2134,1164,0.455,0,20,13,1,,,,template_boilerplate|unexpanded_shortcodes|tel_in_content,Template/Boilerplate | Missing SEO Elements | Errors/Placeholders,Template/Boilerplate,"هيكل H2 مكرر على 1 مقالة، ونسبة الجمل المكررة 46%. شورت كود كيان غير مُفسَّر (أقسام ناقصة في HTML): [post_call], [post_features], [post_prices], [post_services], [post_steps]. ما زال هناك رابط اتصال هاتفي tel: داخل المحتوى."
1767,post,شركة تركيب إنارة داخلية وخارجية في صحار,https://rukn-eltatawer.com/om/indoor-outdoor-lighting-installation-sohar/,indoor-outdoor-lighting-installation-sohar,indoor-outdoor-lighting-installation,sohar,2226,1378,0.381,0,20,13,1,https://rukn-eltatawer.com/om/suspended-ceiling-ibri/,cross-service-duplicate,7,template_boilerplate|duplicate_similar|unexpanded_shortcodes|tel_in_content,Template/Boilerplate | Duplicate/Similar | Missing SEO Elements | Errors/Placeholders,Template/Boilerplate,"هيكل H2 مكرر على 1 مقالة، ونسبة الجمل المكررة 38%. تشابه مرتفع (hamming=7, cross-service-duplicate) مع https://rukn-eltatawer.com/om/suspended-ceiling-ibri/. شورت كود كيان غير مُفسَّر (أقسام ناقصة في HTML): [post_call], [post_features], [post_prices], [post_services], [post_steps]. ما زال هناك رابط اتصال هاتفي tel: داخل المحتوى."
1231,post,شركة نقل أثاث داخلي في صحار,https://rukn-eltatawer.com/om/indoor-moving-sohar/,indoor-moving-sohar,indoor-moving,sohar,2169,1357,0.374,0,20,13,1,,,,template_boilerplate|unexpanded_shortcodes|tel_in_content,Template/Boilerplate | Missing SEO Elements | Errors/Placeholders,Template/Boilerplate,"هيكل H2 مكرر على 1 مقالة، ونسبة الجمل المكررة 37%. شورت كود كيان غير مُفسَّر (أقسام ناقصة في HTML): [post_call], [post_features], [post_prices], [post_services], [post_steps]. ما زال هناك رابط اتصال هاتفي tel: داخل المحتوى."
1111,post,شركة تصميم حدائق داخلية في صحار,https://rukn-eltatawer.com/om/indoor-garden-design-sohar/,indoor-garden-design-sohar,indoor-garden-design,sohar,2182,1222,0.44,0,20,13,1,,,,template_boilerplate|unexpanded_shortcodes|tel_in_content,Template/Boilerplate | Missing SEO Elements | Errors/Placeholders,Template/Boilerplate,"هيكل H2 مكرر على 1 مقالة، ونسبة الجمل المكررة 44%. شورت كود كيان غير مُفسَّر (أقسام ناقصة في HTML): [post_call], [post_features], [post_prices], [post_services], [post_steps]. ما زال هناك رابط اتصال هاتفي tel: داخل المحتوى."
122,post,شركة تنظيف مستشفيات وعيادات في صحار,https://rukn-eltatawer.com/om/hospital-clinic-cleaning-sohar/,hospital-clinic-cleaning-sohar,hospital-clinic-cleaning,sohar,2201,1244,0.435,0,20,13,1,,,,template_boilerplate|unexpanded_shortcodes|tel_in_content,Template/Boilerplate | Missing SEO Elements | Errors/Placeholders,Template/Boilerplate,"هيكل H2 مكرر على 1 مقالة، ونسبة الجمل المكررة 44%. شورت كود كيان غير مُفسَّر (أقسام ناقصة في HTML): [post_call], [post_features], [post_prices], [post_services], [post_steps]. ما زال هناك رابط اتصال هاتفي tel: داخل المحتوى."
1752,post,شركة تمديدات كهربائية جديدة في نزوى,https://rukn-eltatawer.com/om/new-electrical-wiring-nizwa/,new-electrical-wiring-nizwa,new-electrical-wiring,nizwa,2226,1333,0.401,0,20,13,1,,,,template_boilerplate|unexpanded_shortcodes|tel_in_content,Template/Boilerplate | Missing SEO Elements | Errors/Placeholders,Template/Boilerplate,"هيكل H2 مكرر على 1 مقالة، ونسبة الجمل المكررة 40%. شورت كود كيان غير مُفسَّر (أقسام ناقصة في HTML): [post_call], [post_features], [post_prices], [post_services], [post_steps]. ما زال هناك رابط اتصال هاتفي tel: داخل المحتوى."
1520,post,فني تركيب أقمار صناعية في نزوى,https://rukn-eltatawer.com/om/satellite-tech-nizwa/,satellite-tech-nizwa,satellite-tech,nizwa,2247,1430,0.364,0,20,13,1,,,,template_boilerplate|unexpanded_shortcodes|tel_in_content,Template/Boilerplate | Missing SEO Elements | Errors/Placeholders,Template/Boilerplate,"هيكل H2 مكرر على 1 مقالة، ونسبة الجمل المكررة 36%. شورت كود كيان غير مُفسَّر (أقسام ناقصة في HTML): [post_call], [post_features], [post_prices], [post_services], [post_steps]. ما زال هناك رابط اتصال هاتفي tel: داخل المحتوى."
1512,post,فني تركيب دش في نزوى,https://rukn-eltatawer.com/om/sat-dish-tech-nizwa/,sat-dish-tech-nizwa,sat-dish-tech,nizwa,2177,1355,0.378,0,20,13,1,,,,template_boilerplate|unexpanded_shortcodes|tel_in_content,Template/Boilerplate | Missing SEO Elements | Errors/Placeholders,Template/Boilerplate,"هيكل H2 مكرر على 1 مقالة، ونسبة الجمل المكررة 38%. شورت كود كيان غير مُفسَّر (أقسام ناقصة في HTML): [post_call], [post_features], [post_prices], [post_services], [post_steps]. ما زال هناك رابط اتصال هاتفي tel: داخل المحتوى."
1672,post,شركة عزل ودهان أسطح في نزوى,https://rukn-eltatawer.com/om/roof-insulation-painting-nizwa/,roof-insulation-painting-nizwa,roof-insulation-painting,nizwa,2298,1349,0.413,0,20,13,1,,,,template_boilerplate|unexpanded_shortcodes|tel_in_content,Template/Boilerplate | Missing SEO Elements | Errors/Placeholders,Template/Boilerplate,"هيكل H2 مكرر على 1 مقالة، ونسبة الجمل المكررة 41%. شورت كود كيان غير مُفسَّر (أقسام ناقصة في HTML): [post_call], [post_features], [post_prices], [post_services], [post_steps]. ما زال هناك رابط اتصال هاتفي tel: داخل المحتوى."
1120,post,شركة تصميم حدائق أسطح في نزوى,https://rukn-eltatawer.com/om/roof-garden-design-nizwa/,roof-garden-design-nizwa,roof-garden-design,nizwa,2194,1205,0.451,0,20,13,1,,,,template_boilerplate|unexpanded_shortcodes|tel_in_content,Template/Boilerplate | Missing SEO Elements | Errors/Placeholders,Template/Boilerplate,"هيكل H2 مكرر على 1 مقالة، ونسبة الجمل المكررة 45%. شورت كود كيان غير مُفسَّر (أقسام ناقصة في HTML): [post_call], [post_features], [post_prices], [post_services], [post_steps]. ما زال هناك رابط اتصال هاتفي tel: داخل المحتوى."
60,post,شركة تنظيف منازل في نزوى,https://rukn-eltatawer.com/om/home-cleaning-nizwa/,home-cleaning-nizwa,home-cleaning,nizwa,2230,1291,0.421,0,20,13,1,,,,template_boilerplate|unexpanded_shortcodes|tel_in_content|missing_meta,Template/Boilerplate | Missing SEO Elements | Errors/Placeholders,Template/Boilerplate,"هيكل H2 مكرر على 1 مقالة، ونسبة الجمل المكررة 42%. شورت كود كيان غير مُفسَّر (أقسام ناقصة في HTML): [post_call], [post_features], [post_prices], [post_services], [post_steps]. ما زال هناك رابط اتصال هاتفي tel: داخل المحتوى. صورة بارزة مفقودة أو مكررة (id=246)."
1664,post,شركة دهان بويات عالية الجودة في نزوى,https://rukn-eltatawer.com/om/premium-paint-finishing-nizwa/,premium-paint-finishing-nizwa,premium-paint-finishing,nizwa,2267,1356,0.402,0,20,13,1,,,,template_boilerplate|unexpanded_shortcodes|tel_in_content,Template/Boilerplate | Missing SEO Elements | Errors/Placeholders,Template/Boilerplate,"هيكل H2 مكرر على 1 مقالة، ونسبة الجمل المكررة 40%. شورت كود كيان غير مُفسَّر (أقسام ناقصة في HTML): [post_call], [post_features], [post_prices], [post_services], [post_steps]. ما زال هناك رابط اتصال هاتفي tel: داخل المحتوى."
1728,post,شركة صيانة ودهان بعد التسريبات في نزوى,https://rukn-eltatawer.com/om/post-leak-repaint-maintenance-nizwa/,post-leak-repaint-maintenance-nizwa,post-leak-repaint-maintenance,nizwa,2272,1213,0.466,0,20,13,1,,,,template_boilerplate|unexpanded_shortcodes|tel_in_content,Template/Boilerplate | Missing SEO Elements | Errors/Placeholders,Template/Boilerplate,"هيكل H2 مكرر على 1 مقالة، ونسبة الجمل المكررة 47%. شورت كود كيان غير مُفسَّر (أقسام ناقصة في HTML): [post_call], [post_features], [post_prices], [post_services], [post_steps]. ما زال هناك رابط اتصال هاتفي tel: داخل المحتوى."
528,post,شركة صيانة مسابح في نزوى,https://rukn-eltatawer.com/om/pool-maintenance-nizwa/,pool-maintenance-nizwa,pool-maintenance,nizwa,2192,1368,0.376,0,20,13,1,,,,template_boilerplate|unexpanded_shortcodes|tel_in_content,Template/Boilerplate | Missing SEO Elements | Errors/Placeholders,Template/Boilerplate,"هيكل H2 مكرر على 1 مقالة، ونسبة الجمل المكررة 38%. شورت كود كيان غير مُفسَّر (أقسام ناقصة في HTML): [post_call], [post_features], [post_prices], [post_services], [post_steps]. ما زال هناك رابط اتصال هاتفي tel: داخل المحتوى."
141,post,شركة تنظيف مسابح في نزوى,https://rukn-eltatawer.com/om/pool-cleaning-nizwa/,pool-cleaning-nizwa,pool-cleaning,nizwa,2251,1265,0.438,0,20,13,1,https://rukn-eltatawer.com/om/tank-insulation-nizwa/,cross-service-duplicate,6,template_boilerplate|duplicate_similar|unexpanded_shortcodes|tel_in_content,Template/Boilerplate | Duplicate/Similar | Missing SEO Elements | Errors/Placeholders,Template/Boilerplate,"هيكل H2 مكرر على 1 مقالة، ونسبة الجمل المكررة 44%. تشابه مرتفع (hamming=6, cross-service-duplicate) مع https://rukn-eltatawer.com/om/tank-insulation-nizwa/. شورت كود كيان غير مُفسَّر (أقسام ناقصة في HTML): [post_call], [post_features], [post_prices], [post_services], [post_steps]. ما زال هناك رابط اتصال هاتفي tel: داخل المحتوى."
872,post,شركة تركيب بلاستر في نزوى,https://rukn-eltatawer.com/om/plastering-nizwa/,plastering-nizwa,plastering,nizwa,2154,1209,0.439,0,20,13,1,,,,template_boilerplate|unexpanded_shortcodes|tel_in_content,Template/Boilerplate | Missing SEO Elements | Errors/Placeholders,Template/Boilerplate,"هيكل H2 مكرر على 1 مقالة، ونسبة الجمل المكررة 44%. شورت كود كيان غير مُفسَّر (أقسام ناقصة في HTML): [post_call], [post_features], [post_prices], [post_services], [post_steps]. ما زال هناك رابط اتصال هاتفي tel: داخل المحتوى."
59,post,شركة تنظيف منازل في صحار,https://rukn-eltatawer.com/om/home-cleaning-sohar/,home-cleaning-sohar,home-cleaning,sohar,2235,1287,0.424,0,20,13,1,,,,template_boilerplate|unexpanded_shortcodes|tel_in_content|missing_meta,Template/Boilerplate | Missing SEO Elements | Errors/Placeholders,Template/Boilerplate,"هيكل H2 مكرر على 1 مقالة، ونسبة الجمل المكررة 42%. شورت كود كيان غير مُفسَّر (أقسام ناقصة في HTML): [post_call], [post_features], [post_prices], [post_services], [post_steps]. ما زال هناك رابط اتصال هاتفي tel: داخل المحتوى. صورة بارزة مفقودة أو مكررة (id=246)."
1424,post,شركة تركيب مسامير طاردة للحمام في نزوى,https://rukn-eltatawer.com/om/pigeon-spikes-installation-nizwa/,pigeon-spikes-installation-nizwa,pigeon-spikes-installation,nizwa,2336,1418,0.393,0,20,13,1,,,,template_boilerplate|unexpanded_shortcodes|tel_in_content,Template/Boilerplate | Missing SEO Elements | Errors/Placeholders,Template/Boilerplate,"هيكل H2 مكرر على 1 مقالة، ونسبة الجمل المكررة 39%. شورت كود كيان غير مُفسَّر (أقسام ناقصة في HTML): [post_call], [post_features], [post_prices], [post_services], [post_steps]. ما زال هناك رابط اتصال هاتفي tel: داخل المحتوى."
1416,post,شركة تركيب شبك طارد للحمام في نزوى,https://rukn-eltatawer.com/om/pigeon-net-installation-nizwa/,pigeon-net-installation-nizwa,pigeon-net-installation,nizwa,2344,1453,0.38,0,20,13,1,,,,template_boilerplate|unexpanded_shortcodes|tel_in_content,Template/Boilerplate | Missing SEO Elements | Errors/Placeholders,Template/Boilerplate,"هيكل H2 مكرر على 1 مقالة، ونسبة الجمل المكررة 38%. شورت كود كيان غير مُفسَّر (أقسام ناقصة في HTML): [post_call], [post_features], [post_prices], [post_services], [post_steps]. ما زال هناك رابط اتصال هاتفي tel: داخل المحتوى."
1256,post,شركة نقل بيانو في نزوى,https://rukn-eltatawer.com/om/piano-moving-nizwa/,piano-moving-nizwa,piano-moving,nizwa,2151,1417,0.341,0,20,13,1,,,,unexpanded_shortcodes|tel_in_content,Missing SEO Elements | Errors/Placeholders,Missing SEO Elements,"شورت كود كيان غير مُفسَّر (أقسام ناقصة في HTML): [post_call], [post_features], [post_prices], [post_services], [post_steps]. ما زال هناك رابط اتصال هاتفي tel: داخل المحتوى."
1192,post,شركة تركيب برجولات في نزوى,https://rukn-eltatawer.com/om/pergola-installation-nizwa/,pergola-installation-nizwa,pergola-installation,nizwa,2173,1276,0.413,0,20,13,1,,,,template_boilerplate|unexpanded_shortcodes|tel_in_content,Template/Boilerplate | Missing SEO Elements | Errors/Placeholders,Template/Boilerplate,"هيكل H2 مكرر على 1 مقالة، ونسبة الجمل المكررة 41%. شورت كود كيان غير مُفسَّر (أقسام ناقصة في HTML): [post_call], [post_features], [post_prices], [post_services], [post_steps]. ما زال هناك رابط اتصال هاتفي tel: داخل المحتوى."
888,post,شركة تركيب باركيه وأرضيات خشب في نزوى,https://rukn-eltatawer.com/om/parquet-nizwa/,parquet-nizwa,parquet,nizwa,2119,1308,0.383,0,20,13,1,,,,template_boilerplate|unexpanded_shortcodes|tel_in_content,Template/Boilerplate | Missing SEO Elements | Errors/Placeholders,Template/Boilerplate,"هيكل H2 مكرر على 1 مقالة، ونسبة الجمل المكررة 38%. شورت كود كيان غير مُفسَّر (أقسام ناقصة في HTML): [post_call], [post_features], [post_prices], [post_services], [post_steps]. ما زال هناك رابط اتصال هاتفي tel: داخل المحتوى."
58,post,شركة تنظيف منازل في صلالة,https://rukn-eltatawer.com/om/home-cleaning-salalah/,home-cleaning-salalah,home-cleaning,salalah,2239,1142,0.49,0,20,13,1,,,,template_boilerplate|unexpanded_shortcodes|tel_in_content|missing_meta,Template/Boilerplate | Missing SEO Elements | Errors/Placeholders,Template/Boilerplate,"هيكل H2 مكرر على 1 مقالة، ونسبة الجمل المكررة 49%. شورت كود كيان غير مُفسَّر (أقسام ناقصة في HTML): [post_call], [post_features], [post_prices], [post_services], [post_steps]. ما زال هناك رابط اتصال هاتفي tel: داخل المحتوى. صورة بارزة مفقودة أو مكررة (id=246)."
1136,post,شركة زرع نخيل وأشجار في نزوى,https://rukn-eltatawer.com/om/palm-tree-planting-nizwa/,palm-tree-planting-nizwa,palm-tree-planting,nizwa,2258,1258,0.443,0,20,13,1,,,,template_boilerplate|unexpanded_shortcodes|tel_in_content,Template/Boilerplate | Missing SEO Elements | Errors/Placeholders,Template/Boilerplate,"هيكل H2 مكرر على 1 مقالة، ونسبة الجمل المكررة 44%. شورت كود كيان غير مُفسَّر (أقسام ناقصة في HTML): [post_call], [post_features], [post_prices], [post_services], [post_steps]. ما زال هناك رابط اتصال هاتفي tel: داخل المحتوى."
87,post,شركة تنظيف قصور في نزوى,https://rukn-eltatawer.com/om/palace-cleaning-nizwa/,palace-cleaning-nizwa,palace-cleaning,nizwa,2225,1277,0.426,0,20,13,1,,,,template_boilerplate|unexpanded_shortcodes|tel_in_content,Template/Boilerplate | Missing SEO Elements | Errors/Placeholders,Template/Boilerplate,"هيكل H2 مكرر على 1 مقالة، ونسبة الجمل المكررة 43%. شورت كود كيان غير مُفسَّر (أقسام ناقصة في HTML): [post_call], [post_features], [post_prices], [post_services], [post_steps]. ما زال هناك رابط اتصال هاتفي tel: داخل المحتوى."
1496,post,عامل دهانات في نزوى,https://rukn-eltatawer.com/om/painter-nizwa/,painter-nizwa,painter,nizwa,2158,1297,0.399,0,20,13,1,,,,template_boilerplate|unexpanded_shortcodes|tel_in_content,Template/Boilerplate | Missing SEO Elements | Errors/Placeholders,Template/Boilerplate,"هيكل H2 مكرر على 1 مقالة، ونسبة الجمل المكررة 40%. شورت كود كيان غير مُفسَّر (أقسام ناقصة في HTML): [post_call], [post_features], [post_prices], [post_services], [post_steps]. ما زال هناك رابط اتصال هاتفي tel: داخل المحتوى."
1696,post,شركة إزالة دهان قديم وتحضير أسطح في نزوى,https://rukn-eltatawer.com/om/paint-removal-surface-prep-nizwa/,paint-removal-surface-prep-nizwa,paint-removal-surface-prep,nizwa,2276,1367,0.399,0,20,13,1,,,,template_boilerplate|unexpanded_shortcodes|tel_in_content,Template/Boilerplate | Missing SEO Elements | Errors/Placeholders,Template/Boilerplate,"هيكل H2 مكرر على 1 مقالة، ونسبة الجمل المكررة 40%. شورت كود كيان غير مُفسَّر (أقسام ناقصة في HTML): [post_call], [post_features], [post_prices], [post_services], [post_steps]. ما زال هناك رابط اتصال هاتفي tel: داخل المحتوى."
1456,post,شركة التعقيم بالأوزون في نزوى,https://rukn-eltatawer.com/om/ozone-disinfection-nizwa/,ozone-disinfection-nizwa,ozone-disinfection,nizwa,2211,1199,0.458,0,20,13,1,,,,template_boilerplate|unexpanded_shortcodes|tel_in_content,Template/Boilerplate | Missing SEO Elements | Errors/Placeholders,Template/Boilerplate,"هيكل H2 مكرر على 1 مقالة، ونسبة الجمل المكررة 46%. شورت كود كيان غير مُفسَّر (أقسام ناقصة في HTML): [post_call], [post_features], [post_prices], [post_services], [post_steps]. ما زال هناك رابط اتصال هاتفي tel: داخل المحتوى."
57,post,شركة تنظيف منازل في مسقط,https://rukn-eltatawer.com/om/home-cleaning-muscat/,home-cleaning-muscat,home-cleaning,muscat,2326,1360,0.415,0,20,13,1,,,,template_boilerplate|unexpanded_shortcodes|tel_in_content|missing_meta,Template/Boilerplate | Missing SEO Elements | Errors/Placeholders,Template/Boilerplate,"هيكل H2 مكرر على 1 مقالة، ونسبة الجمل المكررة 42%. شورت كود كيان غير مُفسَّر (أقسام ناقصة في HTML): [post_call], [post_features], [post_prices], [post_services], [post_steps]. ما زال هناك رابط اتصال هاتفي tel: داخل المحتوى. صورة بارزة مفقودة أو مكررة (id=246)."
560,post,شركة صيانة أفران في نزوى,https://rukn-eltatawer.com/om/oven-maintenance-nizwa/,oven-maintenance-nizwa,oven-maintenance,nizwa,2122,1255,0.409,0,20,13,1,,,,template_boilerplate|unexpanded_shortcodes|tel_in_content,Template/Boilerplate | Missing SEO Elements | Errors/Placeholders,Template/Boilerplate,"هيكل H2 مكرر على 1 مقالة، ونسبة الجمل المكررة 41%. شورت كود كيان غير مُفسَّر (أقسام ناقصة في HTML): [post_call], [post_features], [post_prices], [post_services], [post_steps]. ما زال هناك رابط اتصال هاتفي tel: داخل المحتوى."
1240,post,شركة نقل أثاث خارجي في نزوى,https://rukn-eltatawer.com/om/outdoor-moving-nizwa/,outdoor-moving-nizwa,outdoor-moving,nizwa,2223,1275,0.426,0,20,13,1,,,,template_boilerplate|unexpanded_shortcodes|tel_in_content,Template/Boilerplate | Missing SEO Elements | Errors/Placeholders,Template/Boilerplate,"هيكل H2 مكرر على 1 مقالة، ونسبة الجمل المكررة 43%. شورت كود كيان غير مُفسَّر (أقسام ناقصة في HTML): [post_call], [post_features], [post_prices], [post_services], [post_steps]. ما زال هناك رابط اتصال هاتفي tel: داخل المحتوى."
1064,post,شركة بناء مجالس خارجية في نزوى,https://rukn-eltatawer.com/om/outdoor-majlis-nizwa/,outdoor-majlis-nizwa,outdoor-majlis,nizwa,2214,1224,0.447,0,20,13,1,,,,template_boilerplate|unexpanded_shortcodes|tel_in_content,Template/Boilerplate | Missing SEO Elements | Errors/Placeholders,Template/Boilerplate,"هيكل H2 مكرر على 1 مقالة، ونسبة الجمل المكررة 45%. شورت كود كيان غير مُفسَّر (أقسام ناقصة في HTML): [post_call], [post_features], [post_prices], [post_services], [post_steps]. ما زال هناك رابط اتصال هاتفي tel: داخل المحتوى."
1056,post,شركة بناء مطابخ خارجية في نزوى,https://rukn-eltatawer.com/om/outdoor-kitchens-nizwa/,outdoor-kitchens-nizwa,outdoor-kitchens,nizwa,2213,1288,0.418,0,20,13,1,,,,template_boilerplate|unexpanded_shortcodes|tel_in_content,Template/Boilerplate | Missing SEO Elements | Errors/Placeholders,Template/Boilerplate,"هيكل H2 مكرر على 1 مقالة، ونسبة الجمل المكررة 42%. شورت كود كيان غير مُفسَّر (أقسام ناقصة في HTML): [post_call], [post_features], [post_prices], [post_services], [post_steps]. ما زال هناك رابط اتصال هاتفي tel: داخل المحتوى."
1048,post,شركة بناء حمامات خارجية في نزوى,https://rukn-eltatawer.com/om/outdoor-bathrooms-nizwa/,outdoor-bathrooms-nizwa,outdoor-bathrooms,nizwa,2201,1248,0.433,0,20,13,1,,,,template_boilerplate|unexpanded_shortcodes|tel_in_content,Template/Boilerplate | Missing SEO Elements | Errors/Placeholders,Template/Boilerplate,"هيكل H2 مكرر على 1 مقالة، ونسبة الجمل المكررة 43%. شورت كود كيان غير مُفسَّر (أقسام ناقصة في HTML): [post_call], [post_features], [post_prices], [post_services], [post_steps]. ما زال هناك رابط اتصال هاتفي tel: داخل المحتوى."
460,post,شركة تنظيف وتعقيم شامل في البريمي,https://rukn-eltatawer.com/om/deep-cleaning-al-buraimi/,deep-cleaning-al-buraimi,deep-cleaning,al-buraimi,2251,1255,0.442,0,20,13,1,,,,template_boilerplate|unexpanded_shortcodes|tel_in_content|missing_meta,Template/Boilerplate | Missing SEO Elements | Errors/Placeholders,Template/Boilerplate,"هيكل H2 مكرر على 1 مقالة، ونسبة الجمل المكررة 44%. شورت كود كيان غير مُفسَّر (أقسام ناقصة في HTML): [post_call], [post_features], [post_prices], [post_services], [post_steps]. ما زال هناك رابط اتصال هاتفي tel: داخل المحتوى. صورة بارزة مفقودة أو مكررة (id=246)."
1688,post,شركة دهان مكاتب وشركات في نزوى,https://rukn-eltatawer.com/om/office-painting-nizwa/,office-painting-nizwa,office-painting,nizwa,2211,1272,0.425,0,20,13,1,,,,template_boilerplate|unexpanded_shortcodes|tel_in_content,Template/Boilerplate | Missing SEO Elements | Errors/Placeholders,Template/Boilerplate,"هيكل H2 مكرر على 1 مقالة، ونسبة الجمل المكررة 42%. شورت كود كيان غير مُفسَّر (أقسام ناقصة في HTML): [post_call], [post_features], [post_prices], [post_services], [post_steps]. ما زال هناك رابط اتصال هاتفي tel: داخل المحتوى."
1680,post,شركة تشطيب ودهان فلل جديدة في نزوى,https://rukn-eltatawer.com/om/new-villa-finishing-painting-nizwa/,new-villa-finishing-painting-nizwa,new-villa-finishing-painting,nizwa,2281,1152,0.495,0,20,13,1,https://rukn-eltatawer.com/om/new-villa-finishing-painting-ibri/,city-variant-template,6,template_boilerplate|duplicate_similar|unexpanded_shortcodes|tel_in_content,Template/Boilerplate | Duplicate/Similar | Missing SEO Elements | Errors/Placeholders,Template/Boilerplate,"هيكل H2 مكرر على 1 مقالة، ونسبة الجمل المكررة 50%. تشابه مرتفع (hamming=6, city-variant-template) مع https://rukn-eltatawer.com/om/new-villa-finishing-painting-ibri/. شورت كود كيان غير مُفسَّر (أقسام ناقصة في HTML): [post_call], [post_features], [post_prices], [post_services], [post_steps]. ما زال هناك رابط اتصال هاتفي tel: داخل المحتوى."
1824,post,شركة تأسيس كهرباء وسباكة لمبنى جديد في نزوى,https://rukn-eltatawer.com/om/new-building-electrical-plumbing-nizwa/,new-building-electrical-plumbing-nizwa,new-building-electrical-plumbing,nizwa,2334,1586,0.32,0,20,13,1,,,,unexpanded_shortcodes|tel_in_content,Missing SEO Elements | Errors/Placeholders,Missing SEO Elements,"شورت كود كيان غير مُفسَّر (أقسام ناقصة في HTML): [post_call], [post_features], [post_prices], [post_services], [post_steps]. ما زال هناك رابط اتصال هاتفي tel: داخل المحتوى."
1128,post,شركة قص عشب طبيعي في نزوى,https://rukn-eltatawer.com/om/natural-grass-cutting-nizwa/,natural-grass-cutting-nizwa,natural-grass-cutting,nizwa,2185,1097,0.498,0,20,13,1,,,,template_boilerplate|unexpanded_shortcodes|tel_in_content,Template/Boilerplate | Missing SEO Elements | Errors/Placeholders,Template/Boilerplate,"هيكل H2 مكرر على 1 مقالة، ونسبة الجمل المكررة 50%. شورت كود كيان غير مُفسَّر (أقسام ناقصة في HTML): [post_call], [post_features], [post_prices], [post_services], [post_steps]. ما زال هناك رابط اتصال هاتفي tel: داخل المحتوى."
195,post,شركة تنظيف موكيت في نزوى,https://rukn-eltatawer.com/om/moquette-cleaning-nizwa/,moquette-cleaning-nizwa,moquette-cleaning,nizwa,2265,1280,0.435,0,20,13,1,,,,template_boilerplate|unexpanded_shortcodes|tel_in_content,Template/Boilerplate | Missing SEO Elements | Errors/Placeholders,Template/Boilerplate,"هيكل H2 مكرر على 1 مقالة، ونسبة الجمل المكررة 44%. شورت كود كيان غير مُفسَّر (أقسام ناقصة في HTML): [post_call], [post_features], [post_prices], [post_services], [post_steps]. ما زال هناك رابط اتصال هاتفي tel: داخل المحتوى."
458,post,شركة تنظيف وتعقيم شامل في عبري,https://rukn-eltatawer.com/om/deep-cleaning-ibri/,deep-cleaning-ibri,deep-cleaning,ibri,2209,1146,0.481,0,20,13,1,,,,template_boilerplate|unexpanded_shortcodes|tel_in_content|missing_meta,Template/Boilerplate | Missing SEO Elements | Errors/Placeholders,Template/Boilerplate,"هيكل H2 مكرر على 1 مقالة، ونسبة الجمل المكررة 48%. شورت كود كيان غير مُفسَّر (أقسام ناقصة في HTML): [post_call], [post_features], [post_prices], [post_services], [post_steps]. ما زال هناك رابط اتصال هاتفي tel: داخل المحتوى. صورة بارزة مفقودة أو مكررة (id=246)."
1152,post,شركة تركيب شبكات ري حديثة في نزوى,https://rukn-eltatawer.com/om/modern-irrigation-nizwa/,modern-irrigation-nizwa,modern-irrigation,nizwa,2205,1213,0.45,0,20,13,1,,,,template_boilerplate|unexpanded_shortcodes|tel_in_content,Template/Boilerplate | Missing SEO Elements | Errors/Placeholders,Template/Boilerplate,"هيكل H2 مكرر على 1 مقالة، ونسبة الجمل المكررة 45%. شورت كود كيان غير مُفسَّر (أقسام ناقصة في HTML): [post_call], [post_features], [post_prices], [post_services], [post_steps]. ما زال هناك رابط اتصال هاتفي tel: داخل المحتوى."
608,post,شركة صيانة ميكروويف في نزوى,https://rukn-eltatawer.com/om/microwave-maintenance-nizwa/,microwave-maintenance-nizwa,microwave-maintenance,nizwa,2116,1304,0.384,0,20,13,1,https://rukn-eltatawer.com/om/microwave-maintenance-muscat/,city-variant-template,8,template_boilerplate|duplicate_similar|unexpanded_shortcodes|tel_in_content,Template/Boilerplate | Duplicate/Similar | Missing SEO Elements | Errors/Placeholders,Template/Boilerplate,"هيكل H2 مكرر على 1 مقالة، ونسبة الجمل المكررة 38%. تشابه مرتفع (hamming=8, city-variant-template) مع https://rukn-eltatawer.com/om/microwave-maintenance-muscat/. شورت كود كيان غير مُفسَّر (أقسام ناقصة في HTML): [post_call], [post_features], [post_prices], [post_services], [post_steps]. ما زال هناك رابط اتصال هاتفي tel: داخل المحتوى."
222,post,شركة تنظيف مراتب في نزوى,https://rukn-eltatawer.com/om/mattress-cleaning-nizwa/,mattress-cleaning-nizwa,mattress-cleaning,nizwa,2267,1259,0.445,0,20,13,1,,,,template_boilerplate|unexpanded_shortcodes|tel_in_content,Template/Boilerplate | Missing SEO Elements | Errors/Placeholders,Template/Boilerplate,"هيكل H2 مكرر على 1 مقالة، ونسبة الجمل المكررة 44%. شورت كود كيان غير مُفسَّر (أقسام ناقصة في HTML): [post_call], [post_features], [post_prices], [post_services], [post_steps]. ما زال هناك رابط اتصال هاتفي tel: داخل المحتوى."
231,post,شركة تنظيف أرضيات رخام وجلي رخام في نزوى,https://rukn-eltatawer.com/om/marble-polishing-nizwa/,marble-polishing-nizwa,marble-polishing,nizwa,2284,1268,0.445,0,20,13,1,,,,template_boilerplate|unexpanded_shortcodes|tel_in_content,Template/Boilerplate | Missing SEO Elements | Errors/Placeholders,Template/Boilerplate,"هيكل H2 مكرر على 1 مقالة، ونسبة الجمل المكررة 44%. شورت كود كيان غير مُفسَّر (أقسام ناقصة في HTML): [post_call], [post_features], [post_prices], [post_services], [post_steps]. ما زال هناك رابط اتصال هاتفي tel: داخل المحتوى."
912,post,شركة تركيب رخام وجرانيت في نزوى,https://rukn-eltatawer.com/om/marble-granite-nizwa/,marble-granite-nizwa,marble-granite,nizwa,2139,1294,0.395,0,20,13,1,,,,template_boilerplate|unexpanded_shortcodes|tel_in_content,Template/Boilerplate | Missing SEO Elements | Errors/Placeholders,Template/Boilerplate,"هيكل H2 مكرر على 1 مقالة، ونسبة الجمل المكررة 40%. شورت كود كيان غير مُفسَّر (أقسام ناقصة في HTML): [post_call], [post_features], [post_prices], [post_services], [post_steps]. ما زال هناك رابط اتصال هاتفي tel: داخل المحتوى."
459,post,شركة تنظيف وتعقيم شامل في الرستاق,https://rukn-eltatawer.com/om/deep-cleaning-rustaq/,deep-cleaning-rustaq,deep-cleaning,rustaq,2271,1318,0.42,0,20,13,1,,,,template_boilerplate|unexpanded_shortcodes|tel_in_content|missing_meta,Template/Boilerplate | Missing SEO Elements | Errors/Placeholders,Template/Boilerplate,"هيكل H2 مكرر على 1 مقالة، ونسبة الجمل المكررة 42%. شورت كود كيان غير مُفسَّر (أقسام ناقصة في HTML): [post_call], [post_features], [post_prices], [post_services], [post_steps]. ما زال هناك رابط اتصال هاتفي tel: داخل المحتوى. صورة بارزة مفقودة أو مكررة (id=246)."
132,post,شركة تنظيف محلات تجارية ومولات في نزوى,https://rukn-eltatawer.com/om/mall-cleaning-nizwa/,mall-cleaning-nizwa,mall-cleaning,nizwa,2287,1269,0.445,0,20,13,1,,,,template_boilerplate|unexpanded_shortcodes|tel_in_content,Template/Boilerplate | Missing SEO Elements | Errors/Placeholders,Template/Boilerplate,"هيكل H2 مكرر على 1 مقالة، ونسبة الجمل المكررة 44%. شورت كود كيان غير مُفسَّر (أقسام ناقصة في HTML): [post_call], [post_features], [post_prices], [post_services], [post_steps]. ما زال هناك رابط اتصال هاتفي tel: داخل المحتوى."
105,post,شركة تنظيف مجالس في نزوى,https://rukn-eltatawer.com/om/majlis-cleaning-nizwa/,majlis-cleaning-nizwa,majlis-cleaning,nizwa,2220,1240,0.441,0,20,13,1,,,,template_boilerplate|unexpanded_shortcodes|tel_in_content,Template/Boilerplate | Missing SEO Elements | Errors/Placeholders,Template/Boilerplate,"هيكل H2 مكرر على 1 مقالة، ونسبة الجمل المكررة 44%. شورت كود كيان غير مُفسَّر (أقسام ناقصة في HTML): [post_call], [post_features], [post_prices], [post_services], [post_steps]. ما زال هناك رابط اتصال هاتفي tel: داخل المحتوى."
1040,post,شركة بناء استراحات في نزوى,https://rukn-eltatawer.com/om/majlis-building-nizwa/,majlis-building-nizwa,majlis-building,nizwa,2167,1234,0.431,0,20,13,1,,,,template_boilerplate|unexpanded_shortcodes|tel_in_content,Template/Boilerplate | Missing SEO Elements | Errors/Placeholders,Template/Boilerplate,"هيكل H2 مكرر على 1 مقالة، ونسبة الجمل المكررة 43%. شورت كود كيان غير مُفسَّر (أقسام ناقصة في HTML): [post_call], [post_features], [post_prices], [post_services], [post_steps]. ما زال هناك رابط اتصال هاتفي tel: داخل المحتوى."
1392,post,شركة مكافحة الوزغ (البرص) في نزوى,https://rukn-eltatawer.com/om/lizard-control-nizwa/,lizard-control-nizwa,lizard-control,nizwa,2266,1442,0.364,0,20,13,1,,,,template_boilerplate|unexpanded_shortcodes|tel_in_content,Template/Boilerplate | Missing SEO Elements | Errors/Placeholders,Template/Boilerplate,"هيكل H2 مكرر على 1 مقالة، ونسبة الجمل المكررة 36%. شورت كود كيان غير مُفسَّر (أقسام ناقصة في HTML): [post_call], [post_features], [post_prices], [post_services], [post_steps]. ما زال هناك رابط اتصال هاتفي tel: داخل المحتوى."
1104,post,شركة تنسيق حدائق في نزوى,https://rukn-eltatawer.com/om/landscaping-nizwa/,landscaping-nizwa,landscaping,nizwa,2177,1235,0.433,0,20,13,1,https://rukn-eltatawer.com/om/electric-spray-painting-nizwa/,cross-service-duplicate,8,template_boilerplate|duplicate_similar|unexpanded_shortcodes|tel_in_content,Template/Boilerplate | Duplicate/Similar | Missing SEO Elements | Errors/Placeholders,Template/Boilerplate,"هيكل H2 مكرر على 1 مقالة، ونسبة الجمل المكررة 43%. تشابه مرتفع (hamming=8, cross-service-duplicate) مع https://rukn-eltatawer.com/om/electric-spray-painting-nizwa/. شورت كود كيان غير مُفسَّر (أقسام ناقصة في HTML): [post_call], [post_features], [post_prices], [post_services], [post_steps]. ما زال هناك رابط اتصال هاتفي tel: داخل المحتوى."
457,post,شركة تنظيف وتعقيم شامل في صور,https://rukn-eltatawer.com/om/deep-cleaning-sur/,deep-cleaning-sur,deep-cleaning,sur,2274,1294,0.431,0,20,13,1,,,,template_boilerplate|unexpanded_shortcodes|tel_in_content|missing_meta,Template/Boilerplate | Missing SEO Elements | Errors/Placeholders,Template/Boilerplate,"هيكل H2 مكرر على 1 مقالة، ونسبة الجمل المكررة 43%. شورت كود كيان غير مُفسَّر (أقسام ناقصة في HTML): [post_call], [post_features], [post_prices], [post_services], [post_steps]. ما زال هناك رابط اتصال هاتفي tel: داخل المحتوى. صورة بارزة مفقودة أو مكررة (id=246)."
1600,post,شركة شحن دولي بري في نزوى,https://rukn-eltatawer.com/om/land-freight-nizwa/,land-freight-nizwa,land-freight,nizwa,2148,1299,0.395,0,20,13,1,,,,template_boilerplate|unexpanded_shortcodes|tel_in_content,Template/Boilerplate | Missing SEO Elements | Errors/Placeholders,Template/Boilerplate,"هيكل H2 مكرر على 1 مقالة، ونسبة الجمل المكررة 40%. شورت كود كيان غير مُفسَّر (أقسام ناقصة في HTML): [post_call], [post_features], [post_prices], [post_services], [post_steps]. ما زال هناك رابط اتصال هاتفي tel: داخل المحتوى."
984,post,شركة تركيب مطابخ في نزوى,https://rukn-eltatawer.com/om/kitchen-installation-nizwa/,kitchen-installation-nizwa,kitchen-installation,nizwa,2112,1253,0.407,0,20,13,1,,,,template_boilerplate|unexpanded_shortcodes|tel_in_content,Template/Boilerplate | Missing SEO Elements | Errors/Placeholders,Template/Boilerplate,"هيكل H2 مكرر على 1 مقالة، ونسبة الجمل المكررة 41%. شورت كود كيان غير مُفسَّر (أقسام ناقصة في HTML): [post_call], [post_features], [post_prices], [post_services], [post_steps]. ما زال هناك رابط اتصال هاتفي tel: داخل المحتوى."
640,post,شركة تركيب وصيانة شفاطات مطابخ في نزوى,https://rukn-eltatawer.com/om/kitchen-hoods-nizwa/,kitchen-hoods-nizwa,kitchen-hoods,nizwa,2203,1376,0.375,0,20,13,1,,,,template_boilerplate|unexpanded_shortcodes|tel_in_content,Template/Boilerplate | Missing SEO Elements | Errors/Placeholders,Template/Boilerplate,"هيكل H2 مكرر على 1 مقالة، ونسبة الجمل المكررة 38%. شورت كود كيان غير مُفسَّر (أقسام ناقصة في HTML): [post_call], [post_features], [post_prices], [post_services], [post_steps]. ما زال هناك رابط اتصال هاتفي tel: داخل المحتوى."
856,post,شركة تركيب كربستون في نزوى,https://rukn-eltatawer.com/om/kerbstone-nizwa/,kerbstone-nizwa,kerbstone,nizwa,2161,1223,0.434,0,20,13,1,,,,template_boilerplate|unexpanded_shortcodes|tel_in_content,Template/Boilerplate | Missing SEO Elements | Errors/Placeholders,Template/Boilerplate,"هيكل H2 مكرر على 1 مقالة، ونسبة الجمل المكررة 43%. شورت كود كيان غير مُفسَّر (أقسام ناقصة في HTML): [post_call], [post_features], [post_prices], [post_services], [post_steps]. ما زال هناك رابط اتصال هاتفي tel: داخل المحتوى."
848,post,شركة تركيب انترلوك في نزوى,https://rukn-eltatawer.com/om/interlock-nizwa/,interlock-nizwa,interlock,nizwa,2161,1120,0.482,0,20,13,1,,,,template_boilerplate|unexpanded_shortcodes|tel_in_content,Template/Boilerplate | Missing SEO Elements | Errors/Placeholders,Template/Boilerplate,"هيكل H2 مكرر على 1 مقالة، ونسبة الجمل المكررة 48%. شورت كود كيان غير مُفسَّر (أقسام ناقصة في HTML): [post_call], [post_features], [post_prices], [post_services], [post_steps]. ما زال هناك رابط اتصال هاتفي tel: داخل المحتوى."
456,post,شركة تنظيف وتعقيم شامل في نزوى,https://rukn-eltatawer.com/om/deep-cleaning-nizwa/,deep-cleaning-nizwa,deep-cleaning,nizwa,2283,1184,0.481,0,20,13,1,,,,template_boilerplate|unexpanded_shortcodes|tel_in_content|missing_meta,Template/Boilerplate | Missing SEO Elements | Errors/Placeholders,Template/Boilerplate,"هيكل H2 مكرر على 1 مقالة، ونسبة الجمل المكررة 48%. شورت كود كيان غير مُفسَّر (أقسام ناقصة في HTML): [post_call], [post_features], [post_prices], [post_services], [post_steps]. ما زال هناك رابط اتصال هاتفي tel: داخل المحتوى. صورة بارزة مفقودة أو مكررة (id=246)."
1768,post,شركة تركيب إنارة داخلية وخارجية في نزوى,https://rukn-eltatawer.com/om/indoor-outdoor-lighting-installation-nizwa/,indoor-outdoor-lighting-installation-nizwa,indoor-outdoor-lighting-installation,nizwa,2224,1301,0.415,0,20,13,1,https://rukn-eltatawer.com/om/ceramic-porcelain-ibri/,cross-service-duplicate,8,template_boilerplate|duplicate_similar|unexpanded_shortcodes|tel_in_content,Template/Boilerplate | Duplicate/Similar | Missing SEO Elements | Errors/Placeholders,Template/Boilerplate,"هيكل H2 مكرر على 1 مقالة، ونسبة الجمل المكررة 42%. تشابه مرتفع (hamming=8, cross-service-duplicate) مع https://rukn-eltatawer.com/om/ceramic-porcelain-ibri/. شورت كود كيان غير مُفسَّر (أقسام ناقصة في HTML): [post_call], [post_features], [post_prices], [post_services], [post_steps]. ما زال هناك رابط اتصال هاتفي tel: داخل المحتوى."
1232,post,شركة نقل أثاث داخلي في نزوى,https://rukn-eltatawer.com/om/indoor-moving-nizwa/,indoor-moving-nizwa,indoor-moving,nizwa,2145,1303,0.393,0,20,13,1,https://rukn-eltatawer.com/om/furniture-storage-nizwa/,cross-service-duplicate,6,template_boilerplate|duplicate_similar|unexpanded_shortcodes|tel_in_content,Template/Boilerplate | Duplicate/Similar | Missing SEO Elements | Errors/Placeholders,Template/Boilerplate,"هيكل H2 مكرر على 1 مقالة، ونسبة الجمل المكررة 39%. تشابه مرتفع (hamming=6, cross-service-duplicate) مع https://rukn-eltatawer.com/om/furniture-storage-nizwa/. شورت كود كيان غير مُفسَّر (أقسام ناقصة في HTML): [post_call], [post_features], [post_prices], [post_services], [post_steps]. ما زال هناك رابط اتصال هاتفي tel: داخل المحتوى."
1112,post,شركة تصميم حدائق داخلية في نزوى,https://rukn-eltatawer.com/om/indoor-garden-design-nizwa/,indoor-garden-design-nizwa,indoor-garden-design,nizwa,2169,1159,0.466,0,20,13,1,,,,template_boilerplate|unexpanded_shortcodes|tel_in_content,Template/Boilerplate | Missing SEO Elements | Errors/Placeholders,Template/Boilerplate,"هيكل H2 مكرر على 1 مقالة، ونسبة الجمل المكررة 47%. شورت كود كيان غير مُفسَّر (أقسام ناقصة في HTML): [post_call], [post_features], [post_prices], [post_services], [post_steps]. ما زال هناك رابط اتصال هاتفي tel: داخل المحتوى."
123,post,شركة تنظيف مستشفيات وعيادات في نزوى,https://rukn-eltatawer.com/om/hospital-clinic-cleaning-nizwa/,hospital-clinic-cleaning-nizwa,hospital-clinic-cleaning,nizwa,2247,1199,0.466,0,20,13,1,,,,template_boilerplate|unexpanded_shortcodes|tel_in_content,Template/Boilerplate | Missing SEO Elements | Errors/Placeholders,Template/Boilerplate,"هيكل H2 مكرر على 1 مقالة، ونسبة الجمل المكررة 47%. شورت كود كيان غير مُفسَّر (أقسام ناقصة في HTML): [post_call], [post_features], [post_prices], [post_services], [post_steps]. ما زال هناك رابط اتصال هاتفي tel: داخل المحتوى."
1544,post,فني أنظمة صوت منزلية في نزوى,https://rukn-eltatawer.com/om/home-audio-tech-nizwa/,home-audio-tech-nizwa,home-audio-tech,nizwa,2216,1433,0.353,0,20,13,1,,,,template_boilerplate|unexpanded_shortcodes|tel_in_content,Template/Boilerplate | Missing SEO Elements | Errors/Placeholders,Template/Boilerplate,"هيكل H2 مكرر على 1 مقالة، ونسبة الجمل المكررة 35%. شورت كود كيان غير مُفسَّر (أقسام ناقصة في HTML): [post_call], [post_features], [post_prices], [post_services], [post_steps]. ما زال هناك رابط اتصال هاتفي tel: داخل المحتوى."
455,post,شركة تنظيف وتعقيم شامل في صحار,https://rukn-eltatawer.com/om/deep-cleaning-sohar/,deep-cleaning-sohar,deep-cleaning,sohar,2247,1214,0.46,0,20,13,1,,,,template_boilerplate|unexpanded_shortcodes|tel_in_content|missing_meta,Template/Boilerplate | Missing SEO Elements | Errors/Placeholders,Template/Boilerplate,"هيكل H2 مكرر على 1 مقالة، ونسبة الجمل المكررة 46%. شورت كود كيان غير مُفسَّر (أقسام ناقصة في HTML): [post_call], [post_features], [post_prices], [post_services], [post_steps]. ما زال هناك رابط اتصال هاتفي tel: داخل المحتوى. صورة بارزة مفقودة أو مكررة (id=246)."
1504,post,فني جبس بورد في نزوى,https://rukn-eltatawer.com/om/gypsum-tech-nizwa/,gypsum-tech-nizwa,gypsum-tech,nizwa,2175,1235,0.432,0,20,13,1,,,,template_boilerplate|unexpanded_shortcodes|tel_in_content,Template/Boilerplate | Missing SEO Elements | Errors/Placeholders,Template/Boilerplate,"هيكل H2 مكرر على 1 مقالة، ونسبة الجمل المكررة 43%. شورت كود كيان غير مُفسَّر (أقسام ناقصة في HTML): [post_call], [post_features], [post_prices], [post_services], [post_steps]. ما زال هناك رابط اتصال هاتفي tel: داخل المحتوى."
928,post,شركة تركيب جبس بورد في نزوى,https://rukn-eltatawer.com/om/gypsum-board-nizwa/,gypsum-board-nizwa,gypsum-board,nizwa,2217,1258,0.433,0,20,13,1,,,,template_boilerplate|unexpanded_shortcodes|tel_in_content,Template/Boilerplate | Missing SEO Elements | Errors/Placeholders,Template/Boilerplate,"هيكل H2 مكرر على 1 مقالة، ونسبة الجمل المكررة 43%. شورت كود كيان غير مُفسَّر (أقسام ناقصة في HTML): [post_call], [post_features], [post_prices], [post_services], [post_steps]. ما زال هناك رابط اتصال هاتفي tel: داخل المحتوى."
1656,post,شركة ديكورات جبس بورد في نزوى,https://rukn-eltatawer.com/om/gypsum-board-decor-nizwa/,gypsum-board-decor-nizwa,gypsum-board-decor,nizwa,2228,1251,0.439,0,20,13,1,,,,template_boilerplate|unexpanded_shortcodes|tel_in_content,Template/Boilerplate | Missing SEO Elements | Errors/Placeholders,Template/Boilerplate,"هيكل H2 مكرر على 1 مقالة، ونسبة الجمل المكررة 44%. شورت كود كيان غير مُفسَّر (أقسام ناقصة في HTML): [post_call], [post_features], [post_prices], [post_services], [post_steps]. ما زال هناك رابط اتصال هاتفي tel: داخل المحتوى."
968,post,شركة تركيب فواصل زجاجية وألومنيوم في نزوى,https://rukn-eltatawer.com/om/glass-aluminium-partitions-nizwa/,glass-aluminium-partitions-nizwa,glass-aluminium-partitions,nizwa,2127,1288,0.394,0,20,13,1,,,,template_boilerplate|unexpanded_shortcodes|tel_in_content,Template/Boilerplate | Missing SEO Elements | Errors/Placeholders,Template/Boilerplate,"هيكل H2 مكرر على 1 مقالة، ونسبة الجمل المكررة 39%. شورت كود كيان غير مُفسَّر (أقسام ناقصة في HTML): [post_call], [post_features], [post_prices], [post_services], [post_steps]. ما زال هناك رابط اتصال هاتفي tel: داخل المحتوى."
976,post,شركة تركيب زجاج وألوميتال في نزوى,https://rukn-eltatawer.com/om/glass-alumetal-nizwa/,glass-alumetal-nizwa,glass-alumetal,nizwa,2094,1234,0.411,0,20,13,1,,,,template_boilerplate|unexpanded_shortcodes|tel_in_content,Template/Boilerplate | Missing SEO Elements | Errors/Placeholders,Template/Boilerplate,"هيكل H2 مكرر على 1 مقالة، ونسبة الجمل المكررة 41%. شورت كود كيان غير مُفسَّر (أقسام ناقصة في HTML): [post_call], [post_features], [post_prices], [post_services], [post_steps]. ما زال هناك رابط اتصال هاتفي tel: داخل المحتوى."
1184,post,شركة إنشاء جلسات حدائق في نزوى,https://rukn-eltatawer.com/om/garden-seating-nizwa/,garden-seating-nizwa,garden-seating,nizwa,2200,1159,0.473,0,20,13,1,,,,template_boilerplate|unexpanded_shortcodes|tel_in_content,Template/Boilerplate | Missing SEO Elements | Errors/Placeholders,Template/Boilerplate,"هيكل H2 مكرر على 1 مقالة، ونسبة الجمل المكررة 47%. شورت كود كيان غير مُفسَّر (أقسام ناقصة في HTML): [post_call], [post_features], [post_prices], [post_services], [post_steps]. ما زال هناك رابط اتصال هاتفي tel: داخل المحتوى."
454,post,شركة تنظيف وتعقيم شامل في صلالة,https://rukn-eltatawer.com/om/deep-cleaning-salalah/,deep-cleaning-salalah,deep-cleaning,salalah,2285,1315,0.425,0,20,13,1,,,,template_boilerplate|unexpanded_shortcodes|tel_in_content|missing_meta,Template/Boilerplate | Missing SEO Elements | Errors/Placeholders,Template/Boilerplate,"هيكل H2 مكرر على 1 مقالة، ونسبة الجمل المكررة 42%. شورت كود كيان غير مُفسَّر (أقسام ناقصة في HTML): [post_call], [post_features], [post_prices], [post_services], [post_steps]. ما زال هناك رابط اتصال هاتفي tel: داخل المحتوى. صورة بارزة مفقودة أو مكررة (id=246)."
1144,post,شركة تنظيف وتزيين الحدائق في نزوى,https://rukn-eltatawer.com/om/garden-cleaning-nizwa/,garden-cleaning-nizwa,garden-cleaning,nizwa,2220,1210,0.455,0,20,13,1,,,,template_boilerplate|unexpanded_shortcodes|tel_in_content|missing_meta,Template/Boilerplate | Missing SEO Elements | Errors/Placeholders,Template/Boilerplate,"هيكل H2 مكرر على 1 مقالة، ونسبة الجمل المكررة 46%. شورت كود كيان غير مُفسَّر (أقسام ناقصة في HTML): [post_call], [post_features], [post_prices], [post_services], [post_steps]. ما زال هناك رابط اتصال هاتفي tel: داخل المحتوى. صورة بارزة مفقودة أو مكررة (id=246)."
1280,post,شركة تخزين أثاث في نزوى,https://rukn-eltatawer.com/om/furniture-storage-nizwa/,furniture-storage-nizwa,furniture-storage,nizwa,2132,1316,0.383,0,20,13,1,https://rukn-eltatawer.com/om/indoor-moving-nizwa/,cross-service-duplicate,6,template_boilerplate|duplicate_similar|unexpanded_shortcodes|tel_in_content,Template/Boilerplate | Duplicate/Similar | Missing SEO Elements | Errors/Placeholders,Template/Boilerplate,"هيكل H2 مكرر على 1 مقالة، ونسبة الجمل المكررة 38%. تشابه مرتفع (hamming=6, cross-service-duplicate) مع https://rukn-eltatawer.com/om/indoor-moving-nizwa/. شورت كود كيان غير مُفسَّر (أقسام ناقصة في HTML): [post_call], [post_features], [post_prices], [post_services], [post_steps]. ما زال هناك رابط اتصال هاتفي tel: داخل المحتوى."
1568,post,شركة شحن أثاث في نزوى,https://rukn-eltatawer.com/om/furniture-shipping-nizwa/,furniture-shipping-nizwa,furniture-shipping,nizwa,2150,1239,0.424,0,20,13,1,https://rukn-eltatawer.com/om/tank-insulation-ibri/,cross-service-duplicate,8,template_boilerplate|duplicate_similar|unexpanded_shortcodes|tel_in_content,Template/Boilerplate | Duplicate/Similar | Missing SEO Elements | Errors/Placeholders,Template/Boilerplate,"هيكل H2 مكرر على 1 مقالة، ونسبة الجمل المكررة 42%. تشابه مرتفع (hamming=8, cross-service-duplicate) مع https://rukn-eltatawer.com/om/tank-insulation-ibri/. شورت كود كيان غير مُفسَّر (أقسام ناقصة في HTML): [post_call], [post_features], [post_prices], [post_services], [post_steps]. ما زال هناك رابط اتصال هاتفي tel: داخل المحتوى."
1264,post,شركة تغليف أثاث احترافي في نزوى,https://rukn-eltatawer.com/om/furniture-packaging-nizwa/,furniture-packaging-nizwa,furniture-packaging,nizwa,2113,1264,0.402,0,20,13,1,https://rukn-eltatawer.com/om/sea-freight-nizwa/,cross-service-duplicate,8,template_boilerplate|duplicate_similar|unexpanded_shortcodes|tel_in_content,Template/Boilerplate | Duplicate/Similar | Missing SEO Elements | Errors/Placeholders,Template/Boilerplate,"هيكل H2 مكرر على 1 مقالة، ونسبة الجمل المكررة 40%. تشابه مرتفع (hamming=8, cross-service-duplicate) مع https://rukn-eltatawer.com/om/sea-freight-nizwa/. شورت كود كيان غير مُفسَّر (أقسام ناقصة في HTML): [post_call], [post_features], [post_prices], [post_services], [post_steps]. ما زال هناك رابط اتصال هاتفي tel: داخل المحتوى."
1248,post,شركة نقل عفش مع التغليف في نزوى,https://rukn-eltatawer.com/om/furniture-moving-packaging-nizwa/,furniture-moving-packaging-nizwa,furniture-moving-packaging,nizwa,2182,1352,0.38,0,20,13,1,,,,template_boilerplate|unexpanded_shortcodes|tel_in_content,Template/Boilerplate | Missing SEO Elements | Errors/Placeholders,Template/Boilerplate,"هيكل H2 مكرر على 1 مقالة، ونسبة الجمل المكررة 38%. شورت كود كيان غير مُفسَّر (أقسام ناقصة في HTML): [post_call], [post_features], [post_prices], [post_services], [post_steps]. ما زال هناك رابط اتصال هاتفي tel: داخل المحتوى."
453,post,شركة تنظيف وتعقيم شامل في مسقط,https://rukn-eltatawer.com/om/deep-cleaning-muscat/,deep-cleaning-muscat,deep-cleaning,muscat,2364,1486,0.371,0,20,13,1,,,,template_boilerplate|unexpanded_shortcodes|tel_in_content|missing_meta,Template/Boilerplate | Missing SEO Elements | Errors/Placeholders,Template/Boilerplate,"هيكل H2 مكرر على 1 مقالة، ونسبة الجمل المكررة 37%. شورت كود كيان غير مُفسَّر (أقسام ناقصة في HTML): [post_call], [post_features], [post_prices], [post_services], [post_steps]. ما زال هناك رابط اتصال هاتفي tel: داخل المحتوى. صورة بارزة مفقودة أو مكررة (id=246)."
1272,post,شركة تركيب وفك الأثاث في نزوى,https://rukn-eltatawer.com/om/furniture-assembly-nizwa/,furniture-assembly-nizwa,furniture-assembly,nizwa,2112,1264,0.402,0,20,13,1,,,,template_boilerplate|unexpanded_shortcodes|tel_in_content,Template/Boilerplate | Missing SEO Elements | Errors/Placeholders,Template/Boilerplate,"هيكل H2 مكرر على 1 مقالة، ونسبة الجمل المكررة 40%. شورت كود كيان غير مُفسَّر (أقسام ناقصة في HTML): [post_call], [post_features], [post_prices], [post_services], [post_steps]. ما زال هناك رابط اتصال هاتفي tel: داخل المحتوى."
584,post,شركة صيانة ثلاجات في نزوى,https://rukn-eltatawer.com/om/fridge-maintenance-nizwa/,fridge-maintenance-nizwa,fridge-maintenance,nizwa,2116,1317,0.378,0,20,13,1,,,,template_boilerplate|unexpanded_shortcodes|tel_in_content,Template/Boilerplate | Missing SEO Elements | Errors/Placeholders,Template/Boilerplate,"هيكل H2 مكرر على 1 مقالة، ونسبة الجمل المكررة 38%. شورت كود كيان غير مُفسَّر (أقسام ناقصة في HTML): [post_call], [post_features], [post_prices], [post_services], [post_steps]. ما زال هناك رابط اتصال هاتفي tel: داخل المحتوى."
952,post,شركة تركيب سجاد أرضيات في نزوى,https://rukn-eltatawer.com/om/floor-carpeting-nizwa/,floor-carpeting-nizwa,floor-carpeting,nizwa,2162,1184,0.452,0,20,13,1,,,,template_boilerplate|unexpanded_shortcodes|tel_in_content,Template/Boilerplate | Missing SEO Elements | Errors/Placeholders,Template/Boilerplate,"هيكل H2 مكرر على 1 مقالة، ونسبة الجمل المكررة 45%. شورت كود كيان غير مُفسَّر (أقسام ناقصة في HTML): [post_call], [post_features], [post_prices], [post_services], [post_steps]. ما زال هناك رابط اتصال هاتفي tel: داخل المحتوى."
1384,post,شركة مكافحة البراغيث في نزوى,https://rukn-eltatawer.com/om/flea-control-nizwa/,flea-control-nizwa,flea-control,nizwa,2221,1429,0.357,0,20,13,1,,,,template_boilerplate|unexpanded_shortcodes|tel_in_content,Template/Boilerplate | Missing SEO Elements | Errors/Placeholders,Template/Boilerplate,"هيكل H2 مكرر على 1 مقالة، ونسبة الجمل المكررة 36%. شورت كود كيان غير مُفسَّر (أقسام ناقصة في HTML): [post_call], [post_features], [post_prices], [post_services], [post_steps]. ما زال هناك رابط اتصال هاتفي tel: داخل المحتوى."
936,post,شركة تركيب أسقف جبسية / فورسيلنج في نزوى,https://rukn-eltatawer.com/om/false-ceiling-nizwa/,false-ceiling-nizwa,false-ceiling,nizwa,2331,1388,0.405,0,20,13,1,,,,template_boilerplate|unexpanded_shortcodes|tel_in_content,Template/Boilerplate | Missing SEO Elements | Errors/Placeholders,Template/Boilerplate,"هيكل H2 مكرر على 1 مقالة، ونسبة الجمل المكررة 40%. شورت كود كيان غير مُفسَّر (أقسام ناقصة في HTML): [post_call], [post_features], [post_prices], [post_services], [post_steps]. ما زال هناك رابط اتصال هاتفي tel: داخل المحتوى."
492,post,شركة صيانة مباني في البريمي,https://rukn-eltatawer.com/om/building-maintenance-al-buraimi/,building-maintenance-al-buraimi,building-maintenance,al-buraimi,2055,1294,0.37,0,20,13,1,,,,template_boilerplate|unexpanded_shortcodes|tel_in_content,Template/Boilerplate | Missing SEO Elements | Errors/Placeholders,Template/Boilerplate,"هيكل H2 مكرر على 1 مقالة، ونسبة الجمل المكررة 37%. شورت كود كيان غير مُفسَّر (أقسام ناقصة في HTML): [post_call], [post_features], [post_prices], [post_services], [post_steps]. ما زال هناك رابط اتصال هاتفي tel: داخل المحتوى."
1584,post,شركة شحن طرود سريعة في نزوى,https://rukn-eltatawer.com/om/express-parcel-shipping-nizwa/,express-parcel-shipping-nizwa,express-parcel-shipping,nizwa,2139,1302,0.391,0,20,13,1,,,,template_boilerplate|unexpanded_shortcodes|tel_in_content,Template/Boilerplate | Missing SEO Elements | Errors/Placeholders,Template/Boilerplate,"هيكل H2 مكرر على 1 مقالة، ونسبة الجمل المكررة 39%. شورت كود كيان غير مُفسَّر (أقسام ناقصة في HTML): [post_call], [post_features], [post_prices], [post_services], [post_steps]. ما زال هناك رابط اتصال هاتفي tel: داخل المحتوى."
536,post,شركة صيانة مصاعد في نزوى,https://rukn-eltatawer.com/om/elevator-maintenance-nizwa/,elevator-maintenance-nizwa,elevator-maintenance,nizwa,2035,1215,0.403,0,20,12,1,https://rukn-eltatawer.com/om/plumbing-maintenance-nizwa/,cross-service-duplicate,6,template_boilerplate|duplicate_similar|unexpanded_shortcodes|tel_in_content,Template/Boilerplate | Duplicate/Similar | Missing SEO Elements | Errors/Placeholders,Template/Boilerplate,"هيكل H2 مكرر على 1 مقالة، ونسبة الجمل المكررة 40%. تشابه مرتفع (hamming=6, cross-service-duplicate) مع https://rukn-eltatawer.com/om/plumbing-maintenance-nizwa/. شورت كود كيان غير مُفسَّر (أقسام ناقصة في HTML): [post_call], [post_features], [post_prices], [post_services], [post_steps]. ما زال هناك رابط اتصال هاتفي tel: داخل المحتوى."
1704,post,شركة رش بويات كهربائي في نزوى,https://rukn-eltatawer.com/om/electric-spray-painting-nizwa/,electric-spray-painting-nizwa,electric-spray-painting,nizwa,2258,1414,0.374,0,20,13,1,https://rukn-eltatawer.com/om/landscaping-nizwa/,cross-service-duplicate,8,template_boilerplate|duplicate_similar|unexpanded_shortcodes|tel_in_content,Template/Boilerplate | Duplicate/Similar | Missing SEO Elements | Errors/Placeholders,Template/Boilerplate,"هيكل H2 مكرر على 1 مقالة، ونسبة الجمل المكررة 37%. تشابه مرتفع (hamming=8, cross-service-duplicate) مع https://rukn-eltatawer.com/om/landscaping-nizwa/. شورت كود كيان غير مُفسَّر (أقسام ناقصة في HTML): [post_call], [post_features], [post_prices], [post_services], [post_steps]. ما زال هناك رابط اتصال هاتفي tel: داخل المحتوى."
600,post,شركة صيانة نشافات في نزوى,https://rukn-eltatawer.com/om/dryer-maintenance-nizwa/,dryer-maintenance-nizwa,dryer-maintenance,nizwa,2116,1326,0.373,0,20,13,1,,,,template_boilerplate|unexpanded_shortcodes|tel_in_content,Template/Boilerplate | Missing SEO Elements | Errors/Placeholders,Template/Boilerplate,"هيكل H2 مكرر على 1 مقالة، ونسبة الجمل المكررة 37%. شورت كود كيان غير مُفسَّر (أقسام ناقصة في HTML): [post_call], [post_features], [post_prices], [post_services], [post_steps]. ما زال هناك رابط اتصال هاتفي tel: داخل المحتوى."
992,post,شركة تركيب أبواب في نزوى,https://rukn-eltatawer.com/om/doors-installation-nizwa/,doors-installation-nizwa,doors-installation,nizwa,2094,1256,0.4,0,20,13,1,,,,template_boilerplate|unexpanded_shortcodes|tel_in_content,Template/Boilerplate | Missing SEO Elements | Errors/Placeholders,Template/Boilerplate,"هيكل H2 مكرر على 1 مقالة، ونسبة الجمل المكررة 40%. شورت كود كيان غير مُفسَّر (أقسام ناقصة في HTML): [post_call], [post_features], [post_prices], [post_services], [post_steps]. ما زال هناك رابط اتصال هاتفي tel: داخل المحتوى."
490,post,شركة صيانة مباني في عبري,https://rukn-eltatawer.com/om/building-maintenance-ibri/,building-maintenance-ibri,building-maintenance,ibri,2086,1119,0.464,0,20,13,1,,,,template_boilerplate|unexpanded_shortcodes|tel_in_content,Template/Boilerplate | Missing SEO Elements | Errors/Placeholders,Template/Boilerplate,"هيكل H2 مكرر على 1 مقالة، ونسبة الجمل المكررة 46%. شورت كود كيان غير مُفسَّر (أقسام ناقصة في HTML): [post_call], [post_features], [post_prices], [post_services], [post_steps]. ما زال هناك رابط اتصال هاتفي tel: داخل المحتوى."
1592,post,شركة شحن داخلي داخل في نزوى,https://rukn-eltatawer.com/om/domestic-shipping-nizwa/,domestic-shipping-nizwa,domestic-shipping,nizwa,2210,1372,0.379,0,20,13,1,,,,template_boilerplate|unexpanded_shortcodes|tel_in_content,Template/Boilerplate | Missing SEO Elements | Errors/Placeholders,Template/Boilerplate,"هيكل H2 مكرر على 1 مقالة، ونسبة الجمل المكررة 38%. شورت كود كيان غير مُفسَّر (أقسام ناقصة في HTML): [post_call], [post_features], [post_prices], [post_services], [post_steps]. ما زال هناك رابط اتصال هاتفي tel: داخل المحتوى."
177,post,شركة تنظيف خزانات ديزل في نزوى,https://rukn-eltatawer.com/om/diesel-tank-cleaning-nizwa/,diesel-tank-cleaning-nizwa,diesel-tank-cleaning,nizwa,2264,1286,0.432,0,20,13,1,,,,template_boilerplate|unexpanded_shortcodes|tel_in_content,Template/Boilerplate | Missing SEO Elements | Errors/Placeholders,Template/Boilerplate,"هيكل H2 مكرر على 1 مقالة، ونسبة الجمل المكررة 43%. شورت كود كيان غير مُفسَّر (أقسام ناقصة في HTML): [post_call], [post_features], [post_prices], [post_services], [post_steps]. ما زال هناك رابط اتصال هاتفي tel: داخل المحتوى."
1712,post,شركة دهانات ديكورية وتأثيرات جدارية في نزوى,https://rukn-eltatawer.com/om/decorative-wall-effects-nizwa/,decorative-wall-effects-nizwa,decorative-wall-effects,nizwa,2232,1276,0.428,0,20,13,1,,,,template_boilerplate|unexpanded_shortcodes|tel_in_content,Template/Boilerplate | Missing SEO Elements | Errors/Placeholders,Template/Boilerplate,"هيكل H2 مكرر على 1 مقالة، ونسبة الجمل المكررة 43%. شورت كود كيان غير مُفسَّر (أقسام ناقصة في HTML): [post_call], [post_features], [post_prices], [post_services], [post_steps]. ما زال هناك رابط اتصال هاتفي tel: داخل المحتوى."
1096,post,شركة تصميم وتنفيذ ديكورات في نزوى,https://rukn-eltatawer.com/om/decor-design-nizwa/,decor-design-nizwa,decor-design,nizwa,2239,1229,0.451,0,20,13,1,,,,template_boilerplate|unexpanded_shortcodes|tel_in_content,Template/Boilerplate | Missing SEO Elements | Errors/Placeholders,Template/Boilerplate,"هيكل H2 مكرر على 1 مقالة، ونسبة الجمل المكررة 45%. شورت كود كيان غير مُفسَّر (أقسام ناقصة في HTML): [post_call], [post_features], [post_prices], [post_services], [post_steps]. ما زال هناك رابط اتصال هاتفي tel: داخل المحتوى."
213,post,شركة تنظيف ستائر في نزوى,https://rukn-eltatawer.com/om/curtain-cleaning-nizwa/,curtain-cleaning-nizwa,curtain-cleaning,nizwa,2188,1244,0.431,0,20,13,1,,,,template_boilerplate|unexpanded_shortcodes|tel_in_content,Template/Boilerplate | Missing SEO Elements | Errors/Placeholders,Template/Boilerplate,"هيكل H2 مكرر على 1 مقالة، ونسبة الجمل المكررة 43%. شورت كود كيان غير مُفسَّر (أقسام ناقصة في HTML): [post_call], [post_features], [post_prices], [post_services], [post_steps]. ما زال هناك رابط اتصال هاتفي tel: داخل المحتوى."
491,post,شركة صيانة مباني في الرستاق,https://rukn-eltatawer.com/om/building-maintenance-rustaq/,building-maintenance-rustaq,building-maintenance,rustaq,2100,1287,0.387,0,20,13,1,,,,template_boilerplate|unexpanded_shortcodes|tel_in_content,Template/Boilerplate | Missing SEO Elements | Errors/Placeholders,Template/Boilerplate,"هيكل H2 مكرر على 1 مقالة، ونسبة الجمل المكررة 39%. شورت كود كيان غير مُفسَّر (أقسام ناقصة في HTML): [post_call], [post_features], [post_prices], [post_services], [post_steps]. ما زال هناك رابط اتصال هاتفي tel: داخل المحتوى."
1448,post,شركة التعقيم بالكلور في نزوى,https://rukn-eltatawer.com/om/chlorine-disinfection-nizwa/,chlorine-disinfection-nizwa,chlorine-disinfection,nizwa,2212,1276,0.423,0,20,13,1,,,,template_boilerplate|unexpanded_shortcodes|tel_in_content,Template/Boilerplate | Missing SEO Elements | Errors/Placeholders,Template/Boilerplate,"هيكل H2 مكرر على 1 مقالة، ونسبة الجمل المكررة 42%. شورت كود كيان غير مُفسَّر (أقسام ناقصة في HTML): [post_call], [post_features], [post_prices], [post_services], [post_steps]. ما زال هناك رابط اتصال هاتفي tel: داخل المحتوى."
880,post,شركة تركيب سيراميك وبورسلين في نزوى,https://rukn-eltatawer.com/om/ceramic-porcelain-nizwa/,ceramic-porcelain-nizwa,ceramic-porcelain,nizwa,2189,1375,0.372,0,20,13,1,,,,template_boilerplate|unexpanded_shortcodes|tel_in_content,Template/Boilerplate | Missing SEO Elements | Errors/Placeholders,Template/Boilerplate,"هيكل H2 مكرر على 1 مقالة، ونسبة الجمل المكررة 37%. شورت كود كيان غير مُفسَّر (أقسام ناقصة في HTML): [post_call], [post_features], [post_prices], [post_services], [post_steps]. ما زال هناك رابط اتصال هاتفي tel: داخل المحتوى."
1840,post,شركة تركيب وصيانة سخانات مركزية في نزوى,https://rukn-eltatawer.com/om/central-heater-installation-maintenance-nizwa/,central-heater-installation-maintenance-nizwa,central-heater-installation-maintenance,nizwa,2158,1365,0.367,0,20,13,1,,,,template_boilerplate|unexpanded_shortcodes|tel_in_content,Template/Boilerplate | Missing SEO Elements | Errors/Placeholders,Template/Boilerplate,"هيكل H2 مكرر على 1 مقالة، ونسبة الجمل المكررة 37%. شورت كود كيان غير مُفسَّر (أقسام ناقصة في HTML): [post_call], [post_features], [post_prices], [post_services], [post_steps]. ما زال هناك رابط اتصال هاتفي tel: داخل المحتوى."
1480,post,نجار أثاث في نزوى,https://rukn-eltatawer.com/om/carpenter-nizwa/,carpenter-nizwa,carpenter,nizwa,2099,1313,0.374,0,20,13,1,,,,template_boilerplate|unexpanded_shortcodes|tel_in_content,Template/Boilerplate | Missing SEO Elements | Errors/Placeholders,Template/Boilerplate,"هيكل H2 مكرر على 1 مقالة، ونسبة الجمل المكررة 37%. شورت كود كيان غير مُفسَّر (أقسام ناقصة في HTML): [post_call], [post_features], [post_prices], [post_services], [post_steps]. ما زال هناك رابط اتصال هاتفي tel: داخل المحتوى."
1560,post,شركة شحن بضائع في نزوى,https://rukn-eltatawer.com/om/cargo-shipping-nizwa/,cargo-shipping-nizwa,cargo-shipping,nizwa,2109,1278,0.394,0,20,13,1,,,,template_boilerplate|unexpanded_shortcodes|tel_in_content,Template/Boilerplate | Missing SEO Elements | Errors/Placeholders,Template/Boilerplate,"هيكل H2 مكرر على 1 مقالة، ونسبة الجمل المكررة 39%. شورت كود كيان غير مُفسَّر (أقسام ناقصة في HTML): [post_call], [post_features], [post_prices], [post_services], [post_steps]. ما زال هناك رابط اتصال هاتفي tel: داخل المحتوى."
489,post,شركة صيانة مباني في صور,https://rukn-eltatawer.com/om/building-maintenance-sur/,building-maintenance-sur,building-maintenance,sur,2099,1266,0.397,0,20,13,1,,,,template_boilerplate|unexpanded_shortcodes|tel_in_content,Template/Boilerplate | Missing SEO Elements | Errors/Placeholders,Template/Boilerplate,"هيكل H2 مكرر على 1 مقالة، ونسبة الجمل المكررة 40%. شورت كود كيان غير مُفسَّر (أقسام ناقصة في HTML): [post_call], [post_features], [post_prices], [post_services], [post_steps]. ما زال هناك رابط اتصال هاتفي tel: داخل المحتوى."
1576,post,شركة شحن سيارات في نزوى,https://rukn-eltatawer.com/om/car-shipping-nizwa/,car-shipping-nizwa,car-shipping,nizwa,2155,1198,0.444,0,20,13,1,,,,template_boilerplate|unexpanded_shortcodes|tel_in_content,Template/Boilerplate | Missing SEO Elements | Errors/Placeholders,Template/Boilerplate,"هيكل H2 مكرر على 1 مقالة، ونسبة الجمل المكررة 44%. شورت كود كيان غير مُفسَّر (أقسام ناقصة في HTML): [post_call], [post_features], [post_prices], [post_services], [post_steps]. ما زال هناك رابط اتصال هاتفي tel: داخل المحتوى."
864,post,شركة تركيب طابوق في نزوى,https://rukn-eltatawer.com/om/brickwork-nizwa/,brickwork-nizwa,brickwork,nizwa,2015,1241,0.384,0,20,13,1,,,,template_boilerplate|unexpanded_shortcodes|tel_in_content,Template/Boilerplate | Missing SEO Elements | Errors/Placeholders,Template/Boilerplate,"هيكل H2 مكرر على 1 مقالة، ونسبة الجمل المكررة 38%. شورت كود كيان غير مُفسَّر (أقسام ناقصة في HTML): [post_call], [post_features], [post_prices], [post_services], [post_steps]. ما زال هناك رابط اتصال هاتفي tel: داخل المحتوى."
1072,post,شركة بناء أسوار طابوق في نزوى,https://rukn-eltatawer.com/om/block-fences-nizwa/,block-fences-nizwa,block-fences,nizwa,2024,1112,0.451,0,20,13,1,,,,template_boilerplate|unexpanded_shortcodes|tel_in_content,Template/Boilerplate | Missing SEO Elements | Errors/Placeholders,Template/Boilerplate,"هيكل H2 مكرر على 1 مقالة، ونسبة الجمل المكررة 45%. شورت كود كيان غير مُفسَّر (أقسام ناقصة في HTML): [post_call], [post_features], [post_prices], [post_services], [post_steps]. ما زال هناك رابط اتصال هاتفي tel: داخل المحتوى."
1488,post,حداد أبواب ونوافذ في نزوى,https://rukn-eltatawer.com/om/blacksmith-doors-windows-nizwa/,blacksmith-doors-windows-nizwa,blacksmith-doors-windows,nizwa,2091,1226,0.414,0,20,13,1,,,,template_boilerplate|unexpanded_shortcodes|tel_in_content,Template/Boilerplate | Missing SEO Elements | Errors/Placeholders,Template/Boilerplate,"هيكل H2 مكرر على 1 مقالة، ونسبة الجمل المكررة 41%. شورت كود كيان غير مُفسَّر (أقسام ناقصة في HTML): [post_call], [post_features], [post_prices], [post_services], [post_steps]. ما زال هناك رابط اتصال هاتفي tel: داخل المحتوى."
1543,post,فني أنظمة صوت منزلية في صحار,https://rukn-eltatawer.com/om/home-audio-tech-sohar/,home-audio-tech-sohar,home-audio-tech,sohar,2215,1425,0.357,0,20,13,1,,,,template_boilerplate|unexpanded_shortcodes|tel_in_content,Template/Boilerplate | Missing SEO Elements | Errors/Placeholders,Template/Boilerplate,"هيكل H2 مكرر على 1 مقالة، ونسبة الجمل المكررة 36%. شورت كود كيان غير مُفسَّر (أقسام ناقصة في HTML): [post_call], [post_features], [post_prices], [post_services], [post_steps]. ما زال هناك رابط اتصال هاتفي tel: داخل المحتوى."
1503,post,فني جبس بورد في صحار,https://rukn-eltatawer.com/om/gypsum-tech-sohar/,gypsum-tech-sohar,gypsum-tech,sohar,2165,1186,0.452,0,20,13,1,,,,template_boilerplate|unexpanded_shortcodes|tel_in_content,Template/Boilerplate | Missing SEO Elements | Errors/Placeholders,Template/Boilerplate,"هيكل H2 مكرر على 1 مقالة، ونسبة الجمل المكررة 45%. شورت كود كيان غير مُفسَّر (أقسام ناقصة في HTML): [post_call], [post_features], [post_prices], [post_services], [post_steps]. ما زال هناك رابط اتصال هاتفي tel: داخل المحتوى."
927,post,شركة تركيب جبس بورد في صحار,https://rukn-eltatawer.com/om/gypsum-board-sohar/,gypsum-board-sohar,gypsum-board,sohar,2168,1193,0.45,0,20,13,1,,,,template_boilerplate|unexpanded_shortcodes|tel_in_content,Template/Boilerplate | Missing SEO Elements | Errors/Placeholders,Template/Boilerplate,"هيكل H2 مكرر على 1 مقالة، ونسبة الجمل المكررة 45%. شورت كود كيان غير مُفسَّر (أقسام ناقصة في HTML): [post_call], [post_features], [post_prices], [post_services], [post_steps]. ما زال هناك رابط اتصال هاتفي tel: داخل المحتوى."
1655,post,شركة ديكورات جبس بورد في صحار,https://rukn-eltatawer.com/om/gypsum-board-decor-sohar/,gypsum-board-decor-sohar,gypsum-board-decor,sohar,2199,1102,0.499,0,20,13,1,,,,template_boilerplate|unexpanded_shortcodes|tel_in_content,Template/Boilerplate | Missing SEO Elements | Errors/Placeholders,Template/Boilerplate,"هيكل H2 مكرر على 1 مقالة، ونسبة الجمل المكررة 50%. شورت كود كيان غير مُفسَّر (أقسام ناقصة في HTML): [post_call], [post_features], [post_prices], [post_services], [post_steps]. ما زال هناك رابط اتصال هاتفي tel: داخل المحتوى."
967,post,شركة تركيب فواصل زجاجية وألومنيوم في صحار,https://rukn-eltatawer.com/om/glass-aluminium-partitions-sohar/,glass-aluminium-partitions-sohar,glass-aluminium-partitions,sohar,2113,1143,0.459,0,20,13,1,,,,template_boilerplate|unexpanded_shortcodes|tel_in_content,Template/Boilerplate | Missing SEO Elements | Errors/Placeholders,Template/Boilerplate,"هيكل H2 مكرر على 1 مقالة، ونسبة الجمل المكررة 46%. شورت كود كيان غير مُفسَّر (أقسام ناقصة في HTML): [post_call], [post_features], [post_prices], [post_services], [post_steps]. ما زال هناك رابط اتصال هاتفي tel: داخل المحتوى."
1751,post,شركة تمديدات كهربائية جديدة في صحار,https://rukn-eltatawer.com/om/new-electrical-wiring-sohar/,new-electrical-wiring-sohar,new-electrical-wiring,sohar,2201,1390,0.368,0,20,13,1,,,,template_boilerplate|unexpanded_shortcodes|tel_in_content,Template/Boilerplate | Missing SEO Elements | Errors/Placeholders,Template/Boilerplate,"هيكل H2 مكرر على 1 مقالة، ونسبة الجمل المكررة 37%. شورت كود كيان غير مُفسَّر (أقسام ناقصة في HTML): [post_call], [post_features], [post_prices], [post_services], [post_steps]. ما زال هناك رابط اتصال هاتفي tel: داخل المحتوى."
975,post,شركة تركيب زجاج وألوميتال في صحار,https://rukn-eltatawer.com/om/glass-alumetal-sohar/,glass-alumetal-sohar,glass-alumetal,sohar,2065,1298,0.371,0,20,13,1,,,,template_boilerplate|unexpanded_shortcodes|tel_in_content,Template/Boilerplate | Missing SEO Elements | Errors/Placeholders,Template/Boilerplate,"هيكل H2 مكرر على 1 مقالة، ونسبة الجمل المكررة 37%. شورت كود كيان غير مُفسَّر (أقسام ناقصة في HTML): [post_call], [post_features], [post_prices], [post_services], [post_steps]. ما زال هناك رابط اتصال هاتفي tel: داخل المحتوى."
1183,post,شركة إنشاء جلسات حدائق في صحار,https://rukn-eltatawer.com/om/garden-seating-sohar/,garden-seating-sohar,garden-seating,sohar,2209,1290,0.416,0,20,13,1,,,,template_boilerplate|unexpanded_shortcodes|tel_in_content|structural_error,Template/Boilerplate | Missing SEO Elements | Errors/Placeholders,Template/Boilerplate,"هيكل H2 مكرر على 1 مقالة، ونسبة الجمل المكررة 42%. شورت كود كيان غير مُفسَّر (أقسام ناقصة في HTML): [post_call], [post_features], [post_prices], [post_services], [post_steps]. ما زال هناك رابط اتصال هاتفي tel: داخل المحتوى. فقرتان متتاليتان متطابقتان."
1143,post,شركة تنظيف وتزيين الحدائق في صحار,https://rukn-eltatawer.com/om/garden-cleaning-sohar/,garden-cleaning-sohar,garden-cleaning,sohar,2231,1305,0.415,0,20,13,1,,,,template_boilerplate|unexpanded_shortcodes|tel_in_content|missing_meta,Template/Boilerplate | Missing SEO Elements | Errors/Placeholders,Template/Boilerplate,"هيكل H2 مكرر على 1 مقالة، ونسبة الجمل المكررة 42%. شورت كود كيان غير مُفسَّر (أقسام ناقصة في HTML): [post_call], [post_features], [post_prices], [post_services], [post_steps]. ما زال هناك رابط اتصال هاتفي tel: داخل المحتوى. صورة بارزة مفقودة أو مكررة (id=246)."
1279,post,شركة تخزين أثاث في صحار,https://rukn-eltatawer.com/om/furniture-storage-sohar/,furniture-storage-sohar,furniture-storage,sohar,2089,1264,0.395,0,20,13,1,,,,template_boilerplate|unexpanded_shortcodes|tel_in_content,Template/Boilerplate | Missing SEO Elements | Errors/Placeholders,Template/Boilerplate,"هيكل H2 مكرر على 1 مقالة، ونسبة الجمل المكررة 40%. شورت كود كيان غير مُفسَّر (أقسام ناقصة في HTML): [post_call], [post_features], [post_prices], [post_services], [post_steps]. ما زال هناك رابط اتصال هاتفي tel: داخل المحتوى."
1567,post,شركة شحن أثاث في صحار,https://rukn-eltatawer.com/om/furniture-shipping-sohar/,furniture-shipping-sohar,furniture-shipping,sohar,2078,1286,0.381,0,20,13,1,,,,template_boilerplate|unexpanded_shortcodes|tel_in_content|structural_error,Template/Boilerplate | Missing SEO Elements | Errors/Placeholders,Template/Boilerplate,"هيكل H2 مكرر على 1 مقالة، ونسبة الجمل المكررة 38%. شورت كود كيان غير مُفسَّر (أقسام ناقصة في HTML): [post_call], [post_features], [post_prices], [post_services], [post_steps]. ما زال هناك رابط اتصال هاتفي tel: داخل المحتوى. فقرتان متتاليتان متطابقتان."
1750,post,شركة تمديدات كهربائية جديدة في صلالة,https://rukn-eltatawer.com/om/new-electrical-wiring-salalah/,new-electrical-wiring-salalah,new-electrical-wiring,salalah,2215,1341,0.395,0,20,13,1,,,,template_boilerplate|unexpanded_shortcodes|tel_in_content,Template/Boilerplate | Missing SEO Elements | Errors/Placeholders,Template/Boilerplate,"هيكل H2 مكرر على 1 مقالة، ونسبة الجمل المكررة 40%. شورت كود كيان غير مُفسَّر (أقسام ناقصة في HTML): [post_call], [post_features], [post_prices], [post_services], [post_steps]. ما زال هناك رابط اتصال هاتفي tel: داخل المحتوى."
1263,post,شركة تغليف أثاث احترافي في صحار,https://rukn-eltatawer.com/om/furniture-packaging-sohar/,furniture-packaging-sohar,furniture-packaging,sohar,2127,1318,0.38,0,20,13,1,,,,template_boilerplate|unexpanded_shortcodes|tel_in_content,Template/Boilerplate | Missing SEO Elements | Errors/Placeholders,Template/Boilerplate,"هيكل H2 مكرر على 1 مقالة، ونسبة الجمل المكررة 38%. شورت كود كيان غير مُفسَّر (أقسام ناقصة في HTML): [post_call], [post_features], [post_prices], [post_services], [post_steps]. ما زال هناك رابط اتصال هاتفي tel: داخل المحتوى."
1247,post,شركة نقل عفش مع التغليف في صحار,https://rukn-eltatawer.com/om/furniture-moving-packaging-sohar/,furniture-moving-packaging-sohar,furniture-moving-packaging,sohar,2165,1353,0.375,0,20,13,1,,,,template_boilerplate|unexpanded_shortcodes|tel_in_content,Template/Boilerplate | Missing SEO Elements | Errors/Placeholders,Template/Boilerplate,"هيكل H2 مكرر على 1 مقالة، ونسبة الجمل المكررة 38%. شورت كود كيان غير مُفسَّر (أقسام ناقصة في HTML): [post_call], [post_features], [post_prices], [post_services], [post_steps]. ما زال هناك رابط اتصال هاتفي tel: داخل المحتوى."
1271,post,شركة تركيب وفك الأثاث في صحار,https://rukn-eltatawer.com/om/furniture-assembly-sohar/,furniture-assembly-sohar,furniture-assembly,sohar,2105,1197,0.431,0,20,13,1,https://rukn-eltatawer.com/om/false-ceiling-al-buraimi/,cross-service-duplicate,8,template_boilerplate|duplicate_similar|unexpanded_shortcodes|tel_in_content,Template/Boilerplate | Duplicate/Similar | Missing SEO Elements | Errors/Placeholders,Template/Boilerplate,"هيكل H2 مكرر على 1 مقالة، ونسبة الجمل المكررة 43%. تشابه مرتفع (hamming=8, cross-service-duplicate) مع https://rukn-eltatawer.com/om/false-ceiling-al-buraimi/. شورت كود كيان غير مُفسَّر (أقسام ناقصة في HTML): [post_call], [post_features], [post_prices], [post_services], [post_steps]. ما زال هناك رابط اتصال هاتفي tel: داخل المحتوى."
583,post,شركة صيانة ثلاجات في صحار,https://rukn-eltatawer.com/om/fridge-maintenance-sohar/,fridge-maintenance-sohar,fridge-maintenance,sohar,2096,1259,0.399,0,20,13,1,,,,template_boilerplate|unexpanded_shortcodes|tel_in_content,Template/Boilerplate | Missing SEO Elements | Errors/Placeholders,Template/Boilerplate,"هيكل H2 مكرر على 1 مقالة، ونسبة الجمل المكررة 40%. شورت كود كيان غير مُفسَّر (أقسام ناقصة في HTML): [post_call], [post_features], [post_prices], [post_services], [post_steps]. ما زال هناك رابط اتصال هاتفي tel: داخل المحتوى."
951,post,شركة تركيب سجاد أرضيات في صحار,https://rukn-eltatawer.com/om/floor-carpeting-sohar/,floor-carpeting-sohar,floor-carpeting,sohar,2110,1288,0.39,0,20,13,1,,,,template_boilerplate|unexpanded_shortcodes|tel_in_content,Template/Boilerplate | Missing SEO Elements | Errors/Placeholders,Template/Boilerplate,"هيكل H2 مكرر على 1 مقالة، ونسبة الجمل المكررة 39%. شورت كود كيان غير مُفسَّر (أقسام ناقصة في HTML): [post_call], [post_features], [post_prices], [post_services], [post_steps]. ما زال هناك رابط اتصال هاتفي tel: داخل المحتوى."
1749,post,شركة تمديدات كهربائية جديدة في مسقط,https://rukn-eltatawer.com/om/new-electrical-wiring-muscat/,new-electrical-wiring-muscat,new-electrical-wiring,muscat,2326,1539,0.338,0,20,13,1,,,,unexpanded_shortcodes|tel_in_content,Missing SEO Elements | Errors/Placeholders,Missing SEO Elements,"شورت كود كيان غير مُفسَّر (أقسام ناقصة في HTML): [post_call], [post_features], [post_prices], [post_services], [post_steps]. ما زال هناك رابط اتصال هاتفي tel: داخل المحتوى."
1383,post,شركة مكافحة البراغيث في صحار,https://rukn-eltatawer.com/om/flea-control-sohar/,flea-control-sohar,flea-control,sohar,2180,1282,0.412,0,20,13,1,,,,template_boilerplate|unexpanded_shortcodes|tel_in_content,Template/Boilerplate | Missing SEO Elements | Errors/Placeholders,Template/Boilerplate,"هيكل H2 مكرر على 1 مقالة، ونسبة الجمل المكررة 41%. شورت كود كيان غير مُفسَّر (أقسام ناقصة في HTML): [post_call], [post_features], [post_prices], [post_services], [post_steps]. ما زال هناك رابط اتصال هاتفي tel: داخل المحتوى."
935,post,شركة تركيب أسقف جبسية / فورسيلنج في صحار,https://rukn-eltatawer.com/om/false-ceiling-sohar/,false-ceiling-sohar,false-ceiling,sohar,2258,1259,0.442,0,20,13,1,,,,template_boilerplate|unexpanded_shortcodes|tel_in_content,Template/Boilerplate | Missing SEO Elements | Errors/Placeholders,Template/Boilerplate,"هيكل H2 مكرر على 1 مقالة، ونسبة الجمل المكررة 44%. شورت كود كيان غير مُفسَّر (أقسام ناقصة في HTML): [post_call], [post_features], [post_prices], [post_services], [post_steps]. ما زال هناك رابط اتصال هاتفي tel: داخل المحتوى."
1583,post,شركة شحن طرود سريعة في صحار,https://rukn-eltatawer.com/om/express-parcel-shipping-sohar/,express-parcel-shipping-sohar,express-parcel-shipping,sohar,2123,1339,0.369,0,20,13,1,,,,template_boilerplate|unexpanded_shortcodes|tel_in_content,Template/Boilerplate | Missing SEO Elements | Errors/Placeholders,Template/Boilerplate,"هيكل H2 مكرر على 1 مقالة، ونسبة الجمل المكررة 37%. شورت كود كيان غير مُفسَّر (أقسام ناقصة في HTML): [post_call], [post_features], [post_prices], [post_services], [post_steps]. ما زال هناك رابط اتصال هاتفي tel: داخل المحتوى."
535,post,شركة صيانة مصاعد في صحار,https://rukn-eltatawer.com/om/elevator-maintenance-sohar/,elevator-maintenance-sohar,elevator-maintenance,sohar,2026,1172,0.422,0,20,12,1,,,,template_boilerplate|unexpanded_shortcodes|tel_in_content,Template/Boilerplate | Missing SEO Elements | Errors/Placeholders,Template/Boilerplate,"هيكل H2 مكرر على 1 مقالة، ونسبة الجمل المكررة 42%. شورت كود كيان غير مُفسَّر (أقسام ناقصة في HTML): [post_call], [post_features], [post_prices], [post_services], [post_steps]. ما زال هناك رابط اتصال هاتفي tel: داخل المحتوى."
1703,post,شركة رش بويات كهربائي في صحار,https://rukn-eltatawer.com/om/electric-spray-painting-sohar/,electric-spray-painting-sohar,electric-spray-painting,sohar,2225,1466,0.341,0,20,13,1,,,,unexpanded_shortcodes|tel_in_content,Missing SEO Elements | Errors/Placeholders,Missing SEO Elements,"شورت كود كيان غير مُفسَّر (أقسام ناقصة في HTML): [post_call], [post_features], [post_prices], [post_services], [post_steps]. ما زال هناك رابط اتصال هاتفي tel: داخل المحتوى."
1748,post,شركة صيانة لوحات كهرباء في البريمي,https://rukn-eltatawer.com/om/electric-panel-maintenance-al-buraimi/,electric-panel-maintenance-al-buraimi,electric-panel-maintenance,al-buraimi,2193,1241,0.434,0,20,13,1,,,,template_boilerplate|unexpanded_shortcodes|tel_in_content,Template/Boilerplate | Missing SEO Elements | Errors/Placeholders,Template/Boilerplate,"هيكل H2 مكرر على 1 مقالة، ونسبة الجمل المكررة 43%. شورت كود كيان غير مُفسَّر (أقسام ناقصة في HTML): [post_call], [post_features], [post_prices], [post_services], [post_steps]. ما زال هناك رابط اتصال هاتفي tel: داخل المحتوى."
599,post,شركة صيانة نشافات في صحار,https://rukn-eltatawer.com/om/dryer-maintenance-sohar/,dryer-maintenance-sohar,dryer-maintenance,sohar,2100,1279,0.391,0,20,13,1,,,,template_boilerplate|unexpanded_shortcodes|tel_in_content,Template/Boilerplate | Missing SEO Elements | Errors/Placeholders,Template/Boilerplate,"هيكل H2 مكرر على 1 مقالة، ونسبة الجمل المكررة 39%. شورت كود كيان غير مُفسَّر (أقسام ناقصة في HTML): [post_call], [post_features], [post_prices], [post_services], [post_steps]. ما زال هناك رابط اتصال هاتفي tel: داخل المحتوى."
991,post,شركة تركيب أبواب في صحار,https://rukn-eltatawer.com/om/doors-installation-sohar/,doors-installation-sohar,doors-installation,sohar,2061,1232,0.402,0,20,13,1,,,,template_boilerplate|unexpanded_shortcodes|tel_in_content,Template/Boilerplate | Missing SEO Elements | Errors/Placeholders,Template/Boilerplate,"هيكل H2 مكرر على 1 مقالة، ونسبة الجمل المكررة 40%. شورت كود كيان غير مُفسَّر (أقسام ناقصة في HTML): [post_call], [post_features], [post_prices], [post_services], [post_steps]. ما زال هناك رابط اتصال هاتفي tel: داخل المحتوى."
1591,post,شركة شحن داخلي داخل في صحار,https://rukn-eltatawer.com/om/domestic-shipping-sohar/,domestic-shipping-sohar,domestic-shipping,sohar,2170,1327,0.388,0,20,13,1,,,,template_boilerplate|unexpanded_shortcodes|tel_in_content,Template/Boilerplate | Missing SEO Elements | Errors/Placeholders,Template/Boilerplate,"هيكل H2 مكرر على 1 مقالة، ونسبة الجمل المكررة 39%. شورت كود كيان غير مُفسَّر (أقسام ناقصة في HTML): [post_call], [post_features], [post_prices], [post_services], [post_steps]. ما زال هناك رابط اتصال هاتفي tel: داخل المحتوى."
176,post,شركة تنظيف خزانات ديزل في صحار,https://rukn-eltatawer.com/om/diesel-tank-cleaning-sohar/,diesel-tank-cleaning-sohar,diesel-tank-cleaning,sohar,2244,1221,0.456,0,20,13,1,,,,template_boilerplate|unexpanded_shortcodes|tel_in_content,Template/Boilerplate | Missing SEO Elements | Errors/Placeholders,Template/Boilerplate,"هيكل H2 مكرر على 1 مقالة، ونسبة الجمل المكررة 46%. شورت كود كيان غير مُفسَّر (أقسام ناقصة في HTML): [post_call], [post_features], [post_prices], [post_services], [post_steps]. ما زال هناك رابط اتصال هاتفي tel: داخل المحتوى."
1711,post,شركة دهانات ديكورية وتأثيرات جدارية في صحار,https://rukn-eltatawer.com/om/decorative-wall-effects-sohar/,decorative-wall-effects-sohar,decorative-wall-effects,sohar,2221,1288,0.42,0,20,13,1,,,,template_boilerplate|unexpanded_shortcodes|tel_in_content|structural_error,Template/Boilerplate | Missing SEO Elements | Errors/Placeholders,Template/Boilerplate,"هيكل H2 مكرر على 1 مقالة، ونسبة الجمل المكررة 42%. شورت كود كيان غير مُفسَّر (أقسام ناقصة في HTML): [post_call], [post_features], [post_prices], [post_services], [post_steps]. ما زال هناك رابط اتصال هاتفي tel: داخل المحتوى. فقرتان متتاليتان متطابقتان."
1746,post,شركة صيانة لوحات كهرباء في عبري,https://rukn-eltatawer.com/om/electric-panel-maintenance-ibri/,electric-panel-maintenance-ibri,electric-panel-maintenance,ibri,2194,1320,0.398,0,20,13,1,https://rukn-eltatawer.com/om/stove-maintenance-sohar/,cross-service-duplicate,8,template_boilerplate|duplicate_similar|unexpanded_shortcodes|tel_in_content,Template/Boilerplate | Duplicate/Similar | Missing SEO Elements | Errors/Placeholders,Template/Boilerplate,"هيكل H2 مكرر على 1 مقالة، ونسبة الجمل المكررة 40%. تشابه مرتفع (hamming=8, cross-service-duplicate) مع https://rukn-eltatawer.com/om/stove-maintenance-sohar/. شورت كود كيان غير مُفسَّر (أقسام ناقصة في HTML): [post_call], [post_features], [post_prices], [post_services], [post_steps]. ما زال هناك رابط اتصال هاتفي tel: داخل المحتوى."
1095,post,شركة تصميم وتنفيذ ديكورات في صحار,https://rukn-eltatawer.com/om/decor-design-sohar/,decor-design-sohar,decor-design,sohar,2227,1195,0.463,0,20,13,1,,,,template_boilerplate|unexpanded_shortcodes|tel_in_content,Template/Boilerplate | Missing SEO Elements | Errors/Placeholders,Template/Boilerplate,"هيكل H2 مكرر على 1 مقالة، ونسبة الجمل المكررة 46%. شورت كود كيان غير مُفسَّر (أقسام ناقصة في HTML): [post_call], [post_features], [post_prices], [post_services], [post_steps]. ما زال هناك رابط اتصال هاتفي tel: داخل المحتوى."
212,post,شركة تنظيف ستائر في صحار,https://rukn-eltatawer.com/om/curtain-cleaning-sohar/,curtain-cleaning-sohar,curtain-cleaning,sohar,2199,1238,0.437,0,20,13,1,,,,template_boilerplate|unexpanded_shortcodes|tel_in_content,Template/Boilerplate | Missing SEO Elements | Errors/Placeholders,Template/Boilerplate,"هيكل H2 مكرر على 1 مقالة، ونسبة الجمل المكررة 44%. شورت كود كيان غير مُفسَّر (أقسام ناقصة في HTML): [post_call], [post_features], [post_prices], [post_services], [post_steps]. ما زال هناك رابط اتصال هاتفي tel: داخل المحتوى."
1447,post,شركة التعقيم بالكلور في صحار,https://rukn-eltatawer.com/om/chlorine-disinfection-sohar/,chlorine-disinfection-sohar,chlorine-disinfection,sohar,2193,1171,0.466,0,20,13,1,,,,template_boilerplate|unexpanded_shortcodes|tel_in_content,Template/Boilerplate | Missing SEO Elements | Errors/Placeholders,Template/Boilerplate,"هيكل H2 مكرر على 1 مقالة، ونسبة الجمل المكررة 47%. شورت كود كيان غير مُفسَّر (أقسام ناقصة في HTML): [post_call], [post_features], [post_prices], [post_services], [post_steps]. ما زال هناك رابط اتصال هاتفي tel: داخل المحتوى."
879,post,شركة تركيب سيراميك وبورسلين في صحار,https://rukn-eltatawer.com/om/ceramic-porcelain-sohar/,ceramic-porcelain-sohar,ceramic-porcelain,sohar,2084,1259,0.396,0,20,13,1,,,,template_boilerplate|unexpanded_shortcodes|tel_in_content,Template/Boilerplate | Missing SEO Elements | Errors/Placeholders,Template/Boilerplate,"هيكل H2 مكرر على 1 مقالة، ونسبة الجمل المكررة 40%. شورت كود كيان غير مُفسَّر (أقسام ناقصة في HTML): [post_call], [post_features], [post_prices], [post_services], [post_steps]. ما زال هناك رابط اتصال هاتفي tel: داخل المحتوى."
1839,post,شركة تركيب وصيانة سخانات مركزية في صحار,https://rukn-eltatawer.com/om/central-heater-installation-maintenance-sohar/,central-heater-installation-maintenance-sohar,central-heater-installation-maintenance,sohar,2157,1303,0.396,0,20,13,1,,,,template_boilerplate|unexpanded_shortcodes|tel_in_content,Template/Boilerplate | Missing SEO Elements | Errors/Placeholders,Template/Boilerplate,"هيكل H2 مكرر على 1 مقالة، ونسبة الجمل المكررة 40%. شورت كود كيان غير مُفسَّر (أقسام ناقصة في HTML): [post_call], [post_features], [post_prices], [post_services], [post_steps]. ما زال هناك رابط اتصال هاتفي tel: داخل المحتوى."
1747,post,شركة صيانة لوحات كهرباء في الرستاق,https://rukn-eltatawer.com/om/electric-panel-maintenance-rustaq/,electric-panel-maintenance-rustaq,electric-panel-maintenance,rustaq,2219,1354,0.39,0,20,13,1,,,,template_boilerplate|unexpanded_shortcodes|tel_in_content,Template/Boilerplate | Missing SEO Elements | Errors/Placeholders,Template/Boilerplate,"هيكل H2 مكرر على 1 مقالة، ونسبة الجمل المكررة 39%. شورت كود كيان غير مُفسَّر (أقسام ناقصة في HTML): [post_call], [post_features], [post_prices], [post_services], [post_steps]. ما زال هناك رابط اتصال هاتفي tel: داخل المحتوى."
1479,post,نجار أثاث في صحار,https://rukn-eltatawer.com/om/carpenter-sohar/,carpenter-sohar,carpenter,sohar,2061,1263,0.387,0,20,13,1,,,,template_boilerplate|unexpanded_shortcodes|tel_in_content,Template/Boilerplate | Missing SEO Elements | Errors/Placeholders,Template/Boilerplate,"هيكل H2 مكرر على 1 مقالة، ونسبة الجمل المكررة 39%. شورت كود كيان غير مُفسَّر (أقسام ناقصة في HTML): [post_call], [post_features], [post_prices], [post_services], [post_steps]. ما زال هناك رابط اتصال هاتفي tel: داخل المحتوى."
1559,post,شركة شحن بضائع في صحار,https://rukn-eltatawer.com/om/cargo-shipping-sohar/,cargo-shipping-sohar,cargo-shipping,sohar,2101,1340,0.362,0,20,13,1,,,,template_boilerplate|unexpanded_shortcodes|tel_in_content,Template/Boilerplate | Missing SEO Elements | Errors/Placeholders,Template/Boilerplate,"هيكل H2 مكرر على 1 مقالة، ونسبة الجمل المكررة 36%. شورت كود كيان غير مُفسَّر (أقسام ناقصة في HTML): [post_call], [post_features], [post_prices], [post_services], [post_steps]. ما زال هناك رابط اتصال هاتفي tel: داخل المحتوى."
1575,post,شركة شحن سيارات في صحار,https://rukn-eltatawer.com/om/car-shipping-sohar/,car-shipping-sohar,car-shipping,sohar,2096,1248,0.405,0,20,13,1,,,,template_boilerplate|unexpanded_shortcodes|tel_in_content,Template/Boilerplate | Missing SEO Elements | Errors/Placeholders,Template/Boilerplate,"هيكل H2 مكرر على 1 مقالة، ونسبة الجمل المكررة 40%. شورت كود كيان غير مُفسَّر (أقسام ناقصة في HTML): [post_call], [post_features], [post_prices], [post_services], [post_steps]. ما زال هناك رابط اتصال هاتفي tel: داخل المحتوى."
863,post,شركة تركيب طابوق في صحار,https://rukn-eltatawer.com/om/brickwork-sohar/,brickwork-sohar,brickwork,sohar,1975,1177,0.404,0,20,13,1,,,,template_boilerplate|unexpanded_shortcodes|tel_in_content,Template/Boilerplate | Missing SEO Elements | Errors/Placeholders,Template/Boilerplate,"هيكل H2 مكرر على 1 مقالة، ونسبة الجمل المكررة 40%. شورت كود كيان غير مُفسَّر (أقسام ناقصة في HTML): [post_call], [post_features], [post_prices], [post_services], [post_steps]. ما زال هناك رابط اتصال هاتفي tel: داخل المحتوى."
1071,post,شركة بناء أسوار طابوق في صحار,https://rukn-eltatawer.com/om/block-fences-sohar/,block-fences-sohar,block-fences,sohar,2021,1288,0.363,0,20,13,1,,,,template_boilerplate|unexpanded_shortcodes|tel_in_content,Template/Boilerplate | Missing SEO Elements | Errors/Placeholders,Template/Boilerplate,"هيكل H2 مكرر على 1 مقالة، ونسبة الجمل المكررة 36%. شورت كود كيان غير مُفسَّر (أقسام ناقصة في HTML): [post_call], [post_features], [post_prices], [post_services], [post_steps]. ما زال هناك رابط اتصال هاتفي tel: داخل المحتوى."
1745,post,شركة صيانة لوحات كهرباء في صور,https://rukn-eltatawer.com/om/electric-panel-maintenance-sur/,electric-panel-maintenance-sur,electric-panel-maintenance,sur,2208,1360,0.384,0,20,13,1,,,,template_boilerplate|unexpanded_shortcodes|tel_in_content,Template/Boilerplate | Missing SEO Elements | Errors/Placeholders,Template/Boilerplate,"هيكل H2 مكرر على 1 مقالة، ونسبة الجمل المكررة 38%. شورت كود كيان غير مُفسَّر (أقسام ناقصة في HTML): [post_call], [post_features], [post_prices], [post_services], [post_steps]. ما زال هناك رابط اتصال هاتفي tel: داخل المحتوى."
1487,post,حداد أبواب ونوافذ في صحار,https://rukn-eltatawer.com/om/blacksmith-doors-windows-sohar/,blacksmith-doors-windows-sohar,blacksmith-doors-windows,sohar,2044,1189,0.418,0,20,13,1,,,,template_boilerplate|unexpanded_shortcodes|tel_in_content,Template/Boilerplate | Missing SEO Elements | Errors/Placeholders,Template/Boilerplate,"هيكل H2 مكرر على 1 مقالة، ونسبة الجمل المكررة 42%. شورت كود كيان غير مُفسَّر (أقسام ناقصة في HTML): [post_call], [post_features], [post_prices], [post_services], [post_steps]. ما زال هناك رابط اتصال هاتفي tel: داخل المحتوى."
1431,post,شركة تركيب أجهزة صوتية لطرد الطيور في صحار,https://rukn-eltatawer.com/om/bird-sound-device-sohar/,bird-sound-device-sohar,bird-sound-device,sohar,2342,1503,0.358,0,20,13,1,https://rukn-eltatawer.com/om/kitchen-renovation-sohar/,cross-service-duplicate,8,template_boilerplate|duplicate_similar|unexpanded_shortcodes|tel_in_content,Template/Boilerplate | Duplicate/Similar | Missing SEO Elements | Errors/Placeholders,Template/Boilerplate,"هيكل H2 مكرر على 1 مقالة، ونسبة الجمل المكررة 36%. تشابه مرتفع (hamming=8, cross-service-duplicate) مع https://rukn-eltatawer.com/om/kitchen-renovation-sohar/. شورت كود كيان غير مُفسَّر (أقسام ناقصة في HTML): [post_call], [post_features], [post_prices], [post_services], [post_steps]. ما زال هناك رابط اتصال هاتفي tel: داخل المحتوى."
1399,post,شركة مكافحة الطيور في صحار,https://rukn-eltatawer.com/om/bird-control-sohar/,bird-control-sohar,bird-control,sohar,2255,1517,0.327,0,20,13,1,,,,unexpanded_shortcodes|tel_in_content,Missing SEO Elements | Errors/Placeholders,Missing SEO Elements,"شورت كود كيان غير مُفسَّر (أقسام ناقصة في HTML): [post_call], [post_features], [post_prices], [post_services], [post_steps]. ما زال هناك رابط اتصال هاتفي tel: داخل المحتوى."
1159,post,شركة تركيب شبكات ري أوتوماتيكية في صحار,https://rukn-eltatawer.com/om/automatic-irrigation-sohar/,automatic-irrigation-sohar,automatic-irrigation,sohar,2219,1255,0.434,0,20,13,1,,,,template_boilerplate|unexpanded_shortcodes|tel_in_content,Template/Boilerplate | Missing SEO Elements | Errors/Placeholders,Template/Boilerplate,"هيكل H2 مكرر على 1 مقالة، ونسبة الجمل المكررة 43%. شورت كود كيان غير مُفسَّر (أقسام ناقصة في HTML): [post_call], [post_features], [post_prices], [post_services], [post_steps]. ما زال هناك رابط اتصال هاتفي tel: داخل المحتوى."
551,post,شركة صيانة أبواب أوتوماتيكية في صحار,https://rukn-eltatawer.com/om/automatic-doors-maintenance-sohar/,automatic-doors-maintenance-sohar,automatic-doors-maintenance,sohar,2043,1249,0.389,0,20,12,1,,,,template_boilerplate|unexpanded_shortcodes|tel_in_content,Template/Boilerplate | Missing SEO Elements | Errors/Placeholders,Template/Boilerplate,"هيكل H2 مكرر على 1 مقالة، ونسبة الجمل المكررة 39%. شورت كود كيان غير مُفسَّر (أقسام ناقصة في HTML): [post_call], [post_features], [post_prices], [post_services], [post_steps]. ما زال هناك رابط اتصال هاتفي tel: داخل المحتوى."
1744,post,شركة صيانة لوحات كهرباء في نزوى,https://rukn-eltatawer.com/om/electric-panel-maintenance-nizwa/,electric-panel-maintenance-nizwa,electric-panel-maintenance,nizwa,2267,1386,0.389,0,20,13,1,,,,template_boilerplate|unexpanded_shortcodes|tel_in_content,Template/Boilerplate | Missing SEO Elements | Errors/Placeholders,Template/Boilerplate,"هيكل H2 مكرر على 1 مقالة، ونسبة الجمل المكررة 39%. شورت كود كيان غير مُفسَّر (أقسام ناقصة في HTML): [post_call], [post_features], [post_prices], [post_services], [post_steps]. ما زال هناك رابط اتصال هاتفي tel: داخل المحتوى."
1215,post,شركة تركيب شلالات اصطناعية في صحار,https://rukn-eltatawer.com/om/artificial-waterfall-sohar/,artificial-waterfall-sohar,artificial-waterfall,sohar,2099,1302,0.38,0,20,13,1,,,,template_boilerplate|unexpanded_shortcodes|tel_in_content,Template/Boilerplate | Missing SEO Elements | Errors/Placeholders,Template/Boilerplate,"هيكل H2 مكرر على 1 مقالة، ونسبة الجمل المكررة 38%. شورت كود كيان غير مُفسَّر (أقسام ناقصة في HTML): [post_call], [post_features], [post_prices], [post_services], [post_steps]. ما زال هناك رابط اتصال هاتفي tel: داخل المحتوى."
1015,post,شركة تركيب عشب صناعي في صحار,https://rukn-eltatawer.com/om/artificial-grass-sohar/,artificial-grass-sohar,artificial-grass,sohar,2167,1205,0.444,0,20,13,1,,,,template_boilerplate|unexpanded_shortcodes|tel_in_content,Template/Boilerplate | Missing SEO Elements | Errors/Placeholders,Template/Boilerplate,"هيكل H2 مكرر على 1 مقالة، ونسبة الجمل المكررة 44%. شورت كود كيان غير مُفسَّر (أقسام ناقصة في HTML): [post_call], [post_features], [post_prices], [post_services], [post_steps]. ما زال هناك رابط اتصال هاتفي tel: داخل المحتوى."
575,post,شركة صيانة الأجهزة الكهربائية في صحار,https://rukn-eltatawer.com/om/appliance-maintenance-sohar/,appliance-maintenance-sohar,appliance-maintenance,sohar,2186,1339,0.387,0,20,13,1,,,,template_boilerplate|unexpanded_shortcodes|tel_in_content,Template/Boilerplate | Missing SEO Elements | Errors/Placeholders,Template/Boilerplate,"هيكل H2 مكرر على 1 مقالة، ونسبة الجمل المكررة 39%. شورت كود كيان غير مُفسَّر (أقسام ناقصة في HTML): [post_call], [post_features], [post_prices], [post_services], [post_steps]. ما زال هناك رابط اتصال هاتفي tel: داخل المحتوى."
1031,post,شركة بناء ملاحق في صحار,https://rukn-eltatawer.com/om/annex-building-sohar/,annex-building-sohar,annex-building,sohar,2035,1131,0.444,0,20,13,1,,,,template_boilerplate|unexpanded_shortcodes|tel_in_content,Template/Boilerplate | Missing SEO Elements | Errors/Placeholders,Template/Boilerplate,"هيكل H2 مكرر على 1 مقالة، ونسبة الجمل المكررة 44%. شورت كود كيان غير مُفسَّر (أقسام ناقصة في HTML): [post_call], [post_features], [post_prices], [post_services], [post_steps]. ما زال هناك رابط اتصال هاتفي tel: داخل المحتوى."
679,post,شركة تركيب وصيانة أنظمة تنقية الهواء في صحار,https://rukn-eltatawer.com/om/air-purification-sohar/,air-purification-sohar,air-purification,sohar,2333,1440,0.383,0,20,13,1,,,,template_boilerplate|unexpanded_shortcodes|tel_in_content,Template/Boilerplate | Missing SEO Elements | Errors/Placeholders,Template/Boilerplate,"هيكل H2 مكرر على 1 مقالة، ونسبة الجمل المكررة 38%. شورت كود كيان غير مُفسَّر (أقسام ناقصة في HTML): [post_call], [post_features], [post_prices], [post_services], [post_steps]. ما زال هناك رابط اتصال هاتفي tel: داخل المحتوى."
1743,post,شركة صيانة لوحات كهرباء في صحار,https://rukn-eltatawer.com/om/electric-panel-maintenance-sohar/,electric-panel-maintenance-sohar,electric-panel-maintenance,sohar,2240,1452,0.352,0,20,13,1,,,,template_boilerplate|unexpanded_shortcodes|tel_in_content,Template/Boilerplate | Missing SEO Elements | Errors/Placeholders,Template/Boilerplate,"هيكل H2 مكرر على 1 مقالة، ونسبة الجمل المكررة 35%. شورت كود كيان غير مُفسَّر (أقسام ناقصة في HTML): [post_call], [post_features], [post_prices], [post_services], [post_steps]. ما زال هناك رابط اتصال هاتفي tel: داخل المحتوى."
1615,post,شركة شحن دولي جوي في صحار,https://rukn-eltatawer.com/om/air-freight-sohar/,air-freight-sohar,air-freight,sohar,2114,1224,0.421,0,20,13,1,,,,template_boilerplate|unexpanded_shortcodes|tel_in_content,Template/Boilerplate | Missing SEO Elements | Errors/Placeholders,Template/Boilerplate,"هيكل H2 مكرر على 1 مقالة، ونسبة الجمل المكررة 42%. شورت كود كيان غير مُفسَّر (أقسام ناقصة في HTML): [post_call], [post_features], [post_prices], [post_services], [post_steps]. ما زال هناك رابط اتصال هاتفي tel: داخل المحتوى."
1198,post,شركة تركيب عرائش خشبية في صلالة,https://rukn-eltatawer.com/om/wooden-arbor-installation-salalah/,wooden-arbor-installation-salalah,wooden-arbor-installation,salalah,2210,1104,0.5,0,20,13,1,https://rukn-eltatawer.com/om/wall-grass-sohar/,cross-service-duplicate,7,template_boilerplate|duplicate_similar|unexpanded_shortcodes|tel_in_content,Template/Boilerplate | Duplicate/Similar | Missing SEO Elements | Errors/Placeholders,Template/Boilerplate,"هيكل H2 مكرر على 1 مقالة، ونسبة الجمل المكررة 50%. تشابه مرتفع (hamming=7, cross-service-duplicate) مع https://rukn-eltatawer.com/om/wall-grass-sohar/. شورت كود كيان غير مُفسَّر (أقسام ناقصة في HTML): [post_call], [post_features], [post_prices], [post_services], [post_steps]. ما زال هناك رابط اتصال هاتفي tel: داخل المحتوى."
1718,post,شركة دهان أبواب وشبابيك خشبية في صلالة,https://rukn-eltatawer.com/om/wood-doors-windows-painting-salalah/,wood-doors-windows-painting-salalah,wood-doors-windows-painting,salalah,2272,1340,0.41,0,20,13,1,,,,template_boilerplate|unexpanded_shortcodes|tel_in_content,Template/Boilerplate | Missing SEO Elements | Errors/Placeholders,Template/Boilerplate,"هيكل H2 مكرر على 1 مقالة، ونسبة الجمل المكررة 41%. شورت كود كيان غير مُفسَّر (أقسام ناقصة في HTML): [post_call], [post_features], [post_prices], [post_services], [post_steps]. ما زال هناك رابط اتصال هاتفي tel: داخل المحتوى."
998,post,شركة تركيب شبابيك في صلالة,https://rukn-eltatawer.com/om/windows-installation-salalah/,windows-installation-salalah,windows-installation,salalah,2110,1275,0.396,0,20,13,1,,,,template_boilerplate|unexpanded_shortcodes|tel_in_content,Template/Boilerplate | Missing SEO Elements | Errors/Placeholders,Template/Boilerplate,"هيكل H2 مكرر على 1 مقالة، ونسبة الجمل المكررة 40%. شورت كود كيان غير مُفسَّر (أقسام ناقصة في HTML): [post_call], [post_features], [post_prices], [post_services], [post_steps]. ما زال هناك رابط اتصال هاتفي tel: داخل المحتوى."
622,post,شركة صيانة مبردات مياه في صلالة,https://rukn-eltatawer.com/om/water-cooler-maintenance-salalah/,water-cooler-maintenance-salalah,water-cooler-maintenance,salalah,2155,1345,0.376,0,20,13,1,,,,template_boilerplate|unexpanded_shortcodes|tel_in_content,Template/Boilerplate | Missing SEO Elements | Errors/Placeholders,Template/Boilerplate,"هيكل H2 مكرر على 1 مقالة، ونسبة الجمل المكررة 38%. شورت كود كيان غير مُفسَّر (أقسام ناقصة في HTML): [post_call], [post_features], [post_prices], [post_services], [post_steps]. ما زال هناك رابط اتصال هاتفي tel: داخل المحتوى."
1742,post,شركة صيانة لوحات كهرباء في صلالة,https://rukn-eltatawer.com/om/electric-panel-maintenance-salalah/,electric-panel-maintenance-salalah,electric-panel-maintenance,salalah,2237,1373,0.386,0,20,13,1,,,,template_boilerplate|unexpanded_shortcodes|tel_in_content,Template/Boilerplate | Missing SEO Elements | Errors/Placeholders,Template/Boilerplate,"هيكل H2 مكرر على 1 مقالة، ونسبة الجمل المكررة 39%. شورت كود كيان غير مُفسَّر (أقسام ناقصة في HTML): [post_call], [post_features], [post_prices], [post_services], [post_steps]. ما زال هناك رابط اتصال هاتفي tel: داخل المحتوى."
590,post,شركة صيانة غسالات في صلالة,https://rukn-eltatawer.com/om/washer-maintenance-salalah/,washer-maintenance-salalah,washer-maintenance,salalah,2132,1321,0.38,0,20,13,1,,,,template_boilerplate|unexpanded_shortcodes|tel_in_content,Template/Boilerplate | Missing SEO Elements | Errors/Placeholders,Template/Boilerplate,"هيكل H2 مكرر على 1 مقالة، ونسبة الجمل المكررة 38%. شورت كود كيان غير مُفسَّر (أقسام ناقصة في HTML): [post_call], [post_features], [post_prices], [post_services], [post_steps]. ما زال هناك رابط اتصال هاتفي tel: داخل المحتوى."
942,post,شركة تركيب ورق جدران في صلالة,https://rukn-eltatawer.com/om/wallpaper-salalah/,wallpaper-salalah,wallpaper,salalah,2255,1247,0.447,0,20,13,1,,,,template_boilerplate|unexpanded_shortcodes|tel_in_content,Template/Boilerplate | Missing SEO Elements | Errors/Placeholders,Template/Boilerplate,"هيكل H2 مكرر على 1 مقالة، ونسبة الجمل المكررة 45%. شورت كود كيان غير مُفسَّر (أقسام ناقصة في HTML): [post_call], [post_features], [post_prices], [post_services], [post_steps]. ما زال هناك رابط اتصال هاتفي tel: داخل المحتوى."
1646,post,شركة تركيب ورق حائط في صلالة,https://rukn-eltatawer.com/om/wallpaper-installation-salalah/,wallpaper-installation-salalah,wallpaper-installation,salalah,2269,1347,0.406,0,20,13,1,,,,template_boilerplate|unexpanded_shortcodes|tel_in_content,Template/Boilerplate | Missing SEO Elements | Errors/Placeholders,Template/Boilerplate,"هيكل H2 مكرر على 1 مقالة، ونسبة الجمل المكررة 41%. شورت كود كيان غير مُفسَّر (أقسام ناقصة في HTML): [post_call], [post_features], [post_prices], [post_services], [post_steps]. ما زال هناك رابط اتصال هاتفي tel: داخل المحتوى."
1174,post,شركة تركيب عشب جداري في صلالة,https://rukn-eltatawer.com/om/wall-grass-salalah/,wall-grass-salalah,wall-grass,salalah,2210,1287,0.418,0,20,13,1,,,,template_boilerplate|unexpanded_shortcodes|tel_in_content,Template/Boilerplate | Missing SEO Elements | Errors/Placeholders,Template/Boilerplate,"هيكل H2 مكرر على 1 مقالة، ونسبة الجمل المكررة 42%. شورت كود كيان غير مُفسَّر (أقسام ناقصة في HTML): [post_call], [post_features], [post_prices], [post_services], [post_steps]. ما زال هناك رابط اتصال هاتفي tel: داخل المحتوى."
1222,post,شركة تركيب نوافير جدارية في صلالة,https://rukn-eltatawer.com/om/wall-fountain-salalah/,wall-fountain-salalah,wall-fountain,salalah,2221,1241,0.441,0,20,13,1,,,,template_boilerplate|unexpanded_shortcodes|tel_in_content,Template/Boilerplate | Missing SEO Elements | Errors/Placeholders,Template/Boilerplate,"هيكل H2 مكرر على 1 مقالة، ونسبة الجمل المكررة 44%. شورت كود كيان غير مُفسَّر (أقسام ناقصة في HTML): [post_call], [post_features], [post_prices], [post_services], [post_steps]. ما زال هناك رابط اتصال هاتفي tel: داخل المحتوى."
918,post,شركة تركيب فوم للجدران في صلالة,https://rukn-eltatawer.com/om/wall-foam-salalah/,wall-foam-salalah,wall-foam,salalah,2246,1259,0.439,0,20,13,1,,,,template_boilerplate|unexpanded_shortcodes|tel_in_content,Template/Boilerplate | Missing SEO Elements | Errors/Placeholders,Template/Boilerplate,"هيكل H2 مكرر على 1 مقالة، ونسبة الجمل المكررة 44%. شورت كود كيان غير مُفسَّر (أقسام ناقصة في HTML): [post_call], [post_features], [post_prices], [post_services], [post_steps]. ما زال هناك رابط اتصال هاتفي tel: داخل المحتوى."
1741,post,شركة صيانة لوحات كهرباء في مسقط,https://rukn-eltatawer.com/om/electric-panel-maintenance-muscat/,electric-panel-maintenance-muscat,electric-panel-maintenance,muscat,2314,1415,0.389,0,20,13,1,,,,template_boilerplate|unexpanded_shortcodes|tel_in_content,Template/Boilerplate | Missing SEO Elements | Errors/Placeholders,Template/Boilerplate,"هيكل H2 مكرر على 1 مقالة، ونسبة الجمل المكررة 39%. شورت كود كيان غير مُفسَّر (أقسام ناقصة في HTML): [post_call], [post_features], [post_prices], [post_services], [post_steps]. ما زال هناك رابط اتصال هاتفي tel: داخل المحتوى."
894,post,شركة تركيب أرضيات فينيل في صلالة,https://rukn-eltatawer.com/om/vinyl-flooring-salalah/,vinyl-flooring-salalah,vinyl-flooring,salalah,2173,1387,0.362,0,20,13,1,,,,template_boilerplate|unexpanded_shortcodes|tel_in_content,Template/Boilerplate | Missing SEO Elements | Errors/Placeholders,Template/Boilerplate,"هيكل H2 مكرر على 1 مقالة، ونسبة الجمل المكررة 36%. شورت كود كيان غير مُفسَّر (أقسام ناقصة في HTML): [post_call], [post_features], [post_prices], [post_services], [post_steps]. ما زال هناك رابط اتصال هاتفي tel: داخل المحتوى."
630,post,شركة صيانة مكانس كهربائية في صلالة,https://rukn-eltatawer.com/om/vacuum-maintenance-salalah/,vacuum-maintenance-salalah,vacuum-maintenance,salalah,2160,1335,0.382,0,20,13,1,,,,template_boilerplate|unexpanded_shortcodes|tel_in_content,Template/Boilerplate | Missing SEO Elements | Errors/Placeholders,Template/Boilerplate,"هيكل H2 مكرر على 1 مقالة، ونسبة الجمل المكررة 38%. شورت كود كيان غير مُفسَّر (أقسام ناقصة في HTML): [post_call], [post_features], [post_prices], [post_services], [post_steps]. ما زال هناك رابط اتصال هاتفي tel: داخل المحتوى."
670,post,شركة تركيب وصيانة أجهزة تبريد مياه الخزانات في صلالة,https://rukn-eltatawer.com/om/tank-water-chiller-salalah/,tank-water-chiller-salalah,tank-water-chiller,salalah,2432,1449,0.404,0,20,13,1,,,,template_boilerplate|unexpanded_shortcodes|tel_in_content,Template/Boilerplate | Missing SEO Elements | Errors/Placeholders,Template/Boilerplate,"هيكل H2 مكرر على 1 مقالة، ونسبة الجمل المكررة 40%. شورت كود كيان غير مُفسَّر (أقسام ناقصة في HTML): [post_call], [post_features], [post_prices], [post_services], [post_steps]. ما زال هناك رابط اتصال هاتفي tel: داخل المحتوى."
958,post,شركة تركيب أسقف مستعارة في صلالة,https://rukn-eltatawer.com/om/suspended-ceiling-salalah/,suspended-ceiling-salalah,suspended-ceiling,salalah,2242,1288,0.426,0,20,13,1,,,,template_boilerplate|unexpanded_shortcodes|tel_in_content,Template/Boilerplate | Missing SEO Elements | Errors/Placeholders,Template/Boilerplate,"هيكل H2 مكرر على 1 مقالة، ونسبة الجمل المكررة 43%. شورت كود كيان غير مُفسَّر (أقسام ناقصة في HTML): [post_call], [post_features], [post_prices], [post_services], [post_steps]. ما زال هناك رابط اتصال هاتفي tel: داخل المحتوى."
566,post,شركة صيانة بوتاجازات في صلالة,https://rukn-eltatawer.com/om/stove-maintenance-salalah/,stove-maintenance-salalah,stove-maintenance,salalah,2141,1197,0.441,0,20,13,1,https://rukn-eltatawer.com/om/oven-maintenance-sur/,cross-service-duplicate,7,template_boilerplate|duplicate_similar|unexpanded_shortcodes|tel_in_content,Template/Boilerplate | Duplicate/Similar | Missing SEO Elements | Errors/Placeholders,Template/Boilerplate,"هيكل H2 مكرر على 1 مقالة، ونسبة الجمل المكررة 44%. تشابه مرتفع (hamming=7, cross-service-duplicate) مع https://rukn-eltatawer.com/om/oven-maintenance-sur/. شورت كود كيان غير مُفسَّر (أقسام ناقصة في HTML): [post_call], [post_features], [post_prices], [post_services], [post_steps]. ما زال هناك رابط اتصال هاتفي tel: داخل المحتوى."
1740,post,شركة كهربائي منازل في البريمي,https://rukn-eltatawer.com/om/home-electrician-elec-al-buraimi/,home-electrician-elec-al-buraimi,home-electrician-elec,al-buraimi,2159,1400,0.352,0,20,13,1,https://rukn-eltatawer.com/om/office-cleaning-nizwa/,cross-service-duplicate,7,template_boilerplate|duplicate_similar|unexpanded_shortcodes|tel_in_content,Template/Boilerplate | Duplicate/Similar | Missing SEO Elements | Errors/Placeholders,Template/Boilerplate,"هيكل H2 مكرر على 1 مقالة، ونسبة الجمل المكررة 35%. تشابه مرتفع (hamming=7, cross-service-duplicate) مع https://rukn-eltatawer.com/om/office-cleaning-nizwa/. شورت كود كيان غير مُفسَّر (أقسام ناقصة في HTML): [post_call], [post_features], [post_prices], [post_services], [post_steps]. ما زال هناك رابط اتصال هاتفي tel: داخل المحتوى."
902,post,شركة تركيب حجر طبيعي وصناعي في صلالة,https://rukn-eltatawer.com/om/stone-salalah/,stone-salalah,stone,salalah,2149,1182,0.45,0,20,13,1,,,,template_boilerplate|unexpanded_shortcodes|tel_in_content,Template/Boilerplate | Missing SEO Elements | Errors/Placeholders,Template/Boilerplate,"هيكل H2 مكرر على 1 مقالة، ونسبة الجمل المكررة 45%. شورت كود كيان غير مُفسَّر (أقسام ناقصة في HTML): [post_call], [post_features], [post_prices], [post_services], [post_steps]. ما زال هناك رابط اتصال هاتفي tel: داخل المحتوى."
1206,post,شركة إنشاء ممرات حجرية في صلالة,https://rukn-eltatawer.com/om/stone-pathway-salalah/,stone-pathway-salalah,stone-pathway,salalah,2191,1182,0.461,0,20,13,1,,,,template_boilerplate|unexpanded_shortcodes|tel_in_content,Template/Boilerplate | Missing SEO Elements | Errors/Placeholders,Template/Boilerplate,"هيكل H2 مكرر على 1 مقالة، ونسبة الجمل المكررة 46%. شورت كود كيان غير مُفسَّر (أقسام ناقصة في HTML): [post_call], [post_features], [post_prices], [post_services], [post_steps]. ما زال هناك رابط اتصال هاتفي tel: داخل المحتوى."
1438,post,شركة التعقيم بالبخار في صلالة,https://rukn-eltatawer.com/om/steam-disinfection-salalah/,steam-disinfection-salalah,steam-disinfection,salalah,2212,1153,0.479,0,20,13,1,,,,template_boilerplate|unexpanded_shortcodes|tel_in_content,Template/Boilerplate | Missing SEO Elements | Errors/Placeholders,Template/Boilerplate,"هيكل H2 مكرر على 1 مقالة، ونسبة الجمل المكررة 48%. شورت كود كيان غير مُفسَّر (أقسام ناقصة في HTML): [post_call], [post_features], [post_prices], [post_services], [post_steps]. ما زال هناك رابط اتصال هاتفي tel: داخل المحتوى."
202,post,شركة تنظيف كنب في صلالة,https://rukn-eltatawer.com/om/sofa-cleaning-salalah/,sofa-cleaning-salalah,sofa-cleaning,salalah,2258,1288,0.43,0,20,13,1,,,,template_boilerplate|unexpanded_shortcodes|tel_in_content,Template/Boilerplate | Missing SEO Elements | Errors/Placeholders,Template/Boilerplate,"هيكل H2 مكرر على 1 مقالة، ونسبة الجمل المكررة 43%. شورت كود كيان غير مُفسَّر (أقسام ناقصة في HTML): [post_call], [post_features], [post_prices], [post_services], [post_steps]. ما زال هناك رابط اتصال هاتفي tel: داخل المحتوى."
1366,post,شركة مكافحة الأفاعي في صلالة,https://rukn-eltatawer.com/om/snake-control-salalah/,snake-control-salalah,snake-control,salalah,2251,1369,0.392,0,20,13,1,,,,template_boilerplate|unexpanded_shortcodes|tel_in_content,Template/Boilerplate | Missing SEO Elements | Errors/Placeholders,Template/Boilerplate,"هيكل H2 مكرر على 1 مقالة، ونسبة الجمل المكررة 39%. شورت كود كيان غير مُفسَّر (أقسام ناقصة في HTML): [post_call], [post_features], [post_prices], [post_services], [post_steps]. ما زال هناك رابط اتصال هاتفي tel: داخل المحتوى."
1738,post,شركة كهربائي منازل في عبري,https://rukn-eltatawer.com/om/home-electrician-elec-ibri/,home-electrician-elec-ibri,home-electrician-elec,ibri,2154,1369,0.364,0,20,13,1,,,,template_boilerplate|unexpanded_shortcodes|tel_in_content,Template/Boilerplate | Missing SEO Elements | Errors/Placeholders,Template/Boilerplate,"هيكل H2 مكرر على 1 مقالة، ونسبة الجمل المكررة 36%. شورت كود كيان غير مُفسَّر (أقسام ناقصة في HTML): [post_call], [post_features], [post_prices], [post_services], [post_steps]. ما زال هناك رابط اتصال هاتفي tel: داخل المحتوى."
1550,post,شركة مكاتب الشحن في صلالة,https://rukn-eltatawer.com/om/shipping-offices-salalah/,shipping-offices-salalah,shipping-offices,salalah,2137,1314,0.385,0,20,13,1,,,,template_boilerplate|unexpanded_shortcodes|tel_in_content,Template/Boilerplate | Missing SEO Elements | Errors/Placeholders,Template/Boilerplate,"هيكل H2 مكرر على 1 مقالة، ونسبة الجمل المكررة 38%. شورت كود كيان غير مُفسَّر (أقسام ناقصة في HTML): [post_call], [post_features], [post_prices], [post_services], [post_steps]. ما زال هناك رابط اتصال هاتفي tel: داخل المحتوى."
1006,post,شركة تركيب مظلات وسواتر في صلالة,https://rukn-eltatawer.com/om/shades-sails-salalah/,shades-sails-salalah,shades-sails,salalah,2206,1233,0.441,0,20,13,1,,,,template_boilerplate|unexpanded_shortcodes|tel_in_content|structural_error,Template/Boilerplate | Missing SEO Elements | Errors/Placeholders,Template/Boilerplate,"هيكل H2 مكرر على 1 مقالة، ونسبة الجمل المكررة 44%. شورت كود كيان غير مُفسَّر (أقسام ناقصة في HTML): [post_call], [post_features], [post_prices], [post_services], [post_steps]. ما زال هناك رابط اتصال هاتفي tel: داخل المحتوى. فقرتان متتاليتان متطابقتان."
1606,post,شركة شحن دولي بحري في صلالة,https://rukn-eltatawer.com/om/sea-freight-salalah/,sea-freight-salalah,sea-freight,salalah,2171,1366,0.371,0,20,13,1,,,,template_boilerplate|unexpanded_shortcodes|tel_in_content,Template/Boilerplate | Missing SEO Elements | Errors/Placeholders,Template/Boilerplate,"هيكل H2 مكرر على 1 مقالة، ونسبة الجمل المكررة 37%. شورت كود كيان غير مُفسَّر (أقسام ناقصة في HTML): [post_call], [post_features], [post_prices], [post_services], [post_steps]. ما زال هناك رابط اتصال هاتفي tel: داخل المحتوى."
1374,post,شركة مكافحة العقارب في صلالة,https://rukn-eltatawer.com/om/scorpion-control-salalah/,scorpion-control-salalah,scorpion-control,salalah,2286,1492,0.347,0,20,13,1,,,,unexpanded_shortcodes|tel_in_content,Missing SEO Elements | Errors/Placeholders,Missing SEO Elements,"شورت كود كيان غير مُفسَّر (أقسام ناقصة في HTML): [post_call], [post_features], [post_prices], [post_services], [post_steps]. ما زال هناك رابط اتصال هاتفي tel: داخل المحتوى."
112,post,شركة تنظيف مدارس وحضانات في صلالة,https://rukn-eltatawer.com/om/school-nursery-cleaning-salalah/,school-nursery-cleaning-salalah,school-nursery-cleaning,salalah,2306,1330,0.423,0,20,13,1,https://rukn-eltatawer.com/om/school-nursery-cleaning-sur/,city-variant-template,8,template_boilerplate|duplicate_similar|unexpanded_shortcodes|tel_in_content,Template/Boilerplate | Duplicate/Similar | Missing SEO Elements | Errors/Placeholders,Template/Boilerplate,"هيكل H2 مكرر على 1 مقالة، ونسبة الجمل المكررة 42%. تشابه مرتفع (hamming=8, city-variant-template) مع https://rukn-eltatawer.com/om/school-nursery-cleaning-sur/. شورت كود كيان غير مُفسَّر (أقسام ناقصة في HTML): [post_call], [post_features], [post_prices], [post_services], [post_steps]. ما زال هناك رابط اتصال هاتفي tel: داخل المحتوى."
1739,post,شركة كهربائي منازل في الرستاق,https://rukn-eltatawer.com/om/home-electrician-elec-rustaq/,home-electrician-elec-rustaq,home-electrician-elec,rustaq,2170,1359,0.374,0,20,13,1,,,,template_boilerplate|unexpanded_shortcodes|tel_in_content,Template/Boilerplate | Missing SEO Elements | Errors/Placeholders,Template/Boilerplate,"هيكل H2 مكرر على 1 مقالة، ونسبة الجمل المكررة 37%. شورت كود كيان غير مُفسَّر (أقسام ناقصة في HTML): [post_call], [post_features], [post_prices], [post_services], [post_steps]. ما زال هناك رابط اتصال هاتفي tel: داخل المحتوى."
1518,post,فني تركيب أقمار صناعية في صلالة,https://rukn-eltatawer.com/om/satellite-tech-salalah/,satellite-tech-salalah,satellite-tech,salalah,2287,1496,0.346,0,20,13,1,,,,unexpanded_shortcodes|tel_in_content,Missing SEO Elements | Errors/Placeholders,Missing SEO Elements,"شورت كود كيان غير مُفسَّر (أقسام ناقصة في HTML): [post_call], [post_features], [post_prices], [post_services], [post_steps]. ما زال هناك رابط اتصال هاتفي tel: داخل المحتوى."
1510,post,فني تركيب دش في صلالة,https://rukn-eltatawer.com/om/sat-dish-tech-salalah/,sat-dish-tech-salalah,sat-dish-tech,salalah,2208,1353,0.387,0,20,13,1,,,,template_boilerplate|unexpanded_shortcodes|tel_in_content,Template/Boilerplate | Missing SEO Elements | Errors/Placeholders,Template/Boilerplate,"هيكل H2 مكرر على 1 مقالة، ونسبة الجمل المكررة 39%. شورت كود كيان غير مُفسَّر (أقسام ناقصة في HTML): [post_call], [post_features], [post_prices], [post_services], [post_steps]. ما زال هناك رابط اتصال هاتفي tel: داخل المحتوى."
1670,post,شركة عزل ودهان أسطح في صلالة,https://rukn-eltatawer.com/om/roof-insulation-painting-salalah/,roof-insulation-painting-salalah,roof-insulation-painting,salalah,2315,1548,0.331,0,20,13,1,,,,unexpanded_shortcodes|tel_in_content,Missing SEO Elements | Errors/Placeholders,Missing SEO Elements,"شورت كود كيان غير مُفسَّر (أقسام ناقصة في HTML): [post_call], [post_features], [post_prices], [post_services], [post_steps]. ما زال هناك رابط اتصال هاتفي tel: داخل المحتوى."
1118,post,شركة تصميم حدائق أسطح في صلالة,https://rukn-eltatawer.com/om/roof-garden-design-salalah/,roof-garden-design-salalah,roof-garden-design,salalah,2228,1269,0.43,0,20,13,1,,,,template_boilerplate|unexpanded_shortcodes|tel_in_content,Template/Boilerplate | Missing SEO Elements | Errors/Placeholders,Template/Boilerplate,"هيكل H2 مكرر على 1 مقالة، ونسبة الجمل المكررة 43%. شورت كود كيان غير مُفسَّر (أقسام ناقصة في HTML): [post_call], [post_features], [post_prices], [post_services], [post_steps]. ما زال هناك رابط اتصال هاتفي tel: داخل المحتوى."
1662,post,شركة دهان بويات عالية الجودة في صلالة,https://rukn-eltatawer.com/om/premium-paint-finishing-salalah/,premium-paint-finishing-salalah,premium-paint-finishing,salalah,2271,1294,0.43,0,20,13,1,,,,template_boilerplate|unexpanded_shortcodes|tel_in_content,Template/Boilerplate | Missing SEO Elements | Errors/Placeholders,Template/Boilerplate,"هيكل H2 مكرر على 1 مقالة، ونسبة الجمل المكررة 43%. شورت كود كيان غير مُفسَّر (أقسام ناقصة في HTML): [post_call], [post_features], [post_prices], [post_services], [post_steps]. ما زال هناك رابط اتصال هاتفي tel: داخل المحتوى."
1737,post,شركة كهربائي منازل في صور,https://rukn-eltatawer.com/om/home-electrician-elec-sur/,home-electrician-elec-sur,home-electrician-elec,sur,2200,1409,0.36,0,20,13,1,,,,template_boilerplate|unexpanded_shortcodes|tel_in_content,Template/Boilerplate | Missing SEO Elements | Errors/Placeholders,Template/Boilerplate,"هيكل H2 مكرر على 1 مقالة، ونسبة الجمل المكررة 36%. شورت كود كيان غير مُفسَّر (أقسام ناقصة في HTML): [post_call], [post_features], [post_prices], [post_services], [post_steps]. ما زال هناك رابط اتصال هاتفي tel: داخل المحتوى."
1726,post,شركة صيانة ودهان بعد التسريبات في صلالة,https://rukn-eltatawer.com/om/post-leak-repaint-maintenance-salalah/,post-leak-repaint-maintenance-salalah,post-leak-repaint-maintenance,salalah,2268,1301,0.426,0,20,13,1,,,,template_boilerplate|unexpanded_shortcodes|tel_in_content,Template/Boilerplate | Missing SEO Elements | Errors/Placeholders,Template/Boilerplate,"هيكل H2 مكرر على 1 مقالة، ونسبة الجمل المكررة 43%. شورت كود كيان غير مُفسَّر (أقسام ناقصة في HTML): [post_call], [post_features], [post_prices], [post_services], [post_steps]. ما زال هناك رابط اتصال هاتفي tel: داخل المحتوى."
526,post,شركة صيانة مسابح في صلالة,https://rukn-eltatawer.com/om/pool-maintenance-salalah/,pool-maintenance-salalah,pool-maintenance,salalah,2171,1353,0.377,0,20,13,1,,,,template_boilerplate|unexpanded_shortcodes|tel_in_content,Template/Boilerplate | Missing SEO Elements | Errors/Placeholders,Template/Boilerplate,"هيكل H2 مكرر على 1 مقالة، ونسبة الجمل المكررة 38%. شورت كود كيان غير مُفسَّر (أقسام ناقصة في HTML): [post_call], [post_features], [post_prices], [post_services], [post_steps]. ما زال هناك رابط اتصال هاتفي tel: داخل المحتوى."
139,post,شركة تنظيف مسابح في صلالة,https://rukn-eltatawer.com/om/pool-cleaning-salalah/,pool-cleaning-salalah,pool-cleaning,salalah,2236,1311,0.414,0,20,13,1,,,,template_boilerplate|unexpanded_shortcodes|tel_in_content,Template/Boilerplate | Missing SEO Elements | Errors/Placeholders,Template/Boilerplate,"هيكل H2 مكرر على 1 مقالة، ونسبة الجمل المكررة 41%. شورت كود كيان غير مُفسَّر (أقسام ناقصة في HTML): [post_call], [post_features], [post_prices], [post_services], [post_steps]. ما زال هناك رابط اتصال هاتفي tel: داخل المحتوى."
870,post,شركة تركيب بلاستر في صلالة,https://rukn-eltatawer.com/om/plastering-salalah/,plastering-salalah,plastering,salalah,2205,1222,0.446,0,20,13,1,,,,template_boilerplate|unexpanded_shortcodes|tel_in_content,Template/Boilerplate | Missing SEO Elements | Errors/Placeholders,Template/Boilerplate,"هيكل H2 مكرر على 1 مقالة، ونسبة الجمل المكررة 45%. شورت كود كيان غير مُفسَّر (أقسام ناقصة في HTML): [post_call], [post_features], [post_prices], [post_services], [post_steps]. ما زال هناك رابط اتصال هاتفي tel: داخل المحتوى."
1422,post,شركة تركيب مسامير طاردة للحمام في صلالة,https://rukn-eltatawer.com/om/pigeon-spikes-installation-salalah/,pigeon-spikes-installation-salalah,pigeon-spikes-installation,salalah,2338,1491,0.362,0,20,13,1,,,,template_boilerplate|unexpanded_shortcodes|tel_in_content,Template/Boilerplate | Missing SEO Elements | Errors/Placeholders,Template/Boilerplate,"هيكل H2 مكرر على 1 مقالة، ونسبة الجمل المكررة 36%. شورت كود كيان غير مُفسَّر (أقسام ناقصة في HTML): [post_call], [post_features], [post_prices], [post_services], [post_steps]. ما زال هناك رابط اتصال هاتفي tel: داخل المحتوى."
1736,post,شركة كهربائي منازل في نزوى,https://rukn-eltatawer.com/om/home-electrician-elec-nizwa/,home-electrician-elec-nizwa,home-electrician-elec,nizwa,2239,1389,0.38,0,20,13,1,https://rukn-eltatawer.com/om/fridge-maintenance-muscat/,cross-service-duplicate,8,template_boilerplate|duplicate_similar|unexpanded_shortcodes|tel_in_content,Template/Boilerplate | Duplicate/Similar | Missing SEO Elements | Errors/Placeholders,Template/Boilerplate,"هيكل H2 مكرر على 1 مقالة، ونسبة الجمل المكررة 38%. تشابه مرتفع (hamming=8, cross-service-duplicate) مع https://rukn-eltatawer.com/om/fridge-maintenance-muscat/. شورت كود كيان غير مُفسَّر (أقسام ناقصة في HTML): [post_call], [post_features], [post_prices], [post_services], [post_steps]. ما زال هناك رابط اتصال هاتفي tel: داخل المحتوى."
1414,post,شركة تركيب شبك طارد للحمام في صلالة,https://rukn-eltatawer.com/om/pigeon-net-installation-salalah/,pigeon-net-installation-salalah,pigeon-net-installation,salalah,2359,1429,0.394,0,20,13,1,,,,template_boilerplate|unexpanded_shortcodes|tel_in_content,Template/Boilerplate | Missing SEO Elements | Errors/Placeholders,Template/Boilerplate,"هيكل H2 مكرر على 1 مقالة، ونسبة الجمل المكررة 39%. شورت كود كيان غير مُفسَّر (أقسام ناقصة في HTML): [post_call], [post_features], [post_prices], [post_services], [post_steps]. ما زال هناك رابط اتصال هاتفي tel: داخل المحتوى."
1254,post,شركة نقل بيانو في صلالة,https://rukn-eltatawer.com/om/piano-moving-salalah/,piano-moving-salalah,piano-moving,salalah,2142,1237,0.423,0,20,13,1,,,,template_boilerplate|unexpanded_shortcodes|tel_in_content,Template/Boilerplate | Missing SEO Elements | Errors/Placeholders,Template/Boilerplate,"هيكل H2 مكرر على 1 مقالة، ونسبة الجمل المكررة 42%. شورت كود كيان غير مُفسَّر (أقسام ناقصة في HTML): [post_call], [post_features], [post_prices], [post_services], [post_steps]. ما زال هناك رابط اتصال هاتفي tel: داخل المحتوى."
1190,post,شركة تركيب برجولات في صلالة,https://rukn-eltatawer.com/om/pergola-installation-salalah/,pergola-installation-salalah,pergola-installation,salalah,2188,1223,0.441,0,20,13,1,,,,template_boilerplate|unexpanded_shortcodes|tel_in_content,Template/Boilerplate | Missing SEO Elements | Errors/Placeholders,Template/Boilerplate,"هيكل H2 مكرر على 1 مقالة، ونسبة الجمل المكررة 44%. شورت كود كيان غير مُفسَّر (أقسام ناقصة في HTML): [post_call], [post_features], [post_prices], [post_services], [post_steps]. ما زال هناك رابط اتصال هاتفي tel: داخل المحتوى."
581,post,شركة صيانة ثلاجات في مسقط,https://rukn-eltatawer.com/om/fridge-maintenance-muscat/,fridge-maintenance-muscat,fridge-maintenance,muscat,2200,1316,0.402,0,20,13,1,https://rukn-eltatawer.com/om/microwave-maintenance-muscat/,cross-service-duplicate,5,template_boilerplate|duplicate_similar|unexpanded_shortcodes|tel_in_content,Template/Boilerplate | Duplicate/Similar | Missing SEO Elements | Errors/Placeholders,Template/Boilerplate,"هيكل H2 مكرر على 1 مقالة، ونسبة الجمل المكررة 40%. تشابه مرتفع (hamming=5, cross-service-duplicate) مع https://rukn-eltatawer.com/om/microwave-maintenance-muscat/. شورت كود كيان غير مُفسَّر (أقسام ناقصة في HTML): [post_call], [post_features], [post_prices], [post_services], [post_steps]. ما زال هناك رابط اتصال هاتفي tel: داخل المحتوى."
949,post,شركة تركيب سجاد أرضيات في مسقط,https://rukn-eltatawer.com/om/floor-carpeting-muscat/,floor-carpeting-muscat,floor-carpeting,muscat,2232,1341,0.399,0,20,13,1,,,,template_boilerplate|unexpanded_shortcodes|tel_in_content,Template/Boilerplate | Missing SEO Elements | Errors/Placeholders,Template/Boilerplate,"هيكل H2 مكرر على 1 مقالة، ونسبة الجمل المكررة 40%. شورت كود كيان غير مُفسَّر (أقسام ناقصة في HTML): [post_call], [post_features], [post_prices], [post_services], [post_steps]. ما زال هناك رابط اتصال هاتفي tel: داخل المحتوى."
1381,post,شركة مكافحة البراغيث في مسقط,https://rukn-eltatawer.com/om/flea-control-muscat/,flea-control-muscat,flea-control,muscat,2310,1423,0.384,0,20,13,1,,,,template_boilerplate|unexpanded_shortcodes|tel_in_content,Template/Boilerplate | Missing SEO Elements | Errors/Placeholders,Template/Boilerplate,"هيكل H2 مكرر على 1 مقالة، ونسبة الجمل المكررة 38%. شورت كود كيان غير مُفسَّر (أقسام ناقصة في HTML): [post_call], [post_features], [post_prices], [post_services], [post_steps]. ما زال هناك رابط اتصال هاتفي tel: داخل المحتوى."
1814,post,شركة كهربائي طوارئ 24 ساعة في صلالة,https://rukn-eltatawer.com/om/24h-emergency-electrician-salalah/,24h-emergency-electrician-salalah,24h-emergency-electrician,salalah,2327,1586,0.318,0,20,13,1,https://rukn-eltatawer.com/om/solar-ac-installation-ibri/,cross-service-duplicate,7,duplicate_similar|unexpanded_shortcodes|tel_in_content,Duplicate/Similar | Missing SEO Elements | Errors/Placeholders,Duplicate/Similar,"تشابه مرتفع (hamming=7, cross-service-duplicate) مع https://rukn-eltatawer.com/om/solar-ac-installation-ibri/. شورت كود كيان غير مُفسَّر (أقسام ناقصة في HTML): [post_call], [post_features], [post_prices], [post_services], [post_steps]. ما زال هناك رابط اتصال هاتفي tel: داخل المحتوى."
933,post,شركة تركيب أسقف جبسية / فورسيلنج في مسقط,https://rukn-eltatawer.com/om/false-ceiling-muscat/,false-ceiling-muscat,false-ceiling,muscat,2405,1374,0.429,0,20,13,1,,,,template_boilerplate|unexpanded_shortcodes|tel_in_content,Template/Boilerplate | Missing SEO Elements | Errors/Placeholders,Template/Boilerplate,"هيكل H2 مكرر على 1 مقالة، ونسبة الجمل المكررة 43%. شورت كود كيان غير مُفسَّر (أقسام ناقصة في HTML): [post_call], [post_features], [post_prices], [post_services], [post_steps]. ما زال هناك رابط اتصال هاتفي tel: داخل المحتوى."
1581,post,شركة شحن طرود سريعة في مسقط,https://rukn-eltatawer.com/om/express-parcel-shipping-muscat/,express-parcel-shipping-muscat,express-parcel-shipping,muscat,2263,1416,0.374,0,20,13,1,,,,template_boilerplate|unexpanded_shortcodes|tel_in_content,Template/Boilerplate | Missing SEO Elements | Errors/Placeholders,Template/Boilerplate,"هيكل H2 مكرر على 1 مقالة، ونسبة الجمل المكررة 37%. شورت كود كيان غير مُفسَّر (أقسام ناقصة في HTML): [post_call], [post_features], [post_prices], [post_services], [post_steps]. ما زال هناك رابط اتصال هاتفي tel: داخل المحتوى."
533,post,شركة صيانة مصاعد في مسقط,https://rukn-eltatawer.com/om/elevator-maintenance-muscat/,elevator-maintenance-muscat,elevator-maintenance,muscat,2160,1276,0.409,0,20,12,1,,,,template_boilerplate|unexpanded_shortcodes|tel_in_content,Template/Boilerplate | Missing SEO Elements | Errors/Placeholders,Template/Boilerplate,"هيكل H2 مكرر على 1 مقالة، ونسبة الجمل المكررة 41%. شورت كود كيان غير مُفسَّر (أقسام ناقصة في HTML): [post_call], [post_features], [post_prices], [post_services], [post_steps]. ما زال هناك رابط اتصال هاتفي tel: داخل المحتوى."
1701,post,شركة رش بويات كهربائي في مسقط,https://rukn-eltatawer.com/om/electric-spray-painting-muscat/,electric-spray-painting-muscat,electric-spray-painting,muscat,2358,1517,0.357,0,20,13,1,,,,template_boilerplate|unexpanded_shortcodes|tel_in_content,Template/Boilerplate | Missing SEO Elements | Errors/Placeholders,Template/Boilerplate,"هيكل H2 مكرر على 1 مقالة، ونسبة الجمل المكررة 36%. شورت كود كيان غير مُفسَّر (أقسام ناقصة في HTML): [post_call], [post_features], [post_prices], [post_services], [post_steps]. ما زال هناك رابط اتصال هاتفي tel: داخل المحتوى."
597,post,شركة صيانة نشافات في مسقط,https://rukn-eltatawer.com/om/dryer-maintenance-muscat/,dryer-maintenance-muscat,dryer-maintenance,muscat,2249,1370,0.391,0,20,13,1,,,,template_boilerplate|unexpanded_shortcodes|tel_in_content,Template/Boilerplate | Missing SEO Elements | Errors/Placeholders,Template/Boilerplate,"هيكل H2 مكرر على 1 مقالة، ونسبة الجمل المكررة 39%. شورت كود كيان غير مُفسَّر (أقسام ناقصة في HTML): [post_call], [post_features], [post_prices], [post_services], [post_steps]. ما زال هناك رابط اتصال هاتفي tel: داخل المحتوى."
1813,post,شركة كهربائي طوارئ 24 ساعة في مسقط,https://rukn-eltatawer.com/om/24h-emergency-electrician-muscat/,24h-emergency-electrician-muscat,24h-emergency-electrician,muscat,2348,1368,0.417,0,20,13,1,,,,template_boilerplate|unexpanded_shortcodes|tel_in_content,Template/Boilerplate | Missing SEO Elements | Errors/Placeholders,Template/Boilerplate,"هيكل H2 مكرر على 1 مقالة، ونسبة الجمل المكررة 42%. شورت كود كيان غير مُفسَّر (أقسام ناقصة في HTML): [post_call], [post_features], [post_prices], [post_services], [post_steps]. ما زال هناك رابط اتصال هاتفي tel: داخل المحتوى."
989,post,شركة تركيب أبواب في مسقط,https://rukn-eltatawer.com/om/doors-installation-muscat/,doors-installation-muscat,doors-installation,muscat,2151,1285,0.403,0,20,13,1,,,,template_boilerplate|unexpanded_shortcodes|tel_in_content,Template/Boilerplate | Missing SEO Elements | Errors/Placeholders,Template/Boilerplate,"هيكل H2 مكرر على 1 مقالة، ونسبة الجمل المكررة 40%. شورت كود كيان غير مُفسَّر (أقسام ناقصة في HTML): [post_call], [post_features], [post_prices], [post_services], [post_steps]. ما زال هناك رابط اتصال هاتفي tel: داخل المحتوى."
1589,post,شركة شحن داخلي داخل في مسقط,https://rukn-eltatawer.com/om/domestic-shipping-muscat/,domestic-shipping-muscat,domestic-shipping,muscat,2255,1466,0.35,0,20,13,1,,,,template_boilerplate|unexpanded_shortcodes|tel_in_content,Template/Boilerplate | Missing SEO Elements | Errors/Placeholders,Template/Boilerplate,"هيكل H2 مكرر على 1 مقالة، ونسبة الجمل المكررة 35%. شورت كود كيان غير مُفسَّر (أقسام ناقصة في HTML): [post_call], [post_features], [post_prices], [post_services], [post_steps]. ما زال هناك رابط اتصال هاتفي tel: داخل المحتوى."
174,post,شركة تنظيف خزانات ديزل في مسقط,https://rukn-eltatawer.com/om/diesel-tank-cleaning-muscat/,diesel-tank-cleaning-muscat,diesel-tank-cleaning,muscat,2379,1424,0.401,0,20,13,1,,,,template_boilerplate|unexpanded_shortcodes|tel_in_content,Template/Boilerplate | Missing SEO Elements | Errors/Placeholders,Template/Boilerplate,"هيكل H2 مكرر على 1 مقالة، ونسبة الجمل المكررة 40%. شورت كود كيان غير مُفسَّر (أقسام ناقصة في HTML): [post_call], [post_features], [post_prices], [post_services], [post_steps]. ما زال هناك رابط اتصال هاتفي tel: داخل المحتوى."
1709,post,شركة دهانات ديكورية وتأثيرات جدارية في مسقط,https://rukn-eltatawer.com/om/decorative-wall-effects-muscat/,decorative-wall-effects-muscat,decorative-wall-effects,muscat,2393,1349,0.436,0,20,13,1,,,,template_boilerplate|unexpanded_shortcodes|tel_in_content,Template/Boilerplate | Missing SEO Elements | Errors/Placeholders,Template/Boilerplate,"هيكل H2 مكرر على 1 مقالة، ونسبة الجمل المكررة 44%. شورت كود كيان غير مُفسَّر (أقسام ناقصة في HTML): [post_call], [post_features], [post_prices], [post_services], [post_steps]. ما زال هناك رابط اتصال هاتفي tel: داخل المحتوى."
1093,post,شركة تصميم وتنفيذ ديكورات في مسقط,https://rukn-eltatawer.com/om/decor-design-muscat/,decor-design-muscat,decor-design,muscat,2387,1391,0.417,0,20,13,1,,,,template_boilerplate|unexpanded_shortcodes|tel_in_content,Template/Boilerplate | Missing SEO Elements | Errors/Placeholders,Template/Boilerplate,"هيكل H2 مكرر على 1 مقالة، ونسبة الجمل المكررة 42%. شورت كود كيان غير مُفسَّر (أقسام ناقصة في HTML): [post_call], [post_features], [post_prices], [post_services], [post_steps]. ما زال هناك رابط اتصال هاتفي tel: داخل المحتوى."
764,post,شركة عزل صوتي في البريمي,https://rukn-eltatawer.com/om/soundproofing-al-buraimi/,soundproofing-al-buraimi,soundproofing,al-buraimi,2218,1416,0.362,0,20,13,1,,,,template_boilerplate|unexpanded_shortcodes|tel_in_content,Template/Boilerplate | Missing SEO Elements | Errors/Placeholders,Template/Boilerplate,"هيكل H2 مكرر على 1 مقالة، ونسبة الجمل المكررة 36%. شورت كود كيان غير مُفسَّر (أقسام ناقصة في HTML): [post_call], [post_features], [post_prices], [post_services], [post_steps]. ما زال هناك رابط اتصال هاتفي tel: داخل المحتوى."
210,post,شركة تنظيف ستائر في مسقط,https://rukn-eltatawer.com/om/curtain-cleaning-muscat/,curtain-cleaning-muscat,curtain-cleaning,muscat,2295,1223,0.467,0,20,13,1,,,,template_boilerplate|unexpanded_shortcodes|tel_in_content,Template/Boilerplate | Missing SEO Elements | Errors/Placeholders,Template/Boilerplate,"هيكل H2 مكرر على 1 مقالة، ونسبة الجمل المكررة 47%. شورت كود كيان غير مُفسَّر (أقسام ناقصة في HTML): [post_call], [post_features], [post_prices], [post_services], [post_steps]. ما زال هناك رابط اتصال هاتفي tel: داخل المحتوى."
1445,post,شركة التعقيم بالكلور في مسقط,https://rukn-eltatawer.com/om/chlorine-disinfection-muscat/,chlorine-disinfection-muscat,chlorine-disinfection,muscat,2290,1226,0.465,0,20,13,1,,,,template_boilerplate|unexpanded_shortcodes|tel_in_content,Template/Boilerplate | Missing SEO Elements | Errors/Placeholders,Template/Boilerplate,"هيكل H2 مكرر على 1 مقالة، ونسبة الجمل المكررة 46%. شورت كود كيان غير مُفسَّر (أقسام ناقصة في HTML): [post_call], [post_features], [post_prices], [post_services], [post_steps]. ما زال هناك رابط اتصال هاتفي tel: داخل المحتوى."
877,post,شركة تركيب سيراميك وبورسلين في مسقط,https://rukn-eltatawer.com/om/ceramic-porcelain-muscat/,ceramic-porcelain-muscat,ceramic-porcelain,muscat,2247,1373,0.389,0,20,13,1,,,,template_boilerplate|unexpanded_shortcodes|tel_in_content,Template/Boilerplate | Missing SEO Elements | Errors/Placeholders,Template/Boilerplate,"هيكل H2 مكرر على 1 مقالة، ونسبة الجمل المكررة 39%. شورت كود كيان غير مُفسَّر (أقسام ناقصة في HTML): [post_call], [post_features], [post_prices], [post_services], [post_steps]. ما زال هناك رابط اتصال هاتفي tel: داخل المحتوى."
1837,post,شركة تركيب وصيانة سخانات مركزية في مسقط,https://rukn-eltatawer.com/om/central-heater-installation-maintenance-muscat/,central-heater-installation-maintenance-muscat,central-heater-installation-maintenance,muscat,2264,1399,0.382,0,20,13,1,,,,template_boilerplate|unexpanded_shortcodes|tel_in_content,Template/Boilerplate | Missing SEO Elements | Errors/Placeholders,Template/Boilerplate,"هيكل H2 مكرر على 1 مقالة، ونسبة الجمل المكررة 38%. شورت كود كيان غير مُفسَّر (أقسام ناقصة في HTML): [post_call], [post_features], [post_prices], [post_services], [post_steps]. ما زال هناك رابط اتصال هاتفي tel: داخل المحتوى."
1477,post,نجار أثاث في مسقط,https://rukn-eltatawer.com/om/carpenter-muscat/,carpenter-muscat,carpenter,muscat,2154,1307,0.393,0,20,13,1,,,,template_boilerplate|unexpanded_shortcodes|tel_in_content,Template/Boilerplate | Missing SEO Elements | Errors/Placeholders,Template/Boilerplate,"هيكل H2 مكرر على 1 مقالة، ونسبة الجمل المكررة 39%. شورت كود كيان غير مُفسَّر (أقسام ناقصة في HTML): [post_call], [post_features], [post_prices], [post_services], [post_steps]. ما زال هناك رابط اتصال هاتفي tel: داخل المحتوى."
762,post,شركة عزل صوتي في عبري,https://rukn-eltatawer.com/om/soundproofing-ibri/,soundproofing-ibri,soundproofing,ibri,2195,1409,0.358,0,20,13,1,,,,template_boilerplate|unexpanded_shortcodes|tel_in_content,Template/Boilerplate | Missing SEO Elements | Errors/Placeholders,Template/Boilerplate,"هيكل H2 مكرر على 1 مقالة، ونسبة الجمل المكررة 36%. شورت كود كيان غير مُفسَّر (أقسام ناقصة في HTML): [post_call], [post_features], [post_prices], [post_services], [post_steps]. ما زال هناك رابط اتصال هاتفي tel: داخل المحتوى."
1557,post,شركة شحن بضائع في مسقط,https://rukn-eltatawer.com/om/cargo-shipping-muscat/,cargo-shipping-muscat,cargo-shipping,muscat,2221,1382,0.378,0,20,13,1,,,,template_boilerplate|unexpanded_shortcodes|tel_in_content,Template/Boilerplate | Missing SEO Elements | Errors/Placeholders,Template/Boilerplate,"هيكل H2 مكرر على 1 مقالة، ونسبة الجمل المكررة 38%. شورت كود كيان غير مُفسَّر (أقسام ناقصة في HTML): [post_call], [post_features], [post_prices], [post_services], [post_steps]. ما زال هناك رابط اتصال هاتفي tel: داخل المحتوى."
1573,post,شركة شحن سيارات في مسقط,https://rukn-eltatawer.com/om/car-shipping-muscat/,car-shipping-muscat,car-shipping,muscat,2218,1397,0.37,0,20,13,1,,,,template_boilerplate|unexpanded_shortcodes|tel_in_content,Template/Boilerplate | Missing SEO Elements | Errors/Placeholders,Template/Boilerplate,"هيكل H2 مكرر على 1 مقالة، ونسبة الجمل المكررة 37%. شورت كود كيان غير مُفسَّر (أقسام ناقصة في HTML): [post_call], [post_features], [post_prices], [post_services], [post_steps]. ما زال هناك رابط اتصال هاتفي tel: داخل المحتوى."
861,post,شركة تركيب طابوق في مسقط,https://rukn-eltatawer.com/om/brickwork-muscat/,brickwork-muscat,brickwork,muscat,2076,1217,0.414,0,20,13,1,,,,template_boilerplate|unexpanded_shortcodes|tel_in_content,Template/Boilerplate | Missing SEO Elements | Errors/Placeholders,Template/Boilerplate,"هيكل H2 مكرر على 1 مقالة، ونسبة الجمل المكررة 41%. شورت كود كيان غير مُفسَّر (أقسام ناقصة في HTML): [post_call], [post_features], [post_prices], [post_services], [post_steps]. ما زال هناك رابط اتصال هاتفي tel: داخل المحتوى."
1069,post,شركة بناء أسوار طابوق في مسقط,https://rukn-eltatawer.com/om/block-fences-muscat/,block-fences-muscat,block-fences,muscat,2086,1224,0.413,0,20,13,1,,,,template_boilerplate|unexpanded_shortcodes|tel_in_content,Template/Boilerplate | Missing SEO Elements | Errors/Placeholders,Template/Boilerplate,"هيكل H2 مكرر على 1 مقالة، ونسبة الجمل المكررة 41%. شورت كود كيان غير مُفسَّر (أقسام ناقصة في HTML): [post_call], [post_features], [post_prices], [post_services], [post_steps]. ما زال هناك رابط اتصال هاتفي tel: داخل المحتوى."
1485,post,حداد أبواب ونوافذ في مسقط,https://rukn-eltatawer.com/om/blacksmith-doors-windows-muscat/,blacksmith-doors-windows-muscat,blacksmith-doors-windows,muscat,2203,1403,0.363,0,20,13,1,,,,template_boilerplate|unexpanded_shortcodes|tel_in_content,Template/Boilerplate | Missing SEO Elements | Errors/Placeholders,Template/Boilerplate,"هيكل H2 مكرر على 1 مقالة، ونسبة الجمل المكررة 36%. شورت كود كيان غير مُفسَّر (أقسام ناقصة في HTML): [post_call], [post_features], [post_prices], [post_services], [post_steps]. ما زال هناك رابط اتصال هاتفي tel: داخل المحتوى."
1429,post,شركة تركيب أجهزة صوتية لطرد الطيور في مسقط,https://rukn-eltatawer.com/om/bird-sound-device-muscat/,bird-sound-device-muscat,bird-sound-device,muscat,2459,1602,0.349,0,20,13,1,,,,unexpanded_shortcodes|tel_in_content,Missing SEO Elements | Errors/Placeholders,Missing SEO Elements,"شورت كود كيان غير مُفسَّر (أقسام ناقصة في HTML): [post_call], [post_features], [post_prices], [post_services], [post_steps]. ما زال هناك رابط اتصال هاتفي tel: داخل المحتوى."
763,post,شركة عزل صوتي في الرستاق,https://rukn-eltatawer.com/om/soundproofing-rustaq/,soundproofing-rustaq,soundproofing,rustaq,2225,1402,0.37,0,20,13,1,,,,template_boilerplate|unexpanded_shortcodes|tel_in_content,Template/Boilerplate | Missing SEO Elements | Errors/Placeholders,Template/Boilerplate,"هيكل H2 مكرر على 1 مقالة، ونسبة الجمل المكررة 37%. شورت كود كيان غير مُفسَّر (أقسام ناقصة في HTML): [post_call], [post_features], [post_prices], [post_services], [post_steps]. ما زال هناك رابط اتصال هاتفي tel: داخل المحتوى."
1397,post,شركة مكافحة الطيور في مسقط,https://rukn-eltatawer.com/om/bird-control-muscat/,bird-control-muscat,bird-control,muscat,2403,1539,0.36,0,20,13,1,,,,template_boilerplate|unexpanded_shortcodes|tel_in_content,Template/Boilerplate | Missing SEO Elements | Errors/Placeholders,Template/Boilerplate,"هيكل H2 مكرر على 1 مقالة، ونسبة الجمل المكررة 36%. شورت كود كيان غير مُفسَّر (أقسام ناقصة في HTML): [post_call], [post_features], [post_prices], [post_services], [post_steps]. ما زال هناك رابط اتصال هاتفي tel: داخل المحتوى."
1157,post,شركة تركيب شبكات ري أوتوماتيكية في مسقط,https://rukn-eltatawer.com/om/automatic-irrigation-muscat/,automatic-irrigation-muscat,automatic-irrigation,muscat,2363,1323,0.44,0,20,13,1,,,,template_boilerplate|unexpanded_shortcodes|tel_in_content,Template/Boilerplate | Missing SEO Elements | Errors/Placeholders,Template/Boilerplate,"هيكل H2 مكرر على 1 مقالة، ونسبة الجمل المكررة 44%. شورت كود كيان غير مُفسَّر (أقسام ناقصة في HTML): [post_call], [post_features], [post_prices], [post_services], [post_steps]. ما زال هناك رابط اتصال هاتفي tel: داخل المحتوى."
549,post,شركة صيانة أبواب أوتوماتيكية في مسقط,https://rukn-eltatawer.com/om/automatic-doors-maintenance-muscat/,automatic-doors-maintenance-muscat,automatic-doors-maintenance,muscat,2132,1274,0.402,0,20,12,1,,,,template_boilerplate|unexpanded_shortcodes|tel_in_content,Template/Boilerplate | Missing SEO Elements | Errors/Placeholders,Template/Boilerplate,"هيكل H2 مكرر على 1 مقالة، ونسبة الجمل المكررة 40%. شورت كود كيان غير مُفسَّر (أقسام ناقصة في HTML): [post_call], [post_features], [post_prices], [post_services], [post_steps]. ما زال هناك رابط اتصال هاتفي tel: داخل المحتوى."
1213,post,شركة تركيب شلالات اصطناعية في مسقط,https://rukn-eltatawer.com/om/artificial-waterfall-muscat/,artificial-waterfall-muscat,artificial-waterfall,muscat,2206,1222,0.446,0,20,13,1,,,,template_boilerplate|unexpanded_shortcodes|tel_in_content,Template/Boilerplate | Missing SEO Elements | Errors/Placeholders,Template/Boilerplate,"هيكل H2 مكرر على 1 مقالة، ونسبة الجمل المكررة 45%. شورت كود كيان غير مُفسَّر (أقسام ناقصة في HTML): [post_call], [post_features], [post_prices], [post_services], [post_steps]. ما زال هناك رابط اتصال هاتفي tel: داخل المحتوى."
1013,post,شركة تركيب عشب صناعي في مسقط,https://rukn-eltatawer.com/om/artificial-grass-muscat/,artificial-grass-muscat,artificial-grass,muscat,2283,1258,0.449,0,20,13,1,,,,template_boilerplate|unexpanded_shortcodes|tel_in_content,Template/Boilerplate | Missing SEO Elements | Errors/Placeholders,Template/Boilerplate,"هيكل H2 مكرر على 1 مقالة، ونسبة الجمل المكررة 45%. شورت كود كيان غير مُفسَّر (أقسام ناقصة في HTML): [post_call], [post_features], [post_prices], [post_services], [post_steps]. ما زال هناك رابط اتصال هاتفي tel: داخل المحتوى."
761,post,شركة عزل صوتي في صور,https://rukn-eltatawer.com/om/soundproofing-sur/,soundproofing-sur,soundproofing,sur,2231,1440,0.355,0,20,13,1,,,,template_boilerplate|unexpanded_shortcodes|tel_in_content,Template/Boilerplate | Missing SEO Elements | Errors/Placeholders,Template/Boilerplate,"هيكل H2 مكرر على 1 مقالة، ونسبة الجمل المكررة 36%. شورت كود كيان غير مُفسَّر (أقسام ناقصة في HTML): [post_call], [post_features], [post_prices], [post_services], [post_steps]. ما زال هناك رابط اتصال هاتفي tel: داخل المحتوى."
573,post,شركة صيانة الأجهزة الكهربائية في مسقط,https://rukn-eltatawer.com/om/appliance-maintenance-muscat/,appliance-maintenance-muscat,appliance-maintenance,muscat,2269,1419,0.375,0,20,13,1,https://rukn-eltatawer.com/om/appliance-maintenance-salalah/,city-variant-template,6,template_boilerplate|duplicate_similar|unexpanded_shortcodes|tel_in_content,Template/Boilerplate | Duplicate/Similar | Missing SEO Elements | Errors/Placeholders,Template/Boilerplate,"هيكل H2 مكرر على 1 مقالة، ونسبة الجمل المكررة 38%. تشابه مرتفع (hamming=6, city-variant-template) مع https://rukn-eltatawer.com/om/appliance-maintenance-salalah/. شورت كود كيان غير مُفسَّر (أقسام ناقصة في HTML): [post_call], [post_features], [post_prices], [post_services], [post_steps]. ما زال هناك رابط اتصال هاتفي tel: داخل المحتوى."
1029,post,شركة بناء ملاحق في مسقط,https://rukn-eltatawer.com/om/annex-building-muscat/,annex-building-muscat,annex-building,muscat,2108,1274,0.396,0,20,13,1,,,,template_boilerplate|unexpanded_shortcodes|tel_in_content,Template/Boilerplate | Missing SEO Elements | Errors/Placeholders,Template/Boilerplate,"هيكل H2 مكرر على 1 مقالة، ونسبة الجمل المكررة 40%. شورت كود كيان غير مُفسَّر (أقسام ناقصة في HTML): [post_call], [post_features], [post_prices], [post_services], [post_steps]. ما زال هناك رابط اتصال هاتفي tel: داخل المحتوى."
677,post,شركة تركيب وصيانة أنظمة تنقية الهواء في مسقط,https://rukn-eltatawer.com/om/air-purification-muscat/,air-purification-muscat,air-purification,muscat,2434,1477,0.393,0,20,13,1,,,,template_boilerplate|unexpanded_shortcodes|tel_in_content,Template/Boilerplate | Missing SEO Elements | Errors/Placeholders,Template/Boilerplate,"هيكل H2 مكرر على 1 مقالة، ونسبة الجمل المكررة 39%. شورت كود كيان غير مُفسَّر (أقسام ناقصة في HTML): [post_call], [post_features], [post_prices], [post_services], [post_steps]. ما زال هناك رابط اتصال هاتفي tel: داخل المحتوى."
1613,post,شركة شحن دولي جوي في مسقط,https://rukn-eltatawer.com/om/air-freight-muscat/,air-freight-muscat,air-freight,muscat,2260,1350,0.403,0,20,13,1,,,,template_boilerplate|unexpanded_shortcodes|tel_in_content,Template/Boilerplate | Missing SEO Elements | Errors/Placeholders,Template/Boilerplate,"هيكل H2 مكرر على 1 مقالة، ونسبة الجمل المكررة 40%. شورت كود كيان غير مُفسَّر (أقسام ناقصة في HTML): [post_call], [post_features], [post_prices], [post_services], [post_steps]. ما زال هناك رابط اتصال هاتفي tel: داخل المحتوى."
660,post,شركة تركيب وصيانة محطات تحلية المياه في البريمي,https://rukn-eltatawer.com/om/ro-plants-al-buraimi/,ro-plants-al-buraimi,ro-plants,al-buraimi,2071,1295,0.375,0,20,13,1,,,,template_boilerplate|unexpanded_shortcodes|tel_in_content,Template/Boilerplate | Missing SEO Elements | Errors/Placeholders,Template/Boilerplate,"هيكل H2 مكرر على 1 مقالة، ونسبة الجمل المكررة 38%. شورت كود كيان غير مُفسَّر (أقسام ناقصة في HTML): [post_call], [post_features], [post_prices], [post_services], [post_steps]. ما زال هناك رابط اتصال هاتفي tel: داخل المحتوى."
760,post,شركة عزل صوتي في نزوى,https://rukn-eltatawer.com/om/soundproofing-nizwa/,soundproofing-nizwa,soundproofing,nizwa,2242,1420,0.367,0,20,13,1,https://rukn-eltatawer.com/om/thermal-insulation-rustaq/,cross-service-duplicate,6,template_boilerplate|duplicate_similar|unexpanded_shortcodes|tel_in_content,Template/Boilerplate | Duplicate/Similar | Missing SEO Elements | Errors/Placeholders,Template/Boilerplate,"هيكل H2 مكرر على 1 مقالة، ونسبة الجمل المكررة 37%. تشابه مرتفع (hamming=6, cross-service-duplicate) مع https://rukn-eltatawer.com/om/thermal-insulation-rustaq/. شورت كود كيان غير مُفسَّر (أقسام ناقصة في HTML): [post_call], [post_features], [post_prices], [post_services], [post_steps]. ما زال هناك رابط اتصال هاتفي tel: داخل المحتوى."
658,post,شركة تركيب وصيانة محطات تحلية المياه في عبري,https://rukn-eltatawer.com/om/ro-plants-ibri/,ro-plants-ibri,ro-plants,ibri,2058,1268,0.384,0,20,13,1,,,,template_boilerplate|unexpanded_shortcodes|tel_in_content,Template/Boilerplate | Missing SEO Elements | Errors/Placeholders,Template/Boilerplate,"هيكل H2 مكرر على 1 مقالة، ونسبة الجمل المكررة 38%. شورت كود كيان غير مُفسَّر (أقسام ناقصة في HTML): [post_call], [post_features], [post_prices], [post_services], [post_steps]. ما زال هناك رابط اتصال هاتفي tel: داخل المحتوى."
659,post,شركة تركيب وصيانة محطات تحلية المياه في الرستاق,https://rukn-eltatawer.com/om/ro-plants-rustaq/,ro-plants-rustaq,ro-plants,rustaq,2087,1142,0.453,0,20,13,1,,,,template_boilerplate|unexpanded_shortcodes|tel_in_content,Template/Boilerplate | Missing SEO Elements | Errors/Placeholders,Template/Boilerplate,"هيكل H2 مكرر على 1 مقالة، ونسبة الجمل المكررة 45%. شورت كود كيان غير مُفسَّر (أقسام ناقصة في HTML): [post_call], [post_features], [post_prices], [post_services], [post_steps]. ما زال هناك رابط اتصال هاتفي tel: داخل المحتوى."
657,post,شركة تركيب وصيانة محطات تحلية المياه في صور,https://rukn-eltatawer.com/om/ro-plants-sur/,ro-plants-sur,ro-plants,sur,2090,1188,0.432,0,20,13,1,,,,template_boilerplate|unexpanded_shortcodes|tel_in_content,Template/Boilerplate | Missing SEO Elements | Errors/Placeholders,Template/Boilerplate,"هيكل H2 مكرر على 1 مقالة، ونسبة الجمل المكررة 43%. شورت كود كيان غير مُفسَّر (أقسام ناقصة في HTML): [post_call], [post_features], [post_prices], [post_services], [post_steps]. ما زال هناك رابط اتصال هاتفي tel: داخل المحتوى."
656,post,شركة تركيب وصيانة محطات تحلية المياه في نزوى,https://rukn-eltatawer.com/om/ro-plants-nizwa/,ro-plants-nizwa,ro-plants,nizwa,2107,1340,0.364,0,20,13,1,,,,template_boilerplate|unexpanded_shortcodes|tel_in_content,Template/Boilerplate | Missing SEO Elements | Errors/Placeholders,Template/Boilerplate,"هيكل H2 مكرر على 1 مقالة، ونسبة الجمل المكررة 36%. شورت كود كيان غير مُفسَّر (أقسام ناقصة في HTML): [post_call], [post_features], [post_prices], [post_services], [post_steps]. ما زال هناك رابط اتصال هاتفي tel: داخل المحتوى."
655,post,شركة تركيب وصيانة محطات تحلية المياه في صحار,https://rukn-eltatawer.com/om/ro-plants-sohar/,ro-plants-sohar,ro-plants,sohar,2106,1321,0.373,0,20,13,1,,,,template_boilerplate|unexpanded_shortcodes|tel_in_content,Template/Boilerplate | Missing SEO Elements | Errors/Placeholders,Template/Boilerplate,"هيكل H2 مكرر على 1 مقالة، ونسبة الجمل المكررة 37%. شورت كود كيان غير مُفسَّر (أقسام ناقصة في HTML): [post_call], [post_features], [post_prices], [post_services], [post_steps]. ما زال هناك رابط اتصال هاتفي tel: داخل المحتوى."
759,post,شركة عزل صوتي في صحار,https://rukn-eltatawer.com/om/soundproofing-sohar/,soundproofing-sohar,soundproofing,sohar,2236,1314,0.412,0,20,13,1,,,,template_boilerplate|unexpanded_shortcodes|tel_in_content|structural_error,Template/Boilerplate | Missing SEO Elements | Errors/Placeholders,Template/Boilerplate,"هيكل H2 مكرر على 1 مقالة، ونسبة الجمل المكررة 41%. شورت كود كيان غير مُفسَّر (أقسام ناقصة في HTML): [post_call], [post_features], [post_prices], [post_services], [post_steps]. ما زال هناك رابط اتصال هاتفي tel: داخل المحتوى. فقرتان متتاليتان متطابقتان."
654,post,شركة تركيب وصيانة محطات تحلية المياه في صلالة,https://rukn-eltatawer.com/om/ro-plants-salalah/,ro-plants-salalah,ro-plants,salalah,2166,1328,0.387,0,20,13,1,,,,template_boilerplate|unexpanded_shortcodes|tel_in_content,Template/Boilerplate | Missing SEO Elements | Errors/Placeholders,Template/Boilerplate,"هيكل H2 مكرر على 1 مقالة، ونسبة الجمل المكررة 39%. شورت كود كيان غير مُفسَّر (أقسام ناقصة في HTML): [post_call], [post_features], [post_prices], [post_services], [post_steps]. ما زال هناك رابط اتصال هاتفي tel: داخل المحتوى."
653,post,شركة تركيب وصيانة محطات تحلية المياه في مسقط,https://rukn-eltatawer.com/om/ro-plants-muscat/,ro-plants-muscat,ro-plants,muscat,2210,1408,0.363,0,20,13,1,,,,template_boilerplate|unexpanded_shortcodes|tel_in_content,Template/Boilerplate | Missing SEO Elements | Errors/Placeholders,Template/Boilerplate,"هيكل H2 مكرر على 1 مقالة، ونسبة الجمل المكررة 36%. شورت كود كيان غير مُفسَّر (أقسام ناقصة في HTML): [post_call], [post_features], [post_prices], [post_services], [post_steps]. ما زال هناك رابط اتصال هاتفي tel: داخل المحتوى."
668,post,شركة تركيب وصيانة فلاتر مياه في البريمي,https://rukn-eltatawer.com/om/water-filters-al-buraimi/,water-filters-al-buraimi,water-filters,al-buraimi,2056,1321,0.357,0,20,13,1,,,,template_boilerplate|unexpanded_shortcodes|tel_in_content,Template/Boilerplate | Missing SEO Elements | Errors/Placeholders,Template/Boilerplate,"هيكل H2 مكرر على 1 مقالة، ونسبة الجمل المكررة 36%. شورت كود كيان غير مُفسَّر (أقسام ناقصة في HTML): [post_call], [post_features], [post_prices], [post_services], [post_steps]. ما زال هناك رابط اتصال هاتفي tel: داخل المحتوى."
666,post,شركة تركيب وصيانة فلاتر مياه في عبري,https://rukn-eltatawer.com/om/water-filters-ibri/,water-filters-ibri,water-filters,ibri,2029,1242,0.388,0,20,13,1,https://rukn-eltatawer.com/om/building-renovation-ibri/,cross-service-duplicate,8,template_boilerplate|duplicate_similar|unexpanded_shortcodes|tel_in_content,Template/Boilerplate | Duplicate/Similar | Missing SEO Elements | Errors/Placeholders,Template/Boilerplate,"هيكل H2 مكرر على 1 مقالة، ونسبة الجمل المكررة 39%. تشابه مرتفع (hamming=8, cross-service-duplicate) مع https://rukn-eltatawer.com/om/building-renovation-ibri/. شورت كود كيان غير مُفسَّر (أقسام ناقصة في HTML): [post_call], [post_features], [post_prices], [post_services], [post_steps]. ما زال هناك رابط اتصال هاتفي tel: داخل المحتوى."
667,post,شركة تركيب وصيانة فلاتر مياه في الرستاق,https://rukn-eltatawer.com/om/water-filters-rustaq/,water-filters-rustaq,water-filters,rustaq,2073,1330,0.358,0,20,13,1,,,,template_boilerplate|unexpanded_shortcodes|tel_in_content,Template/Boilerplate | Missing SEO Elements | Errors/Placeholders,Template/Boilerplate,"هيكل H2 مكرر على 1 مقالة، ونسبة الجمل المكررة 36%. شورت كود كيان غير مُفسَّر (أقسام ناقصة في HTML): [post_call], [post_features], [post_prices], [post_services], [post_steps]. ما زال هناك رابط اتصال هاتفي tel: داخل المحتوى."
758,post,شركة عزل صوتي في صلالة,https://rukn-eltatawer.com/om/soundproofing-salalah/,soundproofing-salalah,soundproofing,salalah,2270,1443,0.364,0,20,13,1,https://rukn-eltatawer.com/om/roof-insulation-nizwa/,cross-service-duplicate,8,template_boilerplate|duplicate_similar|unexpanded_shortcodes|tel_in_content,Template/Boilerplate | Duplicate/Similar | Missing SEO Elements | Errors/Placeholders,Template/Boilerplate,"هيكل H2 مكرر على 1 مقالة، ونسبة الجمل المكررة 36%. تشابه مرتفع (hamming=8, cross-service-duplicate) مع https://rukn-eltatawer.com/om/roof-insulation-nizwa/. شورت كود كيان غير مُفسَّر (أقسام ناقصة في HTML): [post_call], [post_features], [post_prices], [post_services], [post_steps]. ما زال هناك رابط اتصال هاتفي tel: داخل المحتوى."
665,post,شركة تركيب وصيانة فلاتر مياه في صور,https://rukn-eltatawer.com/om/water-filters-sur/,water-filters-sur,water-filters,sur,2046,1234,0.397,0,20,13,1,,,,template_boilerplate|unexpanded_shortcodes|tel_in_content,Template/Boilerplate | Missing SEO Elements | Errors/Placeholders,Template/Boilerplate,"هيكل H2 مكرر على 1 مقالة، ونسبة الجمل المكررة 40%. شورت كود كيان غير مُفسَّر (أقسام ناقصة في HTML): [post_call], [post_features], [post_prices], [post_services], [post_steps]. ما زال هناك رابط اتصال هاتفي tel: داخل المحتوى."
664,post,شركة تركيب وصيانة فلاتر مياه في نزوى,https://rukn-eltatawer.com/om/water-filters-nizwa/,water-filters-nizwa,water-filters,nizwa,2091,1313,0.372,0,20,13,1,,,,template_boilerplate|unexpanded_shortcodes|tel_in_content,Template/Boilerplate | Missing SEO Elements | Errors/Placeholders,Template/Boilerplate,"هيكل H2 مكرر على 1 مقالة، ونسبة الجمل المكررة 37%. شورت كود كيان غير مُفسَّر (أقسام ناقصة في HTML): [post_call], [post_features], [post_prices], [post_services], [post_steps]. ما زال هناك رابط اتصال هاتفي tel: داخل المحتوى."
663,post,شركة تركيب وصيانة فلاتر مياه في صحار,https://rukn-eltatawer.com/om/water-filters-sohar/,water-filters-sohar,water-filters,sohar,2060,1243,0.397,0,20,13,1,,,,template_boilerplate|unexpanded_shortcodes|tel_in_content,Template/Boilerplate | Missing SEO Elements | Errors/Placeholders,Template/Boilerplate,"هيكل H2 مكرر على 1 مقالة، ونسبة الجمل المكررة 40%. شورت كود كيان غير مُفسَّر (أقسام ناقصة في HTML): [post_call], [post_features], [post_prices], [post_services], [post_steps]. ما زال هناك رابط اتصال هاتفي tel: داخل المحتوى."
662,post,شركة تركيب وصيانة فلاتر مياه في صلالة,https://rukn-eltatawer.com/om/water-filters-salalah/,water-filters-salalah,water-filters,salalah,2123,1302,0.387,0,20,13,1,https://rukn-eltatawer.com/om/tank-lining-maintenance-ibri/,cross-service-duplicate,8,template_boilerplate|duplicate_similar|unexpanded_shortcodes|tel_in_content,Template/Boilerplate | Duplicate/Similar | Missing SEO Elements | Errors/Placeholders,Template/Boilerplate,"هيكل H2 مكرر على 1 مقالة، ونسبة الجمل المكررة 39%. تشابه مرتفع (hamming=8, cross-service-duplicate) مع https://rukn-eltatawer.com/om/tank-lining-maintenance-ibri/. شورت كود كيان غير مُفسَّر (أقسام ناقصة في HTML): [post_call], [post_features], [post_prices], [post_services], [post_steps]. ما زال هناك رابط اتصال هاتفي tel: داخل المحتوى."
661,post,شركة تركيب وصيانة فلاتر مياه في مسقط,https://rukn-eltatawer.com/om/water-filters-muscat/,water-filters-muscat,water-filters,muscat,2147,1257,0.415,0,20,13,1,,,,template_boilerplate|unexpanded_shortcodes|tel_in_content,Template/Boilerplate | Missing SEO Elements | Errors/Placeholders,Template/Boilerplate,"هيكل H2 مكرر على 1 مقالة، ونسبة الجمل المكررة 42%. شورت كود كيان غير مُفسَّر (أقسام ناقصة في HTML): [post_call], [post_features], [post_prices], [post_services], [post_steps]. ما زال هناك رابط اتصال هاتفي tel: داخل المحتوى."
757,post,شركة عزل صوتي في مسقط,https://rukn-eltatawer.com/om/soundproofing-muscat/,soundproofing-muscat,soundproofing,muscat,2353,1493,0.365,0,20,13,1,,,,template_boilerplate|unexpanded_shortcodes|tel_in_content,Template/Boilerplate | Missing SEO Elements | Errors/Placeholders,Template/Boilerplate,"هيكل H2 مكرر على 1 مقالة، ونسبة الجمل المكررة 36%. شورت كود كيان غير مُفسَّر (أقسام ناقصة في HTML): [post_call], [post_features], [post_prices], [post_services], [post_steps]. ما زال هناك رابط اتصال هاتفي tel: داخل المحتوى."
548,post,شركة صيانة كاميرات مراقبة في البريمي,https://rukn-eltatawer.com/om/cctv-maintenance-al-buraimi/,cctv-maintenance-al-buraimi,cctv-maintenance,al-buraimi,2047,1256,0.386,0,20,12,1,,,,template_boilerplate|unexpanded_shortcodes|tel_in_content,Template/Boilerplate | Missing SEO Elements | Errors/Placeholders,Template/Boilerplate,"هيكل H2 مكرر على 1 مقالة، ونسبة الجمل المكررة 39%. شورت كود كيان غير مُفسَّر (أقسام ناقصة في HTML): [post_call], [post_features], [post_prices], [post_services], [post_steps]. ما زال هناك رابط اتصال هاتفي tel: داخل المحتوى."
546,post,شركة صيانة كاميرات مراقبة في عبري,https://rukn-eltatawer.com/om/cctv-maintenance-ibri/,cctv-maintenance-ibri,cctv-maintenance,ibri,2012,1164,0.421,0,20,12,1,,,,template_boilerplate|unexpanded_shortcodes|tel_in_content,Template/Boilerplate | Missing SEO Elements | Errors/Placeholders,Template/Boilerplate,"هيكل H2 مكرر على 1 مقالة، ونسبة الجمل المكررة 42%. شورت كود كيان غير مُفسَّر (أقسام ناقصة في HTML): [post_call], [post_features], [post_prices], [post_services], [post_steps]. ما زال هناك رابط اتصال هاتفي tel: داخل المحتوى."
547,post,شركة صيانة كاميرات مراقبة في الرستاق,https://rukn-eltatawer.com/om/cctv-maintenance-rustaq/,cctv-maintenance-rustaq,cctv-maintenance,rustaq,2038,1151,0.435,0,20,12,1,,,,template_boilerplate|unexpanded_shortcodes|tel_in_content,Template/Boilerplate | Missing SEO Elements | Errors/Placeholders,Template/Boilerplate,"هيكل H2 مكرر على 1 مقالة، ونسبة الجمل المكررة 44%. شورت كود كيان غير مُفسَّر (أقسام ناقصة في HTML): [post_call], [post_features], [post_prices], [post_services], [post_steps]. ما زال هناك رابط اتصال هاتفي tel: داخل المحتوى."
545,post,شركة صيانة كاميرات مراقبة في صور,https://rukn-eltatawer.com/om/cctv-maintenance-sur/,cctv-maintenance-sur,cctv-maintenance,sur,2046,1135,0.445,0,20,12,1,,,,template_boilerplate|unexpanded_shortcodes|tel_in_content,Template/Boilerplate | Missing SEO Elements | Errors/Placeholders,Template/Boilerplate,"هيكل H2 مكرر على 1 مقالة، ونسبة الجمل المكررة 44%. شورت كود كيان غير مُفسَّر (أقسام ناقصة في HTML): [post_call], [post_features], [post_prices], [post_services], [post_steps]. ما زال هناك رابط اتصال هاتفي tel: داخل المحتوى."
544,post,شركة صيانة كاميرات مراقبة في نزوى,https://rukn-eltatawer.com/om/cctv-maintenance-nizwa/,cctv-maintenance-nizwa,cctv-maintenance,nizwa,2058,1185,0.424,0,20,12,1,,,,template_boilerplate|unexpanded_shortcodes|tel_in_content,Template/Boilerplate | Missing SEO Elements | Errors/Placeholders,Template/Boilerplate,"هيكل H2 مكرر على 1 مقالة، ونسبة الجمل المكررة 42%. شورت كود كيان غير مُفسَّر (أقسام ناقصة في HTML): [post_call], [post_features], [post_prices], [post_services], [post_steps]. ما زال هناك رابط اتصال هاتفي tel: داخل المحتوى."
543,post,شركة صيانة كاميرات مراقبة في صحار,https://rukn-eltatawer.com/om/cctv-maintenance-sohar/,cctv-maintenance-sohar,cctv-maintenance,sohar,2053,1125,0.452,0,20,12,1,,,,template_boilerplate|unexpanded_shortcodes|tel_in_content,Template/Boilerplate | Missing SEO Elements | Errors/Placeholders,Template/Boilerplate,"هيكل H2 مكرر على 1 مقالة، ونسبة الجمل المكررة 45%. شورت كود كيان غير مُفسَّر (أقسام ناقصة في HTML): [post_call], [post_features], [post_prices], [post_services], [post_steps]. ما زال هناك رابط اتصال هاتفي tel: داخل المحتوى."
542,post,شركة صيانة كاميرات مراقبة في صلالة,https://rukn-eltatawer.com/om/cctv-maintenance-salalah/,cctv-maintenance-salalah,cctv-maintenance,salalah,2126,1284,0.396,0,20,12,1,,,,template_boilerplate|unexpanded_shortcodes|tel_in_content,Template/Boilerplate | Missing SEO Elements | Errors/Placeholders,Template/Boilerplate,"هيكل H2 مكرر على 1 مقالة، ونسبة الجمل المكررة 40%. شورت كود كيان غير مُفسَّر (أقسام ناقصة في HTML): [post_call], [post_features], [post_prices], [post_services], [post_steps]. ما زال هناك رابط اتصال هاتفي tel: داخل المحتوى."
541,post,شركة صيانة كاميرات مراقبة في مسقط,https://rukn-eltatawer.com/om/cctv-maintenance-muscat/,cctv-maintenance-muscat,cctv-maintenance,muscat,2138,1265,0.408,0,20,12,1,,,,template_boilerplate|unexpanded_shortcodes|tel_in_content,Template/Boilerplate | Missing SEO Elements | Errors/Placeholders,Template/Boilerplate,"هيكل H2 مكرر على 1 مقالة، ونسبة الجمل المكررة 41%. شورت كود كيان غير مُفسَّر (أقسام ناقصة في HTML): [post_call], [post_features], [post_prices], [post_services], [post_steps]. ما زال هناك رابط اتصال هاتفي tel: داخل المحتوى."
1540,post,فني تركيب كاميرات مراقبة في البريمي,https://rukn-eltatawer.com/om/cctv-tech-al-buraimi/,cctv-tech-al-buraimi,cctv-tech,al-buraimi,2009,1197,0.404,0,20,12,1,,,,template_boilerplate|unexpanded_shortcodes|tel_in_content,Template/Boilerplate | Missing SEO Elements | Errors/Placeholders,Template/Boilerplate,"هيكل H2 مكرر على 1 مقالة، ونسبة الجمل المكررة 40%. شورت كود كيان غير مُفسَّر (أقسام ناقصة في HTML): [post_call], [post_features], [post_prices], [post_services], [post_steps]. ما زال هناك رابط اتصال هاتفي tel: داخل المحتوى."
1538,post,فني تركيب كاميرات مراقبة في عبري,https://rukn-eltatawer.com/om/cctv-tech-ibri/,cctv-tech-ibri,cctv-tech,ibri,2007,1249,0.378,0,20,12,1,,,,template_boilerplate|unexpanded_shortcodes|tel_in_content,Template/Boilerplate | Missing SEO Elements | Errors/Placeholders,Template/Boilerplate,"هيكل H2 مكرر على 1 مقالة، ونسبة الجمل المكررة 38%. شورت كود كيان غير مُفسَّر (أقسام ناقصة في HTML): [post_call], [post_features], [post_prices], [post_services], [post_steps]. ما زال هناك رابط اتصال هاتفي tel: داخل المحتوى."
778,post,شركة تبطين وصيانة خزانات مياه في عبري,https://rukn-eltatawer.com/om/tank-lining-maintenance-ibri/,tank-lining-maintenance-ibri,tank-lining-maintenance,ibri,2301,1466,0.363,0,20,13,1,https://rukn-eltatawer.com/om/water-filters-salalah/,cross-service-duplicate,8,template_boilerplate|duplicate_similar|unexpanded_shortcodes|tel_in_content,Template/Boilerplate | Duplicate/Similar | Missing SEO Elements | Errors/Placeholders,Template/Boilerplate,"هيكل H2 مكرر على 1 مقالة، ونسبة الجمل المكررة 36%. تشابه مرتفع (hamming=8, cross-service-duplicate) مع https://rukn-eltatawer.com/om/water-filters-salalah/. شورت كود كيان غير مُفسَّر (أقسام ناقصة في HTML): [post_call], [post_features], [post_prices], [post_services], [post_steps]. ما زال هناك رابط اتصال هاتفي tel: داخل المحتوى."
1539,post,فني تركيب كاميرات مراقبة في الرستاق,https://rukn-eltatawer.com/om/cctv-tech-rustaq/,cctv-tech-rustaq,cctv-tech,rustaq,2048,1261,0.384,0,20,12,1,,,,template_boilerplate|unexpanded_shortcodes|tel_in_content,Template/Boilerplate | Missing SEO Elements | Errors/Placeholders,Template/Boilerplate,"هيكل H2 مكرر على 1 مقالة، ونسبة الجمل المكررة 38%. شورت كود كيان غير مُفسَّر (أقسام ناقصة في HTML): [post_call], [post_features], [post_prices], [post_services], [post_steps]. ما زال هناك رابط اتصال هاتفي tel: داخل المحتوى."
1537,post,فني تركيب كاميرات مراقبة في صور,https://rukn-eltatawer.com/om/cctv-tech-sur/,cctv-tech-sur,cctv-tech,sur,2097,1259,0.4,0,20,12,1,,,,template_boilerplate|unexpanded_shortcodes|tel_in_content,Template/Boilerplate | Missing SEO Elements | Errors/Placeholders,Template/Boilerplate,"هيكل H2 مكرر على 1 مقالة، ونسبة الجمل المكررة 40%. شورت كود كيان غير مُفسَّر (أقسام ناقصة في HTML): [post_call], [post_features], [post_prices], [post_services], [post_steps]. ما زال هناك رابط اتصال هاتفي tel: داخل المحتوى."
1536,post,فني تركيب كاميرات مراقبة في نزوى,https://rukn-eltatawer.com/om/cctv-tech-nizwa/,cctv-tech-nizwa,cctv-tech,nizwa,2060,1224,0.406,0,20,12,1,,,,template_boilerplate|unexpanded_shortcodes|tel_in_content,Template/Boilerplate | Missing SEO Elements | Errors/Placeholders,Template/Boilerplate,"هيكل H2 مكرر على 1 مقالة، ونسبة الجمل المكررة 41%. شورت كود كيان غير مُفسَّر (أقسام ناقصة في HTML): [post_call], [post_features], [post_prices], [post_services], [post_steps]. ما زال هناك رابط اتصال هاتفي tel: داخل المحتوى."
1535,post,فني تركيب كاميرات مراقبة في صحار,https://rukn-eltatawer.com/om/cctv-tech-sohar/,cctv-tech-sohar,cctv-tech,sohar,2033,1212,0.404,0,20,12,1,,,,template_boilerplate|unexpanded_shortcodes|tel_in_content,Template/Boilerplate | Missing SEO Elements | Errors/Placeholders,Template/Boilerplate,"هيكل H2 مكرر على 1 مقالة، ونسبة الجمل المكررة 40%. شورت كود كيان غير مُفسَّر (أقسام ناقصة في HTML): [post_call], [post_features], [post_prices], [post_services], [post_steps]. ما زال هناك رابط اتصال هاتفي tel: داخل المحتوى."
1534,post,فني تركيب كاميرات مراقبة في صلالة,https://rukn-eltatawer.com/om/cctv-tech-salalah/,cctv-tech-salalah,cctv-tech,salalah,2085,1300,0.376,0,20,12,1,,,,template_boilerplate|unexpanded_shortcodes|tel_in_content|structural_error,Template/Boilerplate | Missing SEO Elements | Errors/Placeholders,Template/Boilerplate,"هيكل H2 مكرر على 1 مقالة، ونسبة الجمل المكررة 38%. شورت كود كيان غير مُفسَّر (أقسام ناقصة في HTML): [post_call], [post_features], [post_prices], [post_services], [post_steps]. ما زال هناك رابط اتصال هاتفي tel: داخل المحتوى. فقرتان متتاليتان متطابقتان."
779,post,شركة تبطين وصيانة خزانات مياه في الرستاق,https://rukn-eltatawer.com/om/tank-lining-maintenance-rustaq/,tank-lining-maintenance-rustaq,tank-lining-maintenance,rustaq,2324,1501,0.354,0,20,13,1,https://rukn-eltatawer.com/om/tank-lining-maintenance-nizwa/,city-variant-template,6,template_boilerplate|duplicate_similar|unexpanded_shortcodes|tel_in_content,Template/Boilerplate | Duplicate/Similar | Missing SEO Elements | Errors/Placeholders,Template/Boilerplate,"هيكل H2 مكرر على 1 مقالة، ونسبة الجمل المكررة 35%. تشابه مرتفع (hamming=6, city-variant-template) مع https://rukn-eltatawer.com/om/tank-lining-maintenance-nizwa/. شورت كود كيان غير مُفسَّر (أقسام ناقصة في HTML): [post_call], [post_features], [post_prices], [post_services], [post_steps]. ما زال هناك رابط اتصال هاتفي tel: داخل المحتوى."
1533,post,فني تركيب كاميرات مراقبة في مسقط,https://rukn-eltatawer.com/om/cctv-tech-muscat/,cctv-tech-muscat,cctv-tech,muscat,2146,1356,0.368,0,20,12,1,,,,template_boilerplate|unexpanded_shortcodes|tel_in_content,Template/Boilerplate | Missing SEO Elements | Errors/Placeholders,Template/Boilerplate,"هيكل H2 مكرر على 1 مقالة، ونسبة الجمل المكررة 37%. شورت كود كيان غير مُفسَّر (أقسام ناقصة في HTML): [post_call], [post_features], [post_prices], [post_services], [post_steps]. ما زال هناك رابط اتصال هاتفي tel: داخل المحتوى."
1292,post,شركة تركيب أنظمة طاقة شمسية في البريمي,https://rukn-eltatawer.com/om/solar-systems-installation-al-buraimi/,solar-systems-installation-al-buraimi,solar-systems-installation,al-buraimi,2128,1396,0.344,0,20,13,1,,,,unexpanded_shortcodes|tel_in_content,Missing SEO Elements | Errors/Placeholders,Missing SEO Elements,"شورت كود كيان غير مُفسَّر (أقسام ناقصة في HTML): [post_call], [post_features], [post_prices], [post_services], [post_steps]. ما زال هناك رابط اتصال هاتفي tel: داخل المحتوى."
1290,post,شركة تركيب أنظمة طاقة شمسية في عبري,https://rukn-eltatawer.com/om/solar-systems-installation-ibri/,solar-systems-installation-ibri,solar-systems-installation,ibri,2110,1308,0.38,0,20,13,1,,,,template_boilerplate|unexpanded_shortcodes|tel_in_content,Template/Boilerplate | Missing SEO Elements | Errors/Placeholders,Template/Boilerplate,"هيكل H2 مكرر على 1 مقالة، ونسبة الجمل المكررة 38%. شورت كود كيان غير مُفسَّر (أقسام ناقصة في HTML): [post_call], [post_features], [post_prices], [post_services], [post_steps]. ما زال هناك رابط اتصال هاتفي tel: داخل المحتوى."
1291,post,شركة تركيب أنظمة طاقة شمسية في الرستاق,https://rukn-eltatawer.com/om/solar-systems-installation-rustaq/,solar-systems-installation-rustaq,solar-systems-installation,rustaq,2151,1356,0.37,0,20,13,1,,,,template_boilerplate|unexpanded_shortcodes|tel_in_content,Template/Boilerplate | Missing SEO Elements | Errors/Placeholders,Template/Boilerplate,"هيكل H2 مكرر على 1 مقالة، ونسبة الجمل المكررة 37%. شورت كود كيان غير مُفسَّر (أقسام ناقصة في HTML): [post_call], [post_features], [post_prices], [post_services], [post_steps]. ما زال هناك رابط اتصال هاتفي tel: داخل المحتوى."
1289,post,شركة تركيب أنظمة طاقة شمسية في صور,https://rukn-eltatawer.com/om/solar-systems-installation-sur/,solar-systems-installation-sur,solar-systems-installation,sur,2122,1328,0.374,0,20,13,1,,,,template_boilerplate|unexpanded_shortcodes|tel_in_content,Template/Boilerplate | Missing SEO Elements | Errors/Placeholders,Template/Boilerplate,"هيكل H2 مكرر على 1 مقالة، ونسبة الجمل المكررة 37%. شورت كود كيان غير مُفسَّر (أقسام ناقصة في HTML): [post_call], [post_features], [post_prices], [post_services], [post_steps]. ما زال هناك رابط اتصال هاتفي tel: داخل المحتوى."
777,post,شركة تبطين وصيانة خزانات مياه في صور,https://rukn-eltatawer.com/om/tank-lining-maintenance-sur/,tank-lining-maintenance-sur,tank-lining-maintenance,sur,2299,1540,0.33,0,20,13,1,,,,unexpanded_shortcodes|tel_in_content,Missing SEO Elements | Errors/Placeholders,Missing SEO Elements,"شورت كود كيان غير مُفسَّر (أقسام ناقصة في HTML): [post_call], [post_features], [post_prices], [post_services], [post_steps]. ما زال هناك رابط اتصال هاتفي tel: داخل المحتوى."
1288,post,شركة تركيب أنظمة طاقة شمسية في نزوى,https://rukn-eltatawer.com/om/solar-systems-installation-nizwa/,solar-systems-installation-nizwa,solar-systems-installation,nizwa,2163,1362,0.37,0,20,13,1,,,,template_boilerplate|unexpanded_shortcodes|tel_in_content,Template/Boilerplate | Missing SEO Elements | Errors/Placeholders,Template/Boilerplate,"هيكل H2 مكرر على 1 مقالة، ونسبة الجمل المكررة 37%. شورت كود كيان غير مُفسَّر (أقسام ناقصة في HTML): [post_call], [post_features], [post_prices], [post_services], [post_steps]. ما زال هناك رابط اتصال هاتفي tel: داخل المحتوى."
1287,post,شركة تركيب أنظمة طاقة شمسية في صحار,https://rukn-eltatawer.com/om/solar-systems-installation-sohar/,solar-systems-installation-sohar,solar-systems-installation,sohar,2141,1359,0.365,0,20,13,1,,,,template_boilerplate|unexpanded_shortcodes|tel_in_content,Template/Boilerplate | Missing SEO Elements | Errors/Placeholders,Template/Boilerplate,"هيكل H2 مكرر على 1 مقالة، ونسبة الجمل المكررة 36%. شورت كود كيان غير مُفسَّر (أقسام ناقصة في HTML): [post_call], [post_features], [post_prices], [post_services], [post_steps]. ما زال هناك رابط اتصال هاتفي tel: داخل المحتوى."
1286,post,شركة تركيب أنظمة طاقة شمسية في صلالة,https://rukn-eltatawer.com/om/solar-systems-installation-salalah/,solar-systems-installation-salalah,solar-systems-installation,salalah,2217,1394,0.371,0,20,13,1,,,,template_boilerplate|unexpanded_shortcodes|tel_in_content,Template/Boilerplate | Missing SEO Elements | Errors/Placeholders,Template/Boilerplate,"هيكل H2 مكرر على 1 مقالة، ونسبة الجمل المكررة 37%. شورت كود كيان غير مُفسَّر (أقسام ناقصة في HTML): [post_call], [post_features], [post_prices], [post_services], [post_steps]. ما زال هناك رابط اتصال هاتفي tel: داخل المحتوى."
1285,post,شركة تركيب أنظمة طاقة شمسية في مسقط,https://rukn-eltatawer.com/om/solar-systems-installation-muscat/,solar-systems-installation-muscat,solar-systems-installation,muscat,2221,1370,0.383,0,20,13,1,,,,template_boilerplate|unexpanded_shortcodes|tel_in_content,Template/Boilerplate | Missing SEO Elements | Errors/Placeholders,Template/Boilerplate,"هيكل H2 مكرر على 1 مقالة، ونسبة الجمل المكررة 38%. شورت كود كيان غير مُفسَّر (أقسام ناقصة في HTML): [post_call], [post_features], [post_prices], [post_services], [post_steps]. ما زال هناك رابط اتصال هاتفي tel: داخل المحتوى."
1300,post,شركة تركيب سخانات طاقة شمسية في البريمي,https://rukn-eltatawer.com/om/solar-water-heaters-al-buraimi/,solar-water-heaters-al-buraimi,solar-water-heaters,al-buraimi,2254,1483,0.342,0,20,13,1,https://rukn-eltatawer.com/om/solar-water-heaters-sohar/,city-variant-template,7,duplicate_similar|unexpanded_shortcodes|tel_in_content,Duplicate/Similar | Missing SEO Elements | Errors/Placeholders,Duplicate/Similar,"تشابه مرتفع (hamming=7, city-variant-template) مع https://rukn-eltatawer.com/om/solar-water-heaters-sohar/. شورت كود كيان غير مُفسَّر (أقسام ناقصة في HTML): [post_call], [post_features], [post_prices], [post_services], [post_steps]. ما زال هناك رابط اتصال هاتفي tel: داخل المحتوى."
776,post,شركة تبطين وصيانة خزانات مياه في نزوى,https://rukn-eltatawer.com/om/tank-lining-maintenance-nizwa/,tank-lining-maintenance-nizwa,tank-lining-maintenance,nizwa,2319,1480,0.362,0,20,13,1,https://rukn-eltatawer.com/om/tank-lining-maintenance-al-buraimi/,city-variant-template,5,template_boilerplate|duplicate_similar|unexpanded_shortcodes|tel_in_content,Template/Boilerplate | Duplicate/Similar | Missing SEO Elements | Errors/Placeholders,Template/Boilerplate,"هيكل H2 مكرر على 1 مقالة، ونسبة الجمل المكررة 36%. تشابه مرتفع (hamming=5, city-variant-template) مع https://rukn-eltatawer.com/om/tank-lining-maintenance-al-buraimi/. شورت كود كيان غير مُفسَّر (أقسام ناقصة في HTML): [post_call], [post_features], [post_prices], [post_services], [post_steps]. ما زال هناك رابط اتصال هاتفي tel: داخل المحتوى."
1298,post,شركة تركيب سخانات طاقة شمسية في عبري,https://rukn-eltatawer.com/om/solar-water-heaters-ibri/,solar-water-heaters-ibri,solar-water-heaters,ibri,2271,1324,0.417,0,20,13,1,https://rukn-eltatawer.com/om/solar-water-heaters-muscat/,city-variant-template,7,template_boilerplate|duplicate_similar|unexpanded_shortcodes|tel_in_content,Template/Boilerplate | Duplicate/Similar | Missing SEO Elements | Errors/Placeholders,Template/Boilerplate,"هيكل H2 مكرر على 1 مقالة، ونسبة الجمل المكررة 42%. تشابه مرتفع (hamming=7, city-variant-template) مع https://rukn-eltatawer.com/om/solar-water-heaters-muscat/. شورت كود كيان غير مُفسَّر (أقسام ناقصة في HTML): [post_call], [post_features], [post_prices], [post_services], [post_steps]. ما زال هناك رابط اتصال هاتفي tel: داخل المحتوى."
1299,post,شركة تركيب سخانات طاقة شمسية في الرستاق,https://rukn-eltatawer.com/om/solar-water-heaters-rustaq/,solar-water-heaters-rustaq,solar-water-heaters,rustaq,2283,1523,0.333,0,20,13,1,,,,unexpanded_shortcodes|tel_in_content,Missing SEO Elements | Errors/Placeholders,Missing SEO Elements,"شورت كود كيان غير مُفسَّر (أقسام ناقصة في HTML): [post_call], [post_features], [post_prices], [post_services], [post_steps]. ما زال هناك رابط اتصال هاتفي tel: داخل المحتوى."
1297,post,شركة تركيب سخانات طاقة شمسية في صور,https://rukn-eltatawer.com/om/solar-water-heaters-sur/,solar-water-heaters-sur,solar-water-heaters,sur,2288,1468,0.358,0,20,13,1,,,,template_boilerplate|unexpanded_shortcodes|tel_in_content,Template/Boilerplate | Missing SEO Elements | Errors/Placeholders,Template/Boilerplate,"هيكل H2 مكرر على 1 مقالة، ونسبة الجمل المكررة 36%. شورت كود كيان غير مُفسَّر (أقسام ناقصة في HTML): [post_call], [post_features], [post_prices], [post_services], [post_steps]. ما زال هناك رابط اتصال هاتفي tel: داخل المحتوى."
1296,post,شركة تركيب سخانات طاقة شمسية في نزوى,https://rukn-eltatawer.com/om/solar-water-heaters-nizwa/,solar-water-heaters-nizwa,solar-water-heaters,nizwa,2315,1459,0.37,0,20,13,1,,,,template_boilerplate|unexpanded_shortcodes|tel_in_content,Template/Boilerplate | Missing SEO Elements | Errors/Placeholders,Template/Boilerplate,"هيكل H2 مكرر على 1 مقالة، ونسبة الجمل المكررة 37%. شورت كود كيان غير مُفسَّر (أقسام ناقصة في HTML): [post_call], [post_features], [post_prices], [post_services], [post_steps]. ما زال هناك رابط اتصال هاتفي tel: داخل المحتوى."
1295,post,شركة تركيب سخانات طاقة شمسية في صحار,https://rukn-eltatawer.com/om/solar-water-heaters-sohar/,solar-water-heaters-sohar,solar-water-heaters,sohar,2285,1569,0.313,0,20,13,1,https://rukn-eltatawer.com/om/solar-water-heaters-al-buraimi/,city-variant-template,7,duplicate_similar|unexpanded_shortcodes|tel_in_content,Duplicate/Similar | Missing SEO Elements | Errors/Placeholders,Duplicate/Similar,"تشابه مرتفع (hamming=7, city-variant-template) مع https://rukn-eltatawer.com/om/solar-water-heaters-al-buraimi/. شورت كود كيان غير مُفسَّر (أقسام ناقصة في HTML): [post_call], [post_features], [post_prices], [post_services], [post_steps]. ما زال هناك رابط اتصال هاتفي tel: داخل المحتوى."
1294,post,شركة تركيب سخانات طاقة شمسية في صلالة,https://rukn-eltatawer.com/om/solar-water-heaters-salalah/,solar-water-heaters-salalah,solar-water-heaters,salalah,2375,1587,0.332,0,20,13,1,https://rukn-eltatawer.com/om/water-heater-installation-salalah/,cross-service-duplicate,8,duplicate_similar|unexpanded_shortcodes|tel_in_content,Duplicate/Similar | Missing SEO Elements | Errors/Placeholders,Duplicate/Similar,"تشابه مرتفع (hamming=8, cross-service-duplicate) مع https://rukn-eltatawer.com/om/water-heater-installation-salalah/. شورت كود كيان غير مُفسَّر (أقسام ناقصة في HTML): [post_call], [post_features], [post_prices], [post_services], [post_steps]. ما زال هناك رابط اتصال هاتفي tel: داخل المحتوى."
775,post,شركة تبطين وصيانة خزانات مياه في صحار,https://rukn-eltatawer.com/om/tank-lining-maintenance-sohar/,tank-lining-maintenance-sohar,tank-lining-maintenance,sohar,2324,1504,0.353,0,20,13,1,,,,template_boilerplate|unexpanded_shortcodes|tel_in_content,Template/Boilerplate | Missing SEO Elements | Errors/Placeholders,Template/Boilerplate,"هيكل H2 مكرر على 1 مقالة، ونسبة الجمل المكررة 35%. شورت كود كيان غير مُفسَّر (أقسام ناقصة في HTML): [post_call], [post_features], [post_prices], [post_services], [post_steps]. ما زال هناك رابط اتصال هاتفي tel: داخل المحتوى."
1293,post,شركة تركيب سخانات طاقة شمسية في مسقط,https://rukn-eltatawer.com/om/solar-water-heaters-muscat/,solar-water-heaters-muscat,solar-water-heaters,muscat,2411,1508,0.375,0,20,13,1,https://rukn-eltatawer.com/om/solar-water-heaters-ibri/,city-variant-template,7,template_boilerplate|duplicate_similar|unexpanded_shortcodes|tel_in_content,Template/Boilerplate | Duplicate/Similar | Missing SEO Elements | Errors/Placeholders,Template/Boilerplate,"هيكل H2 مكرر على 1 مقالة، ونسبة الجمل المكررة 38%. تشابه مرتفع (hamming=7, city-variant-template) مع https://rukn-eltatawer.com/om/solar-water-heaters-ibri/. شورت كود كيان غير مُفسَّر (أقسام ناقصة في HTML): [post_call], [post_features], [post_prices], [post_services], [post_steps]. ما زال هناك رابط اتصال هاتفي tel: داخل المحتوى."
1308,post,شركة تركيب أجهزة تكييف طاقة شمسية في البريمي,https://rukn-eltatawer.com/om/solar-ac-installation-al-buraimi/,solar-ac-installation-al-buraimi,solar-ac-installation,al-buraimi,2319,1422,0.387,0,20,13,1,,,,template_boilerplate|unexpanded_shortcodes|tel_in_content,Template/Boilerplate | Missing SEO Elements | Errors/Placeholders,Template/Boilerplate,"هيكل H2 مكرر على 1 مقالة، ونسبة الجمل المكررة 39%. شورت كود كيان غير مُفسَّر (أقسام ناقصة في HTML): [post_call], [post_features], [post_prices], [post_services], [post_steps]. ما زال هناك رابط اتصال هاتفي tel: داخل المحتوى."
1306,post,شركة تركيب أجهزة تكييف طاقة شمسية في عبري,https://rukn-eltatawer.com/om/solar-ac-installation-ibri/,solar-ac-installation-ibri,solar-ac-installation,ibri,2284,1318,0.423,0,20,13,1,https://rukn-eltatawer.com/om/24h-emergency-electrician-salalah/,cross-service-duplicate,7,template_boilerplate|duplicate_similar|unexpanded_shortcodes|tel_in_content,Template/Boilerplate | Duplicate/Similar | Missing SEO Elements | Errors/Placeholders,Template/Boilerplate,"هيكل H2 مكرر على 1 مقالة، ونسبة الجمل المكررة 42%. تشابه مرتفع (hamming=7, cross-service-duplicate) مع https://rukn-eltatawer.com/om/24h-emergency-electrician-salalah/. شورت كود كيان غير مُفسَّر (أقسام ناقصة في HTML): [post_call], [post_features], [post_prices], [post_services], [post_steps]. ما زال هناك رابط اتصال هاتفي tel: داخل المحتوى."
1307,post,شركة تركيب أجهزة تكييف طاقة شمسية في الرستاق,https://rukn-eltatawer.com/om/solar-ac-installation-rustaq/,solar-ac-installation-rustaq,solar-ac-installation,rustaq,2364,1401,0.407,0,20,13,1,,,,template_boilerplate|unexpanded_shortcodes|tel_in_content,Template/Boilerplate | Missing SEO Elements | Errors/Placeholders,Template/Boilerplate,"هيكل H2 مكرر على 1 مقالة، ونسبة الجمل المكررة 41%. شورت كود كيان غير مُفسَّر (أقسام ناقصة في HTML): [post_call], [post_features], [post_prices], [post_services], [post_steps]. ما زال هناك رابط اتصال هاتفي tel: داخل المحتوى."
1305,post,شركة تركيب أجهزة تكييف طاقة شمسية في صور,https://rukn-eltatawer.com/om/solar-ac-installation-sur/,solar-ac-installation-sur,solar-ac-installation,sur,2379,1278,0.463,0,20,13,1,,,,template_boilerplate|unexpanded_shortcodes|tel_in_content,Template/Boilerplate | Missing SEO Elements | Errors/Placeholders,Template/Boilerplate,"هيكل H2 مكرر على 1 مقالة، ونسبة الجمل المكررة 46%. شورت كود كيان غير مُفسَّر (أقسام ناقصة في HTML): [post_call], [post_features], [post_prices], [post_services], [post_steps]. ما زال هناك رابط اتصال هاتفي tel: داخل المحتوى."
886,post,شركة تركيب باركيه وأرضيات خشب في صلالة,https://rukn-eltatawer.com/om/parquet-salalah/,parquet-salalah,parquet,salalah,2143,1348,0.371,0,20,13,1,,,,template_boilerplate|unexpanded_shortcodes|tel_in_content,Template/Boilerplate | Missing SEO Elements | Errors/Placeholders,Template/Boilerplate,"هيكل H2 مكرر على 1 مقالة، ونسبة الجمل المكررة 37%. شورت كود كيان غير مُفسَّر (أقسام ناقصة في HTML): [post_call], [post_features], [post_prices], [post_services], [post_steps]. ما زال هناك رابط اتصال هاتفي tel: داخل المحتوى."
1134,post,شركة زرع نخيل وأشجار في صلالة,https://rukn-eltatawer.com/om/palm-tree-planting-salalah/,palm-tree-planting-salalah,palm-tree-planting,salalah,2259,1313,0.419,0,20,13,1,,,,template_boilerplate|unexpanded_shortcodes|tel_in_content,Template/Boilerplate | Missing SEO Elements | Errors/Placeholders,Template/Boilerplate,"هيكل H2 مكرر على 1 مقالة، ونسبة الجمل المكررة 42%. شورت كود كيان غير مُفسَّر (أقسام ناقصة في HTML): [post_call], [post_features], [post_prices], [post_services], [post_steps]. ما زال هناك رابط اتصال هاتفي tel: داخل المحتوى."
1735,post,شركة كهربائي منازل في صحار,https://rukn-eltatawer.com/om/home-electrician-elec-sohar/,home-electrician-elec-sohar,home-electrician-elec,sohar,2169,1381,0.363,0,20,13,1,,,,template_boilerplate|unexpanded_shortcodes|tel_in_content,Template/Boilerplate | Missing SEO Elements | Errors/Placeholders,Template/Boilerplate,"هيكل H2 مكرر على 1 مقالة، ونسبة الجمل المكررة 36%. شورت كود كيان غير مُفسَّر (أقسام ناقصة في HTML): [post_call], [post_features], [post_prices], [post_services], [post_steps]. ما زال هناك رابط اتصال هاتفي tel: داخل المحتوى."
85,post,شركة تنظيف قصور في صلالة,https://rukn-eltatawer.com/om/palace-cleaning-salalah/,palace-cleaning-salalah,palace-cleaning,salalah,2273,1267,0.443,0,20,13,1,,,,template_boilerplate|unexpanded_shortcodes|tel_in_content|structural_error,Template/Boilerplate | Missing SEO Elements | Errors/Placeholders,Template/Boilerplate,"هيكل H2 مكرر على 1 مقالة، ونسبة الجمل المكررة 44%. شورت كود كيان غير مُفسَّر (أقسام ناقصة في HTML): [post_call], [post_features], [post_prices], [post_services], [post_steps]. ما زال هناك رابط اتصال هاتفي tel: داخل المحتوى. فقرتان متتاليتان متطابقتان."
1494,post,عامل دهانات في صلالة,https://rukn-eltatawer.com/om/painter-salalah/,painter-salalah,painter,salalah,2199,1229,0.441,0,20,13,1,,,,template_boilerplate|unexpanded_shortcodes|tel_in_content,Template/Boilerplate | Missing SEO Elements | Errors/Placeholders,Template/Boilerplate,"هيكل H2 مكرر على 1 مقالة، ونسبة الجمل المكررة 44%. شورت كود كيان غير مُفسَّر (أقسام ناقصة في HTML): [post_call], [post_features], [post_prices], [post_services], [post_steps]. ما زال هناك رابط اتصال هاتفي tel: داخل المحتوى."
1694,post,شركة إزالة دهان قديم وتحضير أسطح في صلالة,https://rukn-eltatawer.com/om/paint-removal-surface-prep-salalah/,paint-removal-surface-prep-salalah,paint-removal-surface-prep,salalah,2330,1344,0.423,0,20,13,1,,,,template_boilerplate|unexpanded_shortcodes|tel_in_content,Template/Boilerplate | Missing SEO Elements | Errors/Placeholders,Template/Boilerplate,"هيكل H2 مكرر على 1 مقالة، ونسبة الجمل المكررة 42%. شورت كود كيان غير مُفسَّر (أقسام ناقصة في HTML): [post_call], [post_features], [post_prices], [post_services], [post_steps]. ما زال هناك رابط اتصال هاتفي tel: داخل المحتوى."
1454,post,شركة التعقيم بالأوزون في صلالة,https://rukn-eltatawer.com/om/ozone-disinfection-salalah/,ozone-disinfection-salalah,ozone-disinfection,salalah,2236,1253,0.44,0,20,13,1,,,,template_boilerplate|unexpanded_shortcodes|tel_in_content,Template/Boilerplate | Missing SEO Elements | Errors/Placeholders,Template/Boilerplate,"هيكل H2 مكرر على 1 مقالة، ونسبة الجمل المكررة 44%. شورت كود كيان غير مُفسَّر (أقسام ناقصة في HTML): [post_call], [post_features], [post_prices], [post_services], [post_steps]. ما زال هناك رابط اتصال هاتفي tel: داخل المحتوى."
558,post,شركة صيانة أفران في صلالة,https://rukn-eltatawer.com/om/oven-maintenance-salalah/,oven-maintenance-salalah,oven-maintenance,salalah,2148,1326,0.383,0,20,13,1,,,,template_boilerplate|unexpanded_shortcodes|tel_in_content,Template/Boilerplate | Missing SEO Elements | Errors/Placeholders,Template/Boilerplate,"هيكل H2 مكرر على 1 مقالة، ونسبة الجمل المكررة 38%. شورت كود كيان غير مُفسَّر (أقسام ناقصة في HTML): [post_call], [post_features], [post_prices], [post_services], [post_steps]. ما زال هناك رابط اتصال هاتفي tel: داخل المحتوى."
1734,post,شركة كهربائي منازل في صلالة,https://rukn-eltatawer.com/om/home-electrician-elec-salalah/,home-electrician-elec-salalah,home-electrician-elec,salalah,2215,1317,0.405,0,20,13,1,,,,template_boilerplate|unexpanded_shortcodes|tel_in_content,Template/Boilerplate | Missing SEO Elements | Errors/Placeholders,Template/Boilerplate,"هيكل H2 مكرر على 1 مقالة، ونسبة الجمل المكررة 40%. شورت كود كيان غير مُفسَّر (أقسام ناقصة في HTML): [post_call], [post_features], [post_prices], [post_services], [post_steps]. ما زال هناك رابط اتصال هاتفي tel: داخل المحتوى."
1238,post,شركة نقل أثاث خارجي في صلالة,https://rukn-eltatawer.com/om/outdoor-moving-salalah/,outdoor-moving-salalah,outdoor-moving,salalah,2242,1196,0.467,0,20,13,1,,,,template_boilerplate|unexpanded_shortcodes|tel_in_content,Template/Boilerplate | Missing SEO Elements | Errors/Placeholders,Template/Boilerplate,"هيكل H2 مكرر على 1 مقالة، ونسبة الجمل المكررة 47%. شورت كود كيان غير مُفسَّر (أقسام ناقصة في HTML): [post_call], [post_features], [post_prices], [post_services], [post_steps]. ما زال هناك رابط اتصال هاتفي tel: داخل المحتوى."
1062,post,شركة بناء مجالس خارجية في صلالة,https://rukn-eltatawer.com/om/outdoor-majlis-salalah/,outdoor-majlis-salalah,outdoor-majlis,salalah,2206,1241,0.437,0,20,13,1,,,,template_boilerplate|unexpanded_shortcodes|tel_in_content,Template/Boilerplate | Missing SEO Elements | Errors/Placeholders,Template/Boilerplate,"هيكل H2 مكرر على 1 مقالة، ونسبة الجمل المكررة 44%. شورت كود كيان غير مُفسَّر (أقسام ناقصة في HTML): [post_call], [post_features], [post_prices], [post_services], [post_steps]. ما زال هناك رابط اتصال هاتفي tel: داخل المحتوى."
1054,post,شركة بناء مطابخ خارجية في صلالة,https://rukn-eltatawer.com/om/outdoor-kitchens-salalah/,outdoor-kitchens-salalah,outdoor-kitchens,salalah,2253,1248,0.446,0,20,13,1,,,,template_boilerplate|unexpanded_shortcodes|tel_in_content,Template/Boilerplate | Missing SEO Elements | Errors/Placeholders,Template/Boilerplate,"هيكل H2 مكرر على 1 مقالة، ونسبة الجمل المكررة 45%. شورت كود كيان غير مُفسَّر (أقسام ناقصة في HTML): [post_call], [post_features], [post_prices], [post_services], [post_steps]. ما زال هناك رابط اتصال هاتفي tel: داخل المحتوى."
1046,post,شركة بناء حمامات خارجية في صلالة,https://rukn-eltatawer.com/om/outdoor-bathrooms-salalah/,outdoor-bathrooms-salalah,outdoor-bathrooms,salalah,2242,1332,0.406,0,20,13,1,,,,template_boilerplate|unexpanded_shortcodes|tel_in_content,Template/Boilerplate | Missing SEO Elements | Errors/Placeholders,Template/Boilerplate,"هيكل H2 مكرر على 1 مقالة، ونسبة الجمل المكررة 41%. شورت كود كيان غير مُفسَّر (أقسام ناقصة في HTML): [post_call], [post_features], [post_prices], [post_services], [post_steps]. ما زال هناك رابط اتصال هاتفي tel: داخل المحتوى."
1686,post,شركة دهان مكاتب وشركات في صلالة,https://rukn-eltatawer.com/om/office-painting-salalah/,office-painting-salalah,office-painting,salalah,2234,1246,0.442,0,20,13,1,,,,template_boilerplate|unexpanded_shortcodes|tel_in_content,Template/Boilerplate | Missing SEO Elements | Errors/Placeholders,Template/Boilerplate,"هيكل H2 مكرر على 1 مقالة، ونسبة الجمل المكررة 44%. شورت كود كيان غير مُفسَّر (أقسام ناقصة في HTML): [post_call], [post_features], [post_prices], [post_services], [post_steps]. ما زال هناك رابط اتصال هاتفي tel: داخل المحتوى."
1733,post,شركة كهربائي منازل في مسقط,https://rukn-eltatawer.com/om/home-electrician-elec-muscat/,home-electrician-elec-muscat,home-electrician-elec,muscat,2291,1401,0.388,0,20,13,1,,,,template_boilerplate|unexpanded_shortcodes|tel_in_content,Template/Boilerplate | Missing SEO Elements | Errors/Placeholders,Template/Boilerplate,"هيكل H2 مكرر على 1 مقالة، ونسبة الجمل المكررة 39%. شورت كود كيان غير مُفسَّر (أقسام ناقصة في HTML): [post_call], [post_features], [post_prices], [post_services], [post_steps]. ما زال هناك رابط اتصال هاتفي tel: داخل المحتوى."
1678,post,شركة تشطيب ودهان فلل جديدة في صلالة,https://rukn-eltatawer.com/om/new-villa-finishing-painting-salalah/,new-villa-finishing-painting-salalah,new-villa-finishing-painting,salalah,2263,1255,0.445,0,20,13,1,,,,template_boilerplate|unexpanded_shortcodes|tel_in_content,Template/Boilerplate | Missing SEO Elements | Errors/Placeholders,Template/Boilerplate,"هيكل H2 مكرر على 1 مقالة، ونسبة الجمل المكررة 44%. شورت كود كيان غير مُفسَّر (أقسام ناقصة في HTML): [post_call], [post_features], [post_prices], [post_services], [post_steps]. ما زال هناك رابط اتصال هاتفي tel: داخل المحتوى."
1822,post,شركة تأسيس كهرباء وسباكة لمبنى جديد في صلالة,https://rukn-eltatawer.com/om/new-building-electrical-plumbing-salalah/,new-building-electrical-plumbing-salalah,new-building-electrical-plumbing,salalah,2369,1509,0.363,0,20,13,1,,,,template_boilerplate|unexpanded_shortcodes|tel_in_content,Template/Boilerplate | Missing SEO Elements | Errors/Placeholders,Template/Boilerplate,"هيكل H2 مكرر على 1 مقالة، ونسبة الجمل المكررة 36%. شورت كود كيان غير مُفسَّر (أقسام ناقصة في HTML): [post_call], [post_features], [post_prices], [post_services], [post_steps]. ما زال هناك رابط اتصال هاتفي tel: داخل المحتوى."
1126,post,شركة قص عشب طبيعي في صلالة,https://rukn-eltatawer.com/om/natural-grass-cutting-salalah/,natural-grass-cutting-salalah,natural-grass-cutting,salalah,2221,1254,0.435,0,20,13,1,,,,template_boilerplate|unexpanded_shortcodes|tel_in_content,Template/Boilerplate | Missing SEO Elements | Errors/Placeholders,Template/Boilerplate,"هيكل H2 مكرر على 1 مقالة، ونسبة الجمل المكررة 44%. شورت كود كيان غير مُفسَّر (أقسام ناقصة في HTML): [post_call], [post_features], [post_prices], [post_services], [post_steps]. ما زال هناك رابط اتصال هاتفي tel: داخل المحتوى."
193,post,شركة تنظيف موكيت في صلالة,https://rukn-eltatawer.com/om/moquette-cleaning-salalah/,moquette-cleaning-salalah,moquette-cleaning,salalah,2257,1321,0.415,0,20,13,1,,,,template_boilerplate|unexpanded_shortcodes|tel_in_content,Template/Boilerplate | Missing SEO Elements | Errors/Placeholders,Template/Boilerplate,"هيكل H2 مكرر على 1 مقالة، ونسبة الجمل المكررة 42%. شورت كود كيان غير مُفسَّر (أقسام ناقصة في HTML): [post_call], [post_features], [post_prices], [post_services], [post_steps]. ما زال هناك رابط اتصال هاتفي tel: داخل المحتوى."
1150,post,شركة تركيب شبكات ري حديثة في صلالة,https://rukn-eltatawer.com/om/modern-irrigation-salalah/,modern-irrigation-salalah,modern-irrigation,salalah,2256,1265,0.439,0,20,13,1,,,,template_boilerplate|unexpanded_shortcodes|tel_in_content,Template/Boilerplate | Missing SEO Elements | Errors/Placeholders,Template/Boilerplate,"هيكل H2 مكرر على 1 مقالة، ونسبة الجمل المكررة 44%. شورت كود كيان غير مُفسَّر (أقسام ناقصة في HTML): [post_call], [post_features], [post_prices], [post_services], [post_steps]. ما زال هناك رابط اتصال هاتفي tel: داخل المحتوى."
1476,post,كهربائي منازل في البريمي,https://rukn-eltatawer.com/om/home-electrician-al-buraimi/,home-electrician-al-buraimi,home-electrician,al-buraimi,2099,1250,0.404,0,20,13,1,,,,template_boilerplate|unexpanded_shortcodes|tel_in_content,Template/Boilerplate | Missing SEO Elements | Errors/Placeholders,Template/Boilerplate,"هيكل H2 مكرر على 1 مقالة، ونسبة الجمل المكررة 40%. شورت كود كيان غير مُفسَّر (أقسام ناقصة في HTML): [post_call], [post_features], [post_prices], [post_services], [post_steps]. ما زال هناك رابط اتصال هاتفي tel: داخل المحتوى."
606,post,شركة صيانة ميكروويف في صلالة,https://rukn-eltatawer.com/om/microwave-maintenance-salalah/,microwave-maintenance-salalah,microwave-maintenance,salalah,2113,1292,0.389,0,20,13,1,,,,template_boilerplate|unexpanded_shortcodes|tel_in_content,Template/Boilerplate | Missing SEO Elements | Errors/Placeholders,Template/Boilerplate,"هيكل H2 مكرر على 1 مقالة، ونسبة الجمل المكررة 39%. شورت كود كيان غير مُفسَّر (أقسام ناقصة في HTML): [post_call], [post_features], [post_prices], [post_services], [post_steps]. ما زال هناك رابط اتصال هاتفي tel: داخل المحتوى."
220,post,شركة تنظيف مراتب في صلالة,https://rukn-eltatawer.com/om/mattress-cleaning-salalah/,mattress-cleaning-salalah,mattress-cleaning,salalah,2322,1286,0.446,0,20,13,1,,,,template_boilerplate|unexpanded_shortcodes|tel_in_content,Template/Boilerplate | Missing SEO Elements | Errors/Placeholders,Template/Boilerplate,"هيكل H2 مكرر على 1 مقالة، ونسبة الجمل المكررة 45%. شورت كود كيان غير مُفسَّر (أقسام ناقصة في HTML): [post_call], [post_features], [post_prices], [post_services], [post_steps]. ما زال هناك رابط اتصال هاتفي tel: داخل المحتوى."
229,post,شركة تنظيف أرضيات رخام وجلي رخام في صلالة,https://rukn-eltatawer.com/om/marble-polishing-salalah/,marble-polishing-salalah,marble-polishing,salalah,2302,1326,0.424,0,20,13,1,,,,template_boilerplate|unexpanded_shortcodes|tel_in_content,Template/Boilerplate | Missing SEO Elements | Errors/Placeholders,Template/Boilerplate,"هيكل H2 مكرر على 1 مقالة، ونسبة الجمل المكررة 42%. شورت كود كيان غير مُفسَّر (أقسام ناقصة في HTML): [post_call], [post_features], [post_prices], [post_services], [post_steps]. ما زال هناك رابط اتصال هاتفي tel: داخل المحتوى."
910,post,شركة تركيب رخام وجرانيت في صلالة,https://rukn-eltatawer.com/om/marble-granite-salalah/,marble-granite-salalah,marble-granite,salalah,2123,1324,0.376,0,20,13,1,,,,template_boilerplate|unexpanded_shortcodes|tel_in_content,Template/Boilerplate | Missing SEO Elements | Errors/Placeholders,Template/Boilerplate,"هيكل H2 مكرر على 1 مقالة، ونسبة الجمل المكررة 38%. شورت كود كيان غير مُفسَّر (أقسام ناقصة في HTML): [post_call], [post_features], [post_prices], [post_services], [post_steps]. ما زال هناك رابط اتصال هاتفي tel: داخل المحتوى."
130,post,شركة تنظيف محلات تجارية ومولات في صلالة,https://rukn-eltatawer.com/om/mall-cleaning-salalah/,mall-cleaning-salalah,mall-cleaning,salalah,2314,1336,0.423,0,20,13,1,,,,template_boilerplate|unexpanded_shortcodes|tel_in_content,Template/Boilerplate | Missing SEO Elements | Errors/Placeholders,Template/Boilerplate,"هيكل H2 مكرر على 1 مقالة، ونسبة الجمل المكررة 42%. شورت كود كيان غير مُفسَّر (أقسام ناقصة في HTML): [post_call], [post_features], [post_prices], [post_services], [post_steps]. ما زال هناك رابط اتصال هاتفي tel: داخل المحتوى."
1474,post,كهربائي منازل في عبري,https://rukn-eltatawer.com/om/home-electrician-ibri/,home-electrician-ibri,home-electrician,ibri,2131,1434,0.327,0,20,13,1,,,,unexpanded_shortcodes|tel_in_content,Missing SEO Elements | Errors/Placeholders,Missing SEO Elements,"شورت كود كيان غير مُفسَّر (أقسام ناقصة في HTML): [post_call], [post_features], [post_prices], [post_services], [post_steps]. ما زال هناك رابط اتصال هاتفي tel: داخل المحتوى."
103,post,شركة تنظيف مجالس في صلالة,https://rukn-eltatawer.com/om/majlis-cleaning-salalah/,majlis-cleaning-salalah,majlis-cleaning,salalah,2240,1180,0.473,0,20,13,1,,,,template_boilerplate|unexpanded_shortcodes|tel_in_content,Template/Boilerplate | Missing SEO Elements | Errors/Placeholders,Template/Boilerplate,"هيكل H2 مكرر على 1 مقالة، ونسبة الجمل المكررة 47%. شورت كود كيان غير مُفسَّر (أقسام ناقصة في HTML): [post_call], [post_features], [post_prices], [post_services], [post_steps]. ما زال هناك رابط اتصال هاتفي tel: داخل المحتوى."
1038,post,شركة بناء استراحات في صلالة,https://rukn-eltatawer.com/om/majlis-building-salalah/,majlis-building-salalah,majlis-building,salalah,2179,1230,0.436,0,20,13,1,https://rukn-eltatawer.com/om/tank-insulation-ibri/,cross-service-duplicate,7,template_boilerplate|duplicate_similar|unexpanded_shortcodes|tel_in_content,Template/Boilerplate | Duplicate/Similar | Missing SEO Elements | Errors/Placeholders,Template/Boilerplate,"هيكل H2 مكرر على 1 مقالة، ونسبة الجمل المكررة 44%. تشابه مرتفع (hamming=7, cross-service-duplicate) مع https://rukn-eltatawer.com/om/tank-insulation-ibri/. شورت كود كيان غير مُفسَّر (أقسام ناقصة في HTML): [post_call], [post_features], [post_prices], [post_services], [post_steps]. ما زال هناك رابط اتصال هاتفي tel: داخل المحتوى."
1390,post,شركة مكافحة الوزغ (البرص) في صلالة,https://rukn-eltatawer.com/om/lizard-control-salalah/,lizard-control-salalah,lizard-control,salalah,2302,1453,0.369,0,20,13,1,,,,template_boilerplate|unexpanded_shortcodes|tel_in_content,Template/Boilerplate | Missing SEO Elements | Errors/Placeholders,Template/Boilerplate,"هيكل H2 مكرر على 1 مقالة، ونسبة الجمل المكررة 37%. شورت كود كيان غير مُفسَّر (أقسام ناقصة في HTML): [post_call], [post_features], [post_prices], [post_services], [post_steps]. ما زال هناك رابط اتصال هاتفي tel: داخل المحتوى."
1102,post,شركة تنسيق حدائق في صلالة,https://rukn-eltatawer.com/om/landscaping-salalah/,landscaping-salalah,landscaping,salalah,2166,1075,0.504,0,20,13,1,,,,template_boilerplate|unexpanded_shortcodes|tel_in_content,Template/Boilerplate | Missing SEO Elements | Errors/Placeholders,Template/Boilerplate,"هيكل H2 مكرر على 1 مقالة، ونسبة الجمل المكررة 50%. شورت كود كيان غير مُفسَّر (أقسام ناقصة في HTML): [post_call], [post_features], [post_prices], [post_services], [post_steps]. ما زال هناك رابط اتصال هاتفي tel: داخل المحتوى."
1598,post,شركة شحن دولي بري في صلالة,https://rukn-eltatawer.com/om/land-freight-salalah/,land-freight-salalah,land-freight,salalah,2208,1410,0.361,0,20,13,1,,,,template_boilerplate|unexpanded_shortcodes|tel_in_content,Template/Boilerplate | Missing SEO Elements | Errors/Placeholders,Template/Boilerplate,"هيكل H2 مكرر على 1 مقالة، ونسبة الجمل المكررة 36%. شورت كود كيان غير مُفسَّر (أقسام ناقصة في HTML): [post_call], [post_features], [post_prices], [post_services], [post_steps]. ما زال هناك رابط اتصال هاتفي tel: داخل المحتوى."
982,post,شركة تركيب مطابخ في صلالة,https://rukn-eltatawer.com/om/kitchen-installation-salalah/,kitchen-installation-salalah,kitchen-installation,salalah,2162,1318,0.39,0,20,13,1,,,,template_boilerplate|unexpanded_shortcodes|tel_in_content,Template/Boilerplate | Missing SEO Elements | Errors/Placeholders,Template/Boilerplate,"هيكل H2 مكرر على 1 مقالة، ونسبة الجمل المكررة 39%. شورت كود كيان غير مُفسَّر (أقسام ناقصة في HTML): [post_call], [post_features], [post_prices], [post_services], [post_steps]. ما زال هناك رابط اتصال هاتفي tel: داخل المحتوى."
1475,post,كهربائي منازل في الرستاق,https://rukn-eltatawer.com/om/home-electrician-rustaq/,home-electrician-rustaq,home-electrician,rustaq,2168,1397,0.356,0,20,13,1,,,,template_boilerplate|unexpanded_shortcodes|tel_in_content,Template/Boilerplate | Missing SEO Elements | Errors/Placeholders,Template/Boilerplate,"هيكل H2 مكرر على 1 مقالة، ونسبة الجمل المكررة 36%. شورت كود كيان غير مُفسَّر (أقسام ناقصة في HTML): [post_call], [post_features], [post_prices], [post_services], [post_steps]. ما زال هناك رابط اتصال هاتفي tel: داخل المحتوى."
638,post,شركة تركيب وصيانة شفاطات مطابخ في صلالة,https://rukn-eltatawer.com/om/kitchen-hoods-salalah/,kitchen-hoods-salalah,kitchen-hoods,salalah,2198,1357,0.383,0,20,13,1,,,,template_boilerplate|unexpanded_shortcodes|tel_in_content,Template/Boilerplate | Missing SEO Elements | Errors/Placeholders,Template/Boilerplate,"هيكل H2 مكرر على 1 مقالة، ونسبة الجمل المكررة 38%. شورت كود كيان غير مُفسَّر (أقسام ناقصة في HTML): [post_call], [post_features], [post_prices], [post_services], [post_steps]. ما زال هناك رابط اتصال هاتفي tel: داخل المحتوى."
854,post,شركة تركيب كربستون في صلالة,https://rukn-eltatawer.com/om/kerbstone-salalah/,kerbstone-salalah,kerbstone,salalah,2207,1224,0.445,0,20,13,1,,,,template_boilerplate|unexpanded_shortcodes|tel_in_content,Template/Boilerplate | Missing SEO Elements | Errors/Placeholders,Template/Boilerplate,"هيكل H2 مكرر على 1 مقالة، ونسبة الجمل المكررة 44%. شورت كود كيان غير مُفسَّر (أقسام ناقصة في HTML): [post_call], [post_features], [post_prices], [post_services], [post_steps]. ما زال هناك رابط اتصال هاتفي tel: داخل المحتوى."
846,post,شركة تركيب انترلوك في صلالة,https://rukn-eltatawer.com/om/interlock-salalah/,interlock-salalah,interlock,salalah,2162,1182,0.453,0,20,13,1,,,,template_boilerplate|unexpanded_shortcodes|tel_in_content,Template/Boilerplate | Missing SEO Elements | Errors/Placeholders,Template/Boilerplate,"هيكل H2 مكرر على 1 مقالة، ونسبة الجمل المكررة 45%. شورت كود كيان غير مُفسَّر (أقسام ناقصة في HTML): [post_call], [post_features], [post_prices], [post_services], [post_steps]. ما زال هناك رابط اتصال هاتفي tel: داخل المحتوى."
1766,post,شركة تركيب إنارة داخلية وخارجية في صلالة,https://rukn-eltatawer.com/om/indoor-outdoor-lighting-installation-salalah/,indoor-outdoor-lighting-installation-salalah,indoor-outdoor-lighting-installation,salalah,2258,1459,0.354,0,20,13,1,https://rukn-eltatawer.com/om/indoor-outdoor-lighting-installation-al-buraimi/,city-variant-template,7,template_boilerplate|duplicate_similar|unexpanded_shortcodes|tel_in_content,Template/Boilerplate | Duplicate/Similar | Missing SEO Elements | Errors/Placeholders,Template/Boilerplate,"هيكل H2 مكرر على 1 مقالة، ونسبة الجمل المكررة 35%. تشابه مرتفع (hamming=7, city-variant-template) مع https://rukn-eltatawer.com/om/indoor-outdoor-lighting-installation-al-buraimi/. شورت كود كيان غير مُفسَّر (أقسام ناقصة في HTML): [post_call], [post_features], [post_prices], [post_services], [post_steps]. ما زال هناك رابط اتصال هاتفي tel: داخل المحتوى."
1230,post,شركة نقل أثاث داخلي في صلالة,https://rukn-eltatawer.com/om/indoor-moving-salalah/,indoor-moving-salalah,indoor-moving,salalah,2151,1319,0.387,0,20,13,1,,,,template_boilerplate|unexpanded_shortcodes|tel_in_content,Template/Boilerplate | Missing SEO Elements | Errors/Placeholders,Template/Boilerplate,"هيكل H2 مكرر على 1 مقالة، ونسبة الجمل المكررة 39%. شورت كود كيان غير مُفسَّر (أقسام ناقصة في HTML): [post_call], [post_features], [post_prices], [post_services], [post_steps]. ما زال هناك رابط اتصال هاتفي tel: داخل المحتوى."
1473,post,كهربائي منازل في صور,https://rukn-eltatawer.com/om/home-electrician-sur/,home-electrician-sur,home-electrician,sur,2132,1366,0.359,0,20,13,1,,,,template_boilerplate|unexpanded_shortcodes|tel_in_content,Template/Boilerplate | Missing SEO Elements | Errors/Placeholders,Template/Boilerplate,"هيكل H2 مكرر على 1 مقالة، ونسبة الجمل المكررة 36%. شورت كود كيان غير مُفسَّر (أقسام ناقصة في HTML): [post_call], [post_features], [post_prices], [post_services], [post_steps]. ما زال هناك رابط اتصال هاتفي tel: داخل المحتوى."
1110,post,شركة تصميم حدائق داخلية في صلالة,https://rukn-eltatawer.com/om/indoor-garden-design-salalah/,indoor-garden-design-salalah,indoor-garden-design,salalah,2206,1223,0.446,0,20,13,1,,,,template_boilerplate|unexpanded_shortcodes|tel_in_content,Template/Boilerplate | Missing SEO Elements | Errors/Placeholders,Template/Boilerplate,"هيكل H2 مكرر على 1 مقالة، ونسبة الجمل المكررة 45%. شورت كود كيان غير مُفسَّر (أقسام ناقصة في HTML): [post_call], [post_features], [post_prices], [post_services], [post_steps]. ما زال هناك رابط اتصال هاتفي tel: داخل المحتوى."
121,post,شركة تنظيف مستشفيات وعيادات في صلالة,https://rukn-eltatawer.com/om/hospital-clinic-cleaning-salalah/,hospital-clinic-cleaning-salalah,hospital-clinic-cleaning,salalah,2255,1241,0.45,0,20,13,1,,,,template_boilerplate|unexpanded_shortcodes|tel_in_content,Template/Boilerplate | Missing SEO Elements | Errors/Placeholders,Template/Boilerplate,"هيكل H2 مكرر على 1 مقالة، ونسبة الجمل المكررة 45%. شورت كود كيان غير مُفسَّر (أقسام ناقصة في HTML): [post_call], [post_features], [post_prices], [post_services], [post_steps]. ما زال هناك رابط اتصال هاتفي tel: داخل المحتوى."
1542,post,فني أنظمة صوت منزلية في صلالة,https://rukn-eltatawer.com/om/home-audio-tech-salalah/,home-audio-tech-salalah,home-audio-tech,salalah,2242,1220,0.456,0,20,13,1,,,,template_boilerplate|unexpanded_shortcodes|tel_in_content,Template/Boilerplate | Missing SEO Elements | Errors/Placeholders,Template/Boilerplate,"هيكل H2 مكرر على 1 مقالة، ونسبة الجمل المكررة 46%. شورت كود كيان غير مُفسَّر (أقسام ناقصة في HTML): [post_call], [post_features], [post_prices], [post_services], [post_steps]. ما زال هناك رابط اتصال هاتفي tel: داخل المحتوى."
1502,post,فني جبس بورد في صلالة,https://rukn-eltatawer.com/om/gypsum-tech-salalah/,gypsum-tech-salalah,gypsum-tech,salalah,2219,1184,0.466,0,20,13,1,,,,template_boilerplate|unexpanded_shortcodes|tel_in_content,Template/Boilerplate | Missing SEO Elements | Errors/Placeholders,Template/Boilerplate,"هيكل H2 مكرر على 1 مقالة، ونسبة الجمل المكررة 47%. شورت كود كيان غير مُفسَّر (أقسام ناقصة في HTML): [post_call], [post_features], [post_prices], [post_services], [post_steps]. ما زال هناك رابط اتصال هاتفي tel: داخل المحتوى."
926,post,شركة تركيب جبس بورد في صلالة,https://rukn-eltatawer.com/om/gypsum-board-salalah/,gypsum-board-salalah,gypsum-board,salalah,2196,1236,0.437,0,20,13,1,,,,template_boilerplate|unexpanded_shortcodes|tel_in_content,Template/Boilerplate | Missing SEO Elements | Errors/Placeholders,Template/Boilerplate,"هيكل H2 مكرر على 1 مقالة، ونسبة الجمل المكررة 44%. شورت كود كيان غير مُفسَّر (أقسام ناقصة في HTML): [post_call], [post_features], [post_prices], [post_services], [post_steps]. ما زال هناك رابط اتصال هاتفي tel: داخل المحتوى."
1472,post,كهربائي منازل في نزوى,https://rukn-eltatawer.com/om/home-electrician-nizwa/,home-electrician-nizwa,home-electrician,nizwa,2177,1415,0.35,0,20,13,1,,,,template_boilerplate|unexpanded_shortcodes|tel_in_content,Template/Boilerplate | Missing SEO Elements | Errors/Placeholders,Template/Boilerplate,"هيكل H2 مكرر على 1 مقالة، ونسبة الجمل المكررة 35%. شورت كود كيان غير مُفسَّر (أقسام ناقصة في HTML): [post_call], [post_features], [post_prices], [post_services], [post_steps]. ما زال هناك رابط اتصال هاتفي tel: داخل المحتوى."
1654,post,شركة ديكورات جبس بورد في صلالة,https://rukn-eltatawer.com/om/gypsum-board-decor-salalah/,gypsum-board-decor-salalah,gypsum-board-decor,salalah,2270,1338,0.411,0,20,13,1,,,,template_boilerplate|unexpanded_shortcodes|tel_in_content,Template/Boilerplate | Missing SEO Elements | Errors/Placeholders,Template/Boilerplate,"هيكل H2 مكرر على 1 مقالة، ونسبة الجمل المكررة 41%. شورت كود كيان غير مُفسَّر (أقسام ناقصة في HTML): [post_call], [post_features], [post_prices], [post_services], [post_steps]. ما زال هناك رابط اتصال هاتفي tel: داخل المحتوى."
966,post,شركة تركيب فواصل زجاجية وألومنيوم في صلالة,https://rukn-eltatawer.com/om/glass-aluminium-partitions-salalah/,glass-aluminium-partitions-salalah,glass-aluminium-partitions,salalah,2186,1389,0.365,0,20,13,1,,,,template_boilerplate|unexpanded_shortcodes|tel_in_content,Template/Boilerplate | Missing SEO Elements | Errors/Placeholders,Template/Boilerplate,"هيكل H2 مكرر على 1 مقالة، ونسبة الجمل المكررة 36%. شورت كود كيان غير مُفسَّر (أقسام ناقصة في HTML): [post_call], [post_features], [post_prices], [post_services], [post_steps]. ما زال هناك رابط اتصال هاتفي tel: داخل المحتوى."
974,post,شركة تركيب زجاج وألوميتال في صلالة,https://rukn-eltatawer.com/om/glass-alumetal-salalah/,glass-alumetal-salalah,glass-alumetal,salalah,2130,1308,0.386,0,20,13,1,,,,template_boilerplate|unexpanded_shortcodes|tel_in_content,Template/Boilerplate | Missing SEO Elements | Errors/Placeholders,Template/Boilerplate,"هيكل H2 مكرر على 1 مقالة، ونسبة الجمل المكررة 39%. شورت كود كيان غير مُفسَّر (أقسام ناقصة في HTML): [post_call], [post_features], [post_prices], [post_services], [post_steps]. ما زال هناك رابط اتصال هاتفي tel: داخل المحتوى."
1182,post,شركة إنشاء جلسات حدائق في صلالة,https://rukn-eltatawer.com/om/garden-seating-salalah/,garden-seating-salalah,garden-seating,salalah,2265,1177,0.48,0,20,13,1,,,,template_boilerplate|unexpanded_shortcodes|tel_in_content,Template/Boilerplate | Missing SEO Elements | Errors/Placeholders,Template/Boilerplate,"هيكل H2 مكرر على 1 مقالة، ونسبة الجمل المكررة 48%. شورت كود كيان غير مُفسَّر (أقسام ناقصة في HTML): [post_call], [post_features], [post_prices], [post_services], [post_steps]. ما زال هناك رابط اتصال هاتفي tel: داخل المحتوى."
1142,post,شركة تنظيف وتزيين الحدائق في صلالة,https://rukn-eltatawer.com/om/garden-cleaning-salalah/,garden-cleaning-salalah,garden-cleaning,salalah,2278,1257,0.448,0,20,13,1,,,,template_boilerplate|unexpanded_shortcodes|tel_in_content|missing_meta,Template/Boilerplate | Missing SEO Elements | Errors/Placeholders,Template/Boilerplate,"هيكل H2 مكرر على 1 مقالة، ونسبة الجمل المكررة 45%. شورت كود كيان غير مُفسَّر (أقسام ناقصة في HTML): [post_call], [post_features], [post_prices], [post_services], [post_steps]. ما زال هناك رابط اتصال هاتفي tel: داخل المحتوى. صورة بارزة مفقودة أو مكررة (id=246)."
1471,post,كهربائي منازل في صحار,https://rukn-eltatawer.com/om/home-electrician-sohar/,home-electrician-sohar,home-electrician,sohar,2141,1319,0.384,0,20,13,1,,,,template_boilerplate|unexpanded_shortcodes|tel_in_content,Template/Boilerplate | Missing SEO Elements | Errors/Placeholders,Template/Boilerplate,"هيكل H2 مكرر على 1 مقالة، ونسبة الجمل المكررة 38%. شورت كود كيان غير مُفسَّر (أقسام ناقصة في HTML): [post_call], [post_features], [post_prices], [post_services], [post_steps]. ما زال هناك رابط اتصال هاتفي tel: داخل المحتوى."
1278,post,شركة تخزين أثاث في صلالة,https://rukn-eltatawer.com/om/furniture-storage-salalah/,furniture-storage-salalah,furniture-storage,salalah,2123,1297,0.389,0,20,13,1,,,,template_boilerplate|unexpanded_shortcodes|tel_in_content,Template/Boilerplate | Missing SEO Elements | Errors/Placeholders,Template/Boilerplate,"هيكل H2 مكرر على 1 مقالة، ونسبة الجمل المكررة 39%. شورت كود كيان غير مُفسَّر (أقسام ناقصة في HTML): [post_call], [post_features], [post_prices], [post_services], [post_steps]. ما زال هناك رابط اتصال هاتفي tel: داخل المحتوى."
1566,post,شركة شحن أثاث في صلالة,https://rukn-eltatawer.com/om/furniture-shipping-salalah/,furniture-shipping-salalah,furniture-shipping,salalah,2186,1410,0.355,0,20,13,1,,,,template_boilerplate|unexpanded_shortcodes|tel_in_content,Template/Boilerplate | Missing SEO Elements | Errors/Placeholders,Template/Boilerplate,"هيكل H2 مكرر على 1 مقالة، ونسبة الجمل المكررة 36%. شورت كود كيان غير مُفسَّر (أقسام ناقصة في HTML): [post_call], [post_features], [post_prices], [post_services], [post_steps]. ما زال هناك رابط اتصال هاتفي tel: داخل المحتوى."
1262,post,شركة تغليف أثاث احترافي في صلالة,https://rukn-eltatawer.com/om/furniture-packaging-salalah/,furniture-packaging-salalah,furniture-packaging,salalah,2135,1308,0.387,0,20,13,1,,,,template_boilerplate|unexpanded_shortcodes|tel_in_content,Template/Boilerplate | Missing SEO Elements | Errors/Placeholders,Template/Boilerplate,"هيكل H2 مكرر على 1 مقالة، ونسبة الجمل المكررة 39%. شورت كود كيان غير مُفسَّر (أقسام ناقصة في HTML): [post_call], [post_features], [post_prices], [post_services], [post_steps]. ما زال هناك رابط اتصال هاتفي tel: داخل المحتوى."
1246,post,شركة نقل عفش مع التغليف في صلالة,https://rukn-eltatawer.com/om/furniture-moving-packaging-salalah/,furniture-moving-packaging-salalah,furniture-moving-packaging,salalah,2203,1381,0.373,0,20,13,1,,,,template_boilerplate|unexpanded_shortcodes|tel_in_content,Template/Boilerplate | Missing SEO Elements | Errors/Placeholders,Template/Boilerplate,"هيكل H2 مكرر على 1 مقالة، ونسبة الجمل المكررة 37%. شورت كود كيان غير مُفسَّر (أقسام ناقصة في HTML): [post_call], [post_features], [post_prices], [post_services], [post_steps]. ما زال هناك رابط اتصال هاتفي tel: داخل المحتوى."
1270,post,شركة تركيب وفك الأثاث في صلالة,https://rukn-eltatawer.com/om/furniture-assembly-salalah/,furniture-assembly-salalah,furniture-assembly,salalah,2132,1328,0.377,0,20,13,1,,,,template_boilerplate|unexpanded_shortcodes|tel_in_content,Template/Boilerplate | Missing SEO Elements | Errors/Placeholders,Template/Boilerplate,"هيكل H2 مكرر على 1 مقالة، ونسبة الجمل المكررة 38%. شورت كود كيان غير مُفسَّر (أقسام ناقصة في HTML): [post_call], [post_features], [post_prices], [post_services], [post_steps]. ما زال هناك رابط اتصال هاتفي tel: داخل المحتوى."
1470,post,كهربائي منازل في صلالة,https://rukn-eltatawer.com/om/home-electrician-salalah/,home-electrician-salalah,home-electrician,salalah,2207,1475,0.332,0,20,13,1,,,,unexpanded_shortcodes|tel_in_content,Missing SEO Elements | Errors/Placeholders,Missing SEO Elements,"شورت كود كيان غير مُفسَّر (أقسام ناقصة في HTML): [post_call], [post_features], [post_prices], [post_services], [post_steps]. ما زال هناك رابط اتصال هاتفي tel: داخل المحتوى."
582,post,شركة صيانة ثلاجات في صلالة,https://rukn-eltatawer.com/om/fridge-maintenance-salalah/,fridge-maintenance-salalah,fridge-maintenance,salalah,2135,1399,0.345,0,20,13,1,,,,unexpanded_shortcodes|tel_in_content,Missing SEO Elements | Errors/Placeholders,Missing SEO Elements,"شورت كود كيان غير مُفسَّر (أقسام ناقصة في HTML): [post_call], [post_features], [post_prices], [post_services], [post_steps]. ما زال هناك رابط اتصال هاتفي tel: داخل المحتوى."
950,post,شركة تركيب سجاد أرضيات في صلالة,https://rukn-eltatawer.com/om/floor-carpeting-salalah/,floor-carpeting-salalah,floor-carpeting,salalah,2137,1214,0.432,0,20,13,1,,,,template_boilerplate|unexpanded_shortcodes|tel_in_content,Template/Boilerplate | Missing SEO Elements | Errors/Placeholders,Template/Boilerplate,"هيكل H2 مكرر على 1 مقالة، ونسبة الجمل المكررة 43%. شورت كود كيان غير مُفسَّر (أقسام ناقصة في HTML): [post_call], [post_features], [post_prices], [post_services], [post_steps]. ما زال هناك رابط اتصال هاتفي tel: داخل المحتوى."
1382,post,شركة مكافحة البراغيث في صلالة,https://rukn-eltatawer.com/om/flea-control-salalah/,flea-control-salalah,flea-control,salalah,2259,1448,0.359,0,20,13,1,,,,template_boilerplate|unexpanded_shortcodes|tel_in_content,Template/Boilerplate | Missing SEO Elements | Errors/Placeholders,Template/Boilerplate,"هيكل H2 مكرر على 1 مقالة، ونسبة الجمل المكررة 36%. شورت كود كيان غير مُفسَّر (أقسام ناقصة في HTML): [post_call], [post_features], [post_prices], [post_services], [post_steps]. ما زال هناك رابط اتصال هاتفي tel: داخل المحتوى."
934,post,شركة تركيب أسقف جبسية / فورسيلنج في صلالة,https://rukn-eltatawer.com/om/false-ceiling-salalah/,false-ceiling-salalah,false-ceiling,salalah,2355,1384,0.412,0,20,13,1,,,,template_boilerplate|unexpanded_shortcodes|tel_in_content,Template/Boilerplate | Missing SEO Elements | Errors/Placeholders,Template/Boilerplate,"هيكل H2 مكرر على 1 مقالة، ونسبة الجمل المكررة 41%. شورت كود كيان غير مُفسَّر (أقسام ناقصة في HTML): [post_call], [post_features], [post_prices], [post_services], [post_steps]. ما زال هناك رابط اتصال هاتفي tel: داخل المحتوى."
1582,post,شركة شحن طرود سريعة في صلالة,https://rukn-eltatawer.com/om/express-parcel-shipping-salalah/,express-parcel-shipping-salalah,express-parcel-shipping,salalah,2168,1385,0.361,0,20,13,1,,,,template_boilerplate|unexpanded_shortcodes|tel_in_content,Template/Boilerplate | Missing SEO Elements | Errors/Placeholders,Template/Boilerplate,"هيكل H2 مكرر على 1 مقالة، ونسبة الجمل المكررة 36%. شورت كود كيان غير مُفسَّر (أقسام ناقصة في HTML): [post_call], [post_features], [post_prices], [post_services], [post_steps]. ما زال هناك رابط اتصال هاتفي tel: داخل المحتوى."
1469,post,كهربائي منازل في مسقط,https://rukn-eltatawer.com/om/home-electrician-muscat/,home-electrician-muscat,home-electrician,muscat,2245,1420,0.367,0,20,13,1,,,,template_boilerplate|unexpanded_shortcodes|tel_in_content,Template/Boilerplate | Missing SEO Elements | Errors/Placeholders,Template/Boilerplate,"هيكل H2 مكرر على 1 مقالة، ونسبة الجمل المكررة 37%. شورت كود كيان غير مُفسَّر (أقسام ناقصة في HTML): [post_call], [post_features], [post_prices], [post_services], [post_steps]. ما زال هناك رابط اتصال هاتفي tel: داخل المحتوى."
534,post,شركة صيانة مصاعد في صلالة,https://rukn-eltatawer.com/om/elevator-maintenance-salalah/,elevator-maintenance-salalah,elevator-maintenance,salalah,2066,1249,0.395,0,20,12,1,,,,template_boilerplate|unexpanded_shortcodes|tel_in_content,Template/Boilerplate | Missing SEO Elements | Errors/Placeholders,Template/Boilerplate,"هيكل H2 مكرر على 1 مقالة، ونسبة الجمل المكررة 40%. شورت كود كيان غير مُفسَّر (أقسام ناقصة في HTML): [post_call], [post_features], [post_prices], [post_services], [post_steps]. ما زال هناك رابط اتصال هاتفي tel: داخل المحتوى."
1702,post,شركة رش بويات كهربائي في صلالة,https://rukn-eltatawer.com/om/electric-spray-painting-salalah/,electric-spray-painting-salalah,electric-spray-painting,salalah,2278,1431,0.372,0,20,13,1,,,,template_boilerplate|unexpanded_shortcodes|tel_in_content,Template/Boilerplate | Missing SEO Elements | Errors/Placeholders,Template/Boilerplate,"هيكل H2 مكرر على 1 مقالة، ونسبة الجمل المكررة 37%. شورت كود كيان غير مُفسَّر (أقسام ناقصة في HTML): [post_call], [post_features], [post_prices], [post_services], [post_steps]. ما زال هناك رابط اتصال هاتفي tel: داخل المحتوى."
598,post,شركة صيانة نشافات في صلالة,https://rukn-eltatawer.com/om/dryer-maintenance-salalah/,dryer-maintenance-salalah,dryer-maintenance,salalah,2136,1331,0.377,0,20,13,1,,,,template_boilerplate|unexpanded_shortcodes|tel_in_content,Template/Boilerplate | Missing SEO Elements | Errors/Placeholders,Template/Boilerplate,"هيكل H2 مكرر على 1 مقالة، ونسبة الجمل المكررة 38%. شورت كود كيان غير مُفسَّر (أقسام ناقصة في HTML): [post_call], [post_features], [post_prices], [post_services], [post_steps]. ما زال هناك رابط اتصال هاتفي tel: داخل المحتوى."
990,post,شركة تركيب أبواب في صلالة,https://rukn-eltatawer.com/om/doors-installation-salalah/,doors-installation-salalah,doors-installation,salalah,2126,1175,0.447,0,20,13,1,,,,template_boilerplate|unexpanded_shortcodes|tel_in_content,Template/Boilerplate | Missing SEO Elements | Errors/Placeholders,Template/Boilerplate,"هيكل H2 مكرر على 1 مقالة، ونسبة الجمل المكررة 45%. شورت كود كيان غير مُفسَّر (أقسام ناقصة في HTML): [post_call], [post_features], [post_prices], [post_services], [post_steps]. ما زال هناك رابط اتصال هاتفي tel: داخل المحتوى."
1590,post,شركة شحن داخلي داخل في صلالة,https://rukn-eltatawer.com/om/domestic-shipping-salalah/,domestic-shipping-salalah,domestic-shipping,salalah,2210,1419,0.358,0,20,13,1,,,,template_boilerplate|unexpanded_shortcodes|tel_in_content,Template/Boilerplate | Missing SEO Elements | Errors/Placeholders,Template/Boilerplate,"هيكل H2 مكرر على 1 مقالة، ونسبة الجمل المكررة 36%. شورت كود كيان غير مُفسَّر (أقسام ناقصة في HTML): [post_call], [post_features], [post_prices], [post_services], [post_steps]. ما زال هناك رابط اتصال هاتفي tel: داخل المحتوى."
500,post,شركة صيانة كهرباء في البريمي,https://rukn-eltatawer.com/om/electrical-maintenance-al-buraimi/,electrical-maintenance-al-buraimi,electrical-maintenance,al-buraimi,2155,1318,0.388,0,20,13,1,,,,template_boilerplate|unexpanded_shortcodes|tel_in_content,Template/Boilerplate | Missing SEO Elements | Errors/Placeholders,Template/Boilerplate,"هيكل H2 مكرر على 1 مقالة، ونسبة الجمل المكررة 39%. شورت كود كيان غير مُفسَّر (أقسام ناقصة في HTML): [post_call], [post_features], [post_prices], [post_services], [post_steps]. ما زال هناك رابط اتصال هاتفي tel: داخل المحتوى."
175,post,شركة تنظيف خزانات ديزل في صلالة,https://rukn-eltatawer.com/om/diesel-tank-cleaning-salalah/,diesel-tank-cleaning-salalah,diesel-tank-cleaning,salalah,2296,1318,0.426,0,20,13,1,,,,template_boilerplate|unexpanded_shortcodes|tel_in_content,Template/Boilerplate | Missing SEO Elements | Errors/Placeholders,Template/Boilerplate,"هيكل H2 مكرر على 1 مقالة، ونسبة الجمل المكررة 43%. شورت كود كيان غير مُفسَّر (أقسام ناقصة في HTML): [post_call], [post_features], [post_prices], [post_services], [post_steps]. ما زال هناك رابط اتصال هاتفي tel: داخل المحتوى."
1710,post,شركة دهانات ديكورية وتأثيرات جدارية في صلالة,https://rukn-eltatawer.com/om/decorative-wall-effects-salalah/,decorative-wall-effects-salalah,decorative-wall-effects,salalah,2249,1308,0.418,0,20,13,1,,,,template_boilerplate|unexpanded_shortcodes|tel_in_content|structural_error,Template/Boilerplate | Missing SEO Elements | Errors/Placeholders,Template/Boilerplate,"هيكل H2 مكرر على 1 مقالة، ونسبة الجمل المكررة 42%. شورت كود كيان غير مُفسَّر (أقسام ناقصة في HTML): [post_call], [post_features], [post_prices], [post_services], [post_steps]. ما زال هناك رابط اتصال هاتفي tel: داخل المحتوى. فقرتان متتاليتان متطابقتان."
1094,post,شركة تصميم وتنفيذ ديكورات في صلالة,https://rukn-eltatawer.com/om/decor-design-salalah/,decor-design-salalah,decor-design,salalah,2271,1250,0.45,0,20,13,1,,,,template_boilerplate|unexpanded_shortcodes|tel_in_content|structural_error,Template/Boilerplate | Missing SEO Elements | Errors/Placeholders,Template/Boilerplate,"هيكل H2 مكرر على 1 مقالة، ونسبة الجمل المكررة 45%. شورت كود كيان غير مُفسَّر (أقسام ناقصة في HTML): [post_call], [post_features], [post_prices], [post_services], [post_steps]. ما زال هناك رابط اتصال هاتفي tel: داخل المحتوى. فقرتان متتاليتان متطابقتان."
211,post,شركة تنظيف ستائر في صلالة,https://rukn-eltatawer.com/om/curtain-cleaning-salalah/,curtain-cleaning-salalah,curtain-cleaning,salalah,2219,1220,0.45,0,20,13,1,,,,template_boilerplate|unexpanded_shortcodes|tel_in_content,Template/Boilerplate | Missing SEO Elements | Errors/Placeholders,Template/Boilerplate,"هيكل H2 مكرر على 1 مقالة، ونسبة الجمل المكررة 45%. شورت كود كيان غير مُفسَّر (أقسام ناقصة في HTML): [post_call], [post_features], [post_prices], [post_services], [post_steps]. ما زال هناك رابط اتصال هاتفي tel: داخل المحتوى."
1446,post,شركة التعقيم بالكلور في صلالة,https://rukn-eltatawer.com/om/chlorine-disinfection-salalah/,chlorine-disinfection-salalah,chlorine-disinfection,salalah,2224,1153,0.482,0,20,13,1,,,,template_boilerplate|unexpanded_shortcodes|tel_in_content,Template/Boilerplate | Missing SEO Elements | Errors/Placeholders,Template/Boilerplate,"هيكل H2 مكرر على 1 مقالة، ونسبة الجمل المكررة 48%. شورت كود كيان غير مُفسَّر (أقسام ناقصة في HTML): [post_call], [post_features], [post_prices], [post_services], [post_steps]. ما زال هناك رابط اتصال هاتفي tel: داخل المحتوى."
498,post,شركة صيانة كهرباء في عبري,https://rukn-eltatawer.com/om/electrical-maintenance-ibri/,electrical-maintenance-ibri,electrical-maintenance,ibri,2131,1299,0.39,0,20,13,1,,,,template_boilerplate|unexpanded_shortcodes|tel_in_content,Template/Boilerplate | Missing SEO Elements | Errors/Placeholders,Template/Boilerplate,"هيكل H2 مكرر على 1 مقالة، ونسبة الجمل المكررة 39%. شورت كود كيان غير مُفسَّر (أقسام ناقصة في HTML): [post_call], [post_features], [post_prices], [post_services], [post_steps]. ما زال هناك رابط اتصال هاتفي tel: داخل المحتوى."
878,post,شركة تركيب سيراميك وبورسلين في صلالة,https://rukn-eltatawer.com/om/ceramic-porcelain-salalah/,ceramic-porcelain-salalah,ceramic-porcelain,salalah,2119,1319,0.378,0,20,13,1,,,,template_boilerplate|unexpanded_shortcodes|tel_in_content,Template/Boilerplate | Missing SEO Elements | Errors/Placeholders,Template/Boilerplate,"هيكل H2 مكرر على 1 مقالة، ونسبة الجمل المكررة 38%. شورت كود كيان غير مُفسَّر (أقسام ناقصة في HTML): [post_call], [post_features], [post_prices], [post_services], [post_steps]. ما زال هناك رابط اتصال هاتفي tel: داخل المحتوى."
1838,post,شركة تركيب وصيانة سخانات مركزية في صلالة,https://rukn-eltatawer.com/om/central-heater-installation-maintenance-salalah/,central-heater-installation-maintenance-salalah,central-heater-installation-maintenance,salalah,2208,1396,0.368,0,20,13,1,,,,template_boilerplate|unexpanded_shortcodes|tel_in_content,Template/Boilerplate | Missing SEO Elements | Errors/Placeholders,Template/Boilerplate,"هيكل H2 مكرر على 1 مقالة، ونسبة الجمل المكررة 37%. شورت كود كيان غير مُفسَّر (أقسام ناقصة في HTML): [post_call], [post_features], [post_prices], [post_services], [post_steps]. ما زال هناك رابط اتصال هاتفي tel: داخل المحتوى."
1478,post,نجار أثاث في صلالة,https://rukn-eltatawer.com/om/carpenter-salalah/,carpenter-salalah,carpenter,salalah,2132,1312,0.385,0,20,13,1,,,,template_boilerplate|unexpanded_shortcodes|tel_in_content,Template/Boilerplate | Missing SEO Elements | Errors/Placeholders,Template/Boilerplate,"هيكل H2 مكرر على 1 مقالة، ونسبة الجمل المكررة 38%. شورت كود كيان غير مُفسَّر (أقسام ناقصة في HTML): [post_call], [post_features], [post_prices], [post_services], [post_steps]. ما زال هناك رابط اتصال هاتفي tel: داخل المحتوى."
1558,post,شركة شحن بضائع في صلالة,https://rukn-eltatawer.com/om/cargo-shipping-salalah/,cargo-shipping-salalah,cargo-shipping,salalah,2140,1211,0.434,0,20,13,1,,,,template_boilerplate|unexpanded_shortcodes|tel_in_content,Template/Boilerplate | Missing SEO Elements | Errors/Placeholders,Template/Boilerplate,"هيكل H2 مكرر على 1 مقالة، ونسبة الجمل المكررة 43%. شورت كود كيان غير مُفسَّر (أقسام ناقصة في HTML): [post_call], [post_features], [post_prices], [post_services], [post_steps]. ما زال هناك رابط اتصال هاتفي tel: داخل المحتوى."
1574,post,شركة شحن سيارات في صلالة,https://rukn-eltatawer.com/om/car-shipping-salalah/,car-shipping-salalah,car-shipping,salalah,2126,1342,0.369,0,20,13,1,,,,template_boilerplate|unexpanded_shortcodes|tel_in_content,Template/Boilerplate | Missing SEO Elements | Errors/Placeholders,Template/Boilerplate,"هيكل H2 مكرر على 1 مقالة، ونسبة الجمل المكررة 37%. شورت كود كيان غير مُفسَّر (أقسام ناقصة في HTML): [post_call], [post_features], [post_prices], [post_services], [post_steps]. ما زال هناك رابط اتصال هاتفي tel: داخل المحتوى."
499,post,شركة صيانة كهرباء في الرستاق,https://rukn-eltatawer.com/om/electrical-maintenance-rustaq/,electrical-maintenance-rustaq,electrical-maintenance,rustaq,2152,1376,0.361,0,20,13,1,,,,template_boilerplate|unexpanded_shortcodes|tel_in_content|structural_error,Template/Boilerplate | Missing SEO Elements | Errors/Placeholders,Template/Boilerplate,"هيكل H2 مكرر على 1 مقالة، ونسبة الجمل المكررة 36%. شورت كود كيان غير مُفسَّر (أقسام ناقصة في HTML): [post_call], [post_features], [post_prices], [post_services], [post_steps]. ما زال هناك رابط اتصال هاتفي tel: داخل المحتوى. فقرتان متتاليتان متطابقتان."
862,post,شركة تركيب طابوق في صلالة,https://rukn-eltatawer.com/om/brickwork-salalah/,brickwork-salalah,brickwork,salalah,2015,1269,0.37,0,20,13,1,,,,template_boilerplate|unexpanded_shortcodes|tel_in_content,Template/Boilerplate | Missing SEO Elements | Errors/Placeholders,Template/Boilerplate,"هيكل H2 مكرر على 1 مقالة، ونسبة الجمل المكررة 37%. شورت كود كيان غير مُفسَّر (أقسام ناقصة في HTML): [post_call], [post_features], [post_prices], [post_services], [post_steps]. ما زال هناك رابط اتصال هاتفي tel: داخل المحتوى."
1070,post,شركة بناء أسوار طابوق في صلالة,https://rukn-eltatawer.com/om/block-fences-salalah/,block-fences-salalah,block-fences,salalah,2073,1247,0.398,0,20,13,1,,,,template_boilerplate|unexpanded_shortcodes|tel_in_content,Template/Boilerplate | Missing SEO Elements | Errors/Placeholders,Template/Boilerplate,"هيكل H2 مكرر على 1 مقالة، ونسبة الجمل المكررة 40%. شورت كود كيان غير مُفسَّر (أقسام ناقصة في HTML): [post_call], [post_features], [post_prices], [post_services], [post_steps]. ما زال هناك رابط اتصال هاتفي tel: داخل المحتوى."
1486,post,حداد أبواب ونوافذ في صلالة,https://rukn-eltatawer.com/om/blacksmith-doors-windows-salalah/,blacksmith-doors-windows-salalah,blacksmith-doors-windows,salalah,2121,1278,0.397,0,20,13,1,,,,template_boilerplate|unexpanded_shortcodes|tel_in_content,Template/Boilerplate | Missing SEO Elements | Errors/Placeholders,Template/Boilerplate,"هيكل H2 مكرر على 1 مقالة، ونسبة الجمل المكررة 40%. شورت كود كيان غير مُفسَّر (أقسام ناقصة في HTML): [post_call], [post_features], [post_prices], [post_services], [post_steps]. ما زال هناك رابط اتصال هاتفي tel: داخل المحتوى."
1430,post,شركة تركيب أجهزة صوتية لطرد الطيور في صلالة,https://rukn-eltatawer.com/om/bird-sound-device-salalah/,bird-sound-device-salalah,bird-sound-device,salalah,2389,1637,0.315,0,20,13,1,,,,unexpanded_shortcodes|tel_in_content,Missing SEO Elements | Errors/Placeholders,Missing SEO Elements,"شورت كود كيان غير مُفسَّر (أقسام ناقصة في HTML): [post_call], [post_features], [post_prices], [post_services], [post_steps]. ما زال هناك رابط اتصال هاتفي tel: داخل المحتوى."
1398,post,شركة مكافحة الطيور في صلالة,https://rukn-eltatawer.com/om/bird-control-salalah/,bird-control-salalah,bird-control,salalah,2292,1520,0.337,0,20,13,1,,,,unexpanded_shortcodes|tel_in_content,Missing SEO Elements | Errors/Placeholders,Missing SEO Elements,"شورت كود كيان غير مُفسَّر (أقسام ناقصة في HTML): [post_call], [post_features], [post_prices], [post_services], [post_steps]. ما زال هناك رابط اتصال هاتفي tel: داخل المحتوى."
497,post,شركة صيانة كهرباء في صور,https://rukn-eltatawer.com/om/electrical-maintenance-sur/,electrical-maintenance-sur,electrical-maintenance,sur,2182,1376,0.369,0,20,13,1,https://rukn-eltatawer.com/om/fridge-maintenance-sur/,cross-service-duplicate,8,template_boilerplate|duplicate_similar|unexpanded_shortcodes|tel_in_content,Template/Boilerplate | Duplicate/Similar | Missing SEO Elements | Errors/Placeholders,Template/Boilerplate,"هيكل H2 مكرر على 1 مقالة، ونسبة الجمل المكررة 37%. تشابه مرتفع (hamming=8, cross-service-duplicate) مع https://rukn-eltatawer.com/om/fridge-maintenance-sur/. شورت كود كيان غير مُفسَّر (أقسام ناقصة في HTML): [post_call], [post_features], [post_prices], [post_services], [post_steps]. ما زال هناك رابط اتصال هاتفي tel: داخل المحتوى."
1158,post,شركة تركيب شبكات ري أوتوماتيكية في صلالة,https://rukn-eltatawer.com/om/automatic-irrigation-salalah/,automatic-irrigation-salalah,automatic-irrigation,salalah,2281,1370,0.399,0,20,13,1,,,,template_boilerplate|unexpanded_shortcodes|tel_in_content,Template/Boilerplate | Missing SEO Elements | Errors/Placeholders,Template/Boilerplate,"هيكل H2 مكرر على 1 مقالة، ونسبة الجمل المكررة 40%. شورت كود كيان غير مُفسَّر (أقسام ناقصة في HTML): [post_call], [post_features], [post_prices], [post_services], [post_steps]. ما زال هناك رابط اتصال هاتفي tel: داخل المحتوى."
550,post,شركة صيانة أبواب أوتوماتيكية في صلالة,https://rukn-eltatawer.com/om/automatic-doors-maintenance-salalah/,automatic-doors-maintenance-salalah,automatic-doors-maintenance,salalah,2062,1159,0.438,0,20,12,1,,,,template_boilerplate|unexpanded_shortcodes|tel_in_content,Template/Boilerplate | Missing SEO Elements | Errors/Placeholders,Template/Boilerplate,"هيكل H2 مكرر على 1 مقالة، ونسبة الجمل المكررة 44%. شورت كود كيان غير مُفسَّر (أقسام ناقصة في HTML): [post_call], [post_features], [post_prices], [post_services], [post_steps]. ما زال هناك رابط اتصال هاتفي tel: داخل المحتوى."
1214,post,شركة تركيب شلالات اصطناعية في صلالة,https://rukn-eltatawer.com/om/artificial-waterfall-salalah/,artificial-waterfall-salalah,artificial-waterfall,salalah,2130,1278,0.4,0,20,13,1,,,,template_boilerplate|unexpanded_shortcodes|tel_in_content,Template/Boilerplate | Missing SEO Elements | Errors/Placeholders,Template/Boilerplate,"هيكل H2 مكرر على 1 مقالة، ونسبة الجمل المكررة 40%. شورت كود كيان غير مُفسَّر (أقسام ناقصة في HTML): [post_call], [post_features], [post_prices], [post_services], [post_steps]. ما زال هناك رابط اتصال هاتفي tel: داخل المحتوى."
1014,post,شركة تركيب عشب صناعي في صلالة,https://rukn-eltatawer.com/om/artificial-grass-salalah/,artificial-grass-salalah,artificial-grass,salalah,2249,1262,0.439,0,20,13,1,,,,template_boilerplate|unexpanded_shortcodes|tel_in_content,Template/Boilerplate | Missing SEO Elements | Errors/Placeholders,Template/Boilerplate,"هيكل H2 مكرر على 1 مقالة، ونسبة الجمل المكررة 44%. شورت كود كيان غير مُفسَّر (أقسام ناقصة في HTML): [post_call], [post_features], [post_prices], [post_services], [post_steps]. ما زال هناك رابط اتصال هاتفي tel: داخل المحتوى."
574,post,شركة صيانة الأجهزة الكهربائية في صلالة,https://rukn-eltatawer.com/om/appliance-maintenance-salalah/,appliance-maintenance-salalah,appliance-maintenance,salalah,2173,1361,0.374,0,20,13,1,https://rukn-eltatawer.com/om/appliance-maintenance-muscat/,city-variant-template,6,template_boilerplate|duplicate_similar|unexpanded_shortcodes|tel_in_content,Template/Boilerplate | Duplicate/Similar | Missing SEO Elements | Errors/Placeholders,Template/Boilerplate,"هيكل H2 مكرر على 1 مقالة، ونسبة الجمل المكررة 37%. تشابه مرتفع (hamming=6, city-variant-template) مع https://rukn-eltatawer.com/om/appliance-maintenance-muscat/. شورت كود كيان غير مُفسَّر (أقسام ناقصة في HTML): [post_call], [post_features], [post_prices], [post_services], [post_steps]. ما زال هناك رابط اتصال هاتفي tel: داخل المحتوى."
1030,post,شركة بناء ملاحق في صلالة,https://rukn-eltatawer.com/om/annex-building-salalah/,annex-building-salalah,annex-building,salalah,2054,1258,0.388,0,20,13,1,,,,template_boilerplate|unexpanded_shortcodes|tel_in_content,Template/Boilerplate | Missing SEO Elements | Errors/Placeholders,Template/Boilerplate,"هيكل H2 مكرر على 1 مقالة، ونسبة الجمل المكررة 39%. شورت كود كيان غير مُفسَّر (أقسام ناقصة في HTML): [post_call], [post_features], [post_prices], [post_services], [post_steps]. ما زال هناك رابط اتصال هاتفي tel: داخل المحتوى."
496,post,شركة صيانة كهرباء في نزوى,https://rukn-eltatawer.com/om/electrical-maintenance-nizwa/,electrical-maintenance-nizwa,electrical-maintenance,nizwa,2214,1439,0.35,0,20,13,1,,,,template_boilerplate|unexpanded_shortcodes|tel_in_content,Template/Boilerplate | Missing SEO Elements | Errors/Placeholders,Template/Boilerplate,"هيكل H2 مكرر على 1 مقالة، ونسبة الجمل المكررة 35%. شورت كود كيان غير مُفسَّر (أقسام ناقصة في HTML): [post_call], [post_features], [post_prices], [post_services], [post_steps]. ما زال هناك رابط اتصال هاتفي tel: داخل المحتوى."
678,post,شركة تركيب وصيانة أنظمة تنقية الهواء في صلالة,https://rukn-eltatawer.com/om/air-purification-salalah/,air-purification-salalah,air-purification,salalah,2382,1424,0.402,0,20,13,1,,,,template_boilerplate|unexpanded_shortcodes|tel_in_content,Template/Boilerplate | Missing SEO Elements | Errors/Placeholders,Template/Boilerplate,"هيكل H2 مكرر على 1 مقالة، ونسبة الجمل المكررة 40%. شورت كود كيان غير مُفسَّر (أقسام ناقصة في HTML): [post_call], [post_features], [post_prices], [post_services], [post_steps]. ما زال هناك رابط اتصال هاتفي tel: داخل المحتوى."
1614,post,شركة شحن دولي جوي في صلالة,https://rukn-eltatawer.com/om/air-freight-salalah/,air-freight-salalah,air-freight,salalah,2184,1356,0.379,0,20,13,1,,,,template_boilerplate|unexpanded_shortcodes|tel_in_content,Template/Boilerplate | Missing SEO Elements | Errors/Placeholders,Template/Boilerplate,"هيكل H2 مكرر على 1 مقالة، ونسبة الجمل المكررة 38%. شورت كود كيان غير مُفسَّر (أقسام ناقصة في HTML): [post_call], [post_features], [post_prices], [post_services], [post_steps]. ما زال هناك رابط اتصال هاتفي tel: داخل المحتوى."
1197,post,شركة تركيب عرائش خشبية في مسقط,https://rukn-eltatawer.com/om/wooden-arbor-installation-muscat/,wooden-arbor-installation-muscat,wooden-arbor-installation,muscat,2336,1334,0.429,0,20,13,1,,,,template_boilerplate|unexpanded_shortcodes|tel_in_content,Template/Boilerplate | Missing SEO Elements | Errors/Placeholders,Template/Boilerplate,"هيكل H2 مكرر على 1 مقالة، ونسبة الجمل المكررة 43%. شورت كود كيان غير مُفسَّر (أقسام ناقصة في HTML): [post_call], [post_features], [post_prices], [post_services], [post_steps]. ما زال هناك رابط اتصال هاتفي tel: داخل المحتوى."
1717,post,شركة دهان أبواب وشبابيك خشبية في مسقط,https://rukn-eltatawer.com/om/wood-doors-windows-painting-muscat/,wood-doors-windows-painting-muscat,wood-doors-windows-painting,muscat,2374,1410,0.406,0,20,13,1,,,,template_boilerplate|unexpanded_shortcodes|tel_in_content,Template/Boilerplate | Missing SEO Elements | Errors/Placeholders,Template/Boilerplate,"هيكل H2 مكرر على 1 مقالة، ونسبة الجمل المكررة 41%. شورت كود كيان غير مُفسَّر (أقسام ناقصة في HTML): [post_call], [post_features], [post_prices], [post_services], [post_steps]. ما زال هناك رابط اتصال هاتفي tel: داخل المحتوى."
997,post,شركة تركيب شبابيك في مسقط,https://rukn-eltatawer.com/om/windows-installation-muscat/,windows-installation-muscat,windows-installation,muscat,2213,1407,0.364,0,20,13,1,,,,template_boilerplate|unexpanded_shortcodes|tel_in_content,Template/Boilerplate | Missing SEO Elements | Errors/Placeholders,Template/Boilerplate,"هيكل H2 مكرر على 1 مقالة، ونسبة الجمل المكررة 36%. شورت كود كيان غير مُفسَّر (أقسام ناقصة في HTML): [post_call], [post_features], [post_prices], [post_services], [post_steps]. ما زال هناك رابط اتصال هاتفي tel: داخل المحتوى."
495,post,شركة صيانة كهرباء في صحار,https://rukn-eltatawer.com/om/electrical-maintenance-sohar/,electrical-maintenance-sohar,electrical-maintenance,sohar,2162,1303,0.397,0,20,13,1,,,,template_boilerplate|unexpanded_shortcodes|tel_in_content,Template/Boilerplate | Missing SEO Elements | Errors/Placeholders,Template/Boilerplate,"هيكل H2 مكرر على 1 مقالة، ونسبة الجمل المكررة 40%. شورت كود كيان غير مُفسَّر (أقسام ناقصة في HTML): [post_call], [post_features], [post_prices], [post_services], [post_steps]. ما زال هناك رابط اتصال هاتفي tel: داخل المحتوى."
621,post,شركة صيانة مبردات مياه في مسقط,https://rukn-eltatawer.com/om/water-cooler-maintenance-muscat/,water-cooler-maintenance-muscat,water-cooler-maintenance,muscat,2231,1341,0.399,0,20,13,1,,,,template_boilerplate|unexpanded_shortcodes|tel_in_content,Template/Boilerplate | Missing SEO Elements | Errors/Placeholders,Template/Boilerplate,"هيكل H2 مكرر على 1 مقالة، ونسبة الجمل المكررة 40%. شورت كود كيان غير مُفسَّر (أقسام ناقصة في HTML): [post_call], [post_features], [post_prices], [post_services], [post_steps]. ما زال هناك رابط اتصال هاتفي tel: داخل المحتوى."
589,post,شركة صيانة غسالات في مسقط,https://rukn-eltatawer.com/om/washer-maintenance-muscat/,washer-maintenance-muscat,washer-maintenance,muscat,2175,1202,0.447,0,20,13,1,,,,template_boilerplate|unexpanded_shortcodes|tel_in_content,Template/Boilerplate | Missing SEO Elements | Errors/Placeholders,Template/Boilerplate,"هيكل H2 مكرر على 1 مقالة، ونسبة الجمل المكررة 45%. شورت كود كيان غير مُفسَّر (أقسام ناقصة في HTML): [post_call], [post_features], [post_prices], [post_services], [post_steps]. ما زال هناك رابط اتصال هاتفي tel: داخل المحتوى."
941,post,شركة تركيب ورق جدران في مسقط,https://rukn-eltatawer.com/om/wallpaper-muscat/,wallpaper-muscat,wallpaper,muscat,2358,1302,0.448,0,20,13,1,,,,template_boilerplate|unexpanded_shortcodes|tel_in_content,Template/Boilerplate | Missing SEO Elements | Errors/Placeholders,Template/Boilerplate,"هيكل H2 مكرر على 1 مقالة، ونسبة الجمل المكررة 45%. شورت كود كيان غير مُفسَّر (أقسام ناقصة في HTML): [post_call], [post_features], [post_prices], [post_services], [post_steps]. ما زال هناك رابط اتصال هاتفي tel: داخل المحتوى."
1645,post,شركة تركيب ورق حائط في مسقط,https://rukn-eltatawer.com/om/wallpaper-installation-muscat/,wallpaper-installation-muscat,wallpaper-installation,muscat,2359,1347,0.429,0,20,13,1,,,,template_boilerplate|unexpanded_shortcodes|tel_in_content,Template/Boilerplate | Missing SEO Elements | Errors/Placeholders,Template/Boilerplate,"هيكل H2 مكرر على 1 مقالة، ونسبة الجمل المكررة 43%. شورت كود كيان غير مُفسَّر (أقسام ناقصة في HTML): [post_call], [post_features], [post_prices], [post_services], [post_steps]. ما زال هناك رابط اتصال هاتفي tel: داخل المحتوى."
1173,post,شركة تركيب عشب جداري في مسقط,https://rukn-eltatawer.com/om/wall-grass-muscat/,wall-grass-muscat,wall-grass,muscat,2271,1189,0.476,0,20,13,1,,,,template_boilerplate|unexpanded_shortcodes|tel_in_content,Template/Boilerplate | Missing SEO Elements | Errors/Placeholders,Template/Boilerplate,"هيكل H2 مكرر على 1 مقالة، ونسبة الجمل المكررة 48%. شورت كود كيان غير مُفسَّر (أقسام ناقصة في HTML): [post_call], [post_features], [post_prices], [post_services], [post_steps]. ما زال هناك رابط اتصال هاتفي tel: داخل المحتوى."
494,post,شركة صيانة كهرباء في صلالة,https://rukn-eltatawer.com/om/electrical-maintenance-salalah/,electrical-maintenance-salalah,electrical-maintenance,salalah,2237,1356,0.394,0,20,13,1,https://rukn-eltatawer.com/om/oven-maintenance-sur/,cross-service-duplicate,8,template_boilerplate|duplicate_similar|unexpanded_shortcodes|tel_in_content,Template/Boilerplate | Duplicate/Similar | Missing SEO Elements | Errors/Placeholders,Template/Boilerplate,"هيكل H2 مكرر على 1 مقالة، ونسبة الجمل المكررة 39%. تشابه مرتفع (hamming=8, cross-service-duplicate) مع https://rukn-eltatawer.com/om/oven-maintenance-sur/. شورت كود كيان غير مُفسَّر (أقسام ناقصة في HTML): [post_call], [post_features], [post_prices], [post_services], [post_steps]. ما زال هناك رابط اتصال هاتفي tel: داخل المحتوى."
1221,post,شركة تركيب نوافير جدارية في مسقط,https://rukn-eltatawer.com/om/wall-fountain-muscat/,wall-fountain-muscat,wall-fountain,muscat,2332,1353,0.42,0,20,13,1,,,,template_boilerplate|unexpanded_shortcodes|tel_in_content,Template/Boilerplate | Missing SEO Elements | Errors/Placeholders,Template/Boilerplate,"هيكل H2 مكرر على 1 مقالة، ونسبة الجمل المكررة 42%. شورت كود كيان غير مُفسَّر (أقسام ناقصة في HTML): [post_call], [post_features], [post_prices], [post_services], [post_steps]. ما زال هناك رابط اتصال هاتفي tel: داخل المحتوى."
917,post,شركة تركيب فوم للجدران في مسقط,https://rukn-eltatawer.com/om/wall-foam-muscat/,wall-foam-muscat,wall-foam,muscat,2332,1215,0.479,0,20,13,1,,,,template_boilerplate|unexpanded_shortcodes|tel_in_content,Template/Boilerplate | Missing SEO Elements | Errors/Placeholders,Template/Boilerplate,"هيكل H2 مكرر على 1 مقالة، ونسبة الجمل المكررة 48%. شورت كود كيان غير مُفسَّر (أقسام ناقصة في HTML): [post_call], [post_features], [post_prices], [post_services], [post_steps]. ما زال هناك رابط اتصال هاتفي tel: داخل المحتوى."
893,post,شركة تركيب أرضيات فينيل في مسقط,https://rukn-eltatawer.com/om/vinyl-flooring-muscat/,vinyl-flooring-muscat,vinyl-flooring,muscat,2232,1354,0.393,0,20,13,1,,,,template_boilerplate|unexpanded_shortcodes|tel_in_content,Template/Boilerplate | Missing SEO Elements | Errors/Placeholders,Template/Boilerplate,"هيكل H2 مكرر على 1 مقالة، ونسبة الجمل المكررة 39%. شورت كود كيان غير مُفسَّر (أقسام ناقصة في HTML): [post_call], [post_features], [post_prices], [post_services], [post_steps]. ما زال هناك رابط اتصال هاتفي tel: داخل المحتوى."
629,post,شركة صيانة مكانس كهربائية في مسقط,https://rukn-eltatawer.com/om/vacuum-maintenance-muscat/,vacuum-maintenance-muscat,vacuum-maintenance,muscat,2196,1357,0.382,0,20,13,1,,,,template_boilerplate|unexpanded_shortcodes|tel_in_content,Template/Boilerplate | Missing SEO Elements | Errors/Placeholders,Template/Boilerplate,"هيكل H2 مكرر على 1 مقالة، ونسبة الجمل المكررة 38%. شورت كود كيان غير مُفسَّر (أقسام ناقصة في HTML): [post_call], [post_features], [post_prices], [post_services], [post_steps]. ما زال هناك رابط اتصال هاتفي tel: داخل المحتوى."
669,post,شركة تركيب وصيانة أجهزة تبريد مياه الخزانات في مسقط,https://rukn-eltatawer.com/om/tank-water-chiller-muscat/,tank-water-chiller-muscat,tank-water-chiller,muscat,2486,1556,0.374,0,20,13,1,,,,template_boilerplate|unexpanded_shortcodes|tel_in_content,Template/Boilerplate | Missing SEO Elements | Errors/Placeholders,Template/Boilerplate,"هيكل H2 مكرر على 1 مقالة، ونسبة الجمل المكررة 37%. شورت كود كيان غير مُفسَّر (أقسام ناقصة في HTML): [post_call], [post_features], [post_prices], [post_services], [post_steps]. ما زال هناك رابط اتصال هاتفي tel: داخل المحتوى."
493,post,شركة صيانة كهرباء في مسقط,https://rukn-eltatawer.com/om/electrical-maintenance-muscat/,electrical-maintenance-muscat,electrical-maintenance,muscat,2298,1461,0.364,0,20,13,1,,,,template_boilerplate|unexpanded_shortcodes|tel_in_content,Template/Boilerplate | Missing SEO Elements | Errors/Placeholders,Template/Boilerplate,"هيكل H2 مكرر على 1 مقالة، ونسبة الجمل المكررة 36%. شورت كود كيان غير مُفسَّر (أقسام ناقصة في HTML): [post_call], [post_features], [post_prices], [post_services], [post_steps]. ما زال هناك رابط اتصال هاتفي tel: داخل المحتوى."
957,post,شركة تركيب أسقف مستعارة في مسقط,https://rukn-eltatawer.com/om/suspended-ceiling-muscat/,suspended-ceiling-muscat,suspended-ceiling,muscat,2343,1332,0.431,0,20,13,1,,,,template_boilerplate|unexpanded_shortcodes|tel_in_content,Template/Boilerplate | Missing SEO Elements | Errors/Placeholders,Template/Boilerplate,"هيكل H2 مكرر على 1 مقالة، ونسبة الجمل المكررة 43%. شورت كود كيان غير مُفسَّر (أقسام ناقصة في HTML): [post_call], [post_features], [post_prices], [post_services], [post_steps]. ما زال هناك رابط اتصال هاتفي tel: داخل المحتوى."
565,post,شركة صيانة بوتاجازات في مسقط,https://rukn-eltatawer.com/om/stove-maintenance-muscat/,stove-maintenance-muscat,stove-maintenance,muscat,2192,1290,0.411,0,20,13,1,,,,template_boilerplate|unexpanded_shortcodes|tel_in_content,Template/Boilerplate | Missing SEO Elements | Errors/Placeholders,Template/Boilerplate,"هيكل H2 مكرر على 1 مقالة، ونسبة الجمل المكررة 41%. شورت كود كيان غير مُفسَّر (أقسام ناقصة في HTML): [post_call], [post_features], [post_prices], [post_services], [post_steps]. ما زال هناك رابط اتصال هاتفي tel: داخل المحتوى."
1205,post,شركة إنشاء ممرات حجرية في مسقط,https://rukn-eltatawer.com/om/stone-pathway-muscat/,stone-pathway-muscat,stone-pathway,muscat,2320,1320,0.431,0,20,13,1,,,,template_boilerplate|unexpanded_shortcodes|tel_in_content,Template/Boilerplate | Missing SEO Elements | Errors/Placeholders,Template/Boilerplate,"هيكل H2 مكرر على 1 مقالة، ونسبة الجمل المكررة 43%. شورت كود كيان غير مُفسَّر (أقسام ناقصة في HTML): [post_call], [post_features], [post_prices], [post_services], [post_steps]. ما زال هناك رابط اتصال هاتفي tel: داخل المحتوى."
901,post,شركة تركيب حجر طبيعي وصناعي في مسقط,https://rukn-eltatawer.com/om/stone-muscat/,stone-muscat,stone,muscat,2222,1240,0.442,0,20,13,1,,,,template_boilerplate|unexpanded_shortcodes|tel_in_content,Template/Boilerplate | Missing SEO Elements | Errors/Placeholders,Template/Boilerplate,"هيكل H2 مكرر على 1 مقالة، ونسبة الجمل المكررة 44%. شورت كود كيان غير مُفسَّر (أقسام ناقصة في HTML): [post_call], [post_features], [post_prices], [post_services], [post_steps]. ما زال هناك رابط اتصال هاتفي tel: داخل المحتوى."
1437,post,شركة التعقيم بالبخار في مسقط,https://rukn-eltatawer.com/om/steam-disinfection-muscat/,steam-disinfection-muscat,steam-disinfection,muscat,2295,1303,0.432,0,20,13,1,,,,template_boilerplate|unexpanded_shortcodes|tel_in_content,Template/Boilerplate | Missing SEO Elements | Errors/Placeholders,Template/Boilerplate,"هيكل H2 مكرر على 1 مقالة، ونسبة الجمل المكررة 43%. شورت كود كيان غير مُفسَّر (أقسام ناقصة في HTML): [post_call], [post_features], [post_prices], [post_services], [post_steps]. ما زال هناك رابط اتصال هاتفي tel: داخل المحتوى."
1764,post,شركة كشف أعطال كهرباء في البريمي,https://rukn-eltatawer.com/om/electrical-fault-detection-al-buraimi/,electrical-fault-detection-al-buraimi,electrical-fault-detection,al-buraimi,2156,1351,0.373,0,20,13,1,,,,template_boilerplate|unexpanded_shortcodes|tel_in_content,Template/Boilerplate | Missing SEO Elements | Errors/Placeholders,Template/Boilerplate,"هيكل H2 مكرر على 1 مقالة، ونسبة الجمل المكررة 37%. شورت كود كيان غير مُفسَّر (أقسام ناقصة في HTML): [post_call], [post_features], [post_prices], [post_services], [post_steps]. ما زال هناك رابط اتصال هاتفي tel: داخل المحتوى."
201,post,شركة تنظيف كنب في مسقط,https://rukn-eltatawer.com/om/sofa-cleaning-muscat/,sofa-cleaning-muscat,sofa-cleaning,muscat,2303,1268,0.449,0,20,13,1,https://rukn-eltatawer.com/om/hospital-clinic-cleaning-ibri/,cross-service-duplicate,6,template_boilerplate|duplicate_similar|unexpanded_shortcodes|tel_in_content,Template/Boilerplate | Duplicate/Similar | Missing SEO Elements | Errors/Placeholders,Template/Boilerplate,"هيكل H2 مكرر على 1 مقالة، ونسبة الجمل المكررة 45%. تشابه مرتفع (hamming=6, cross-service-duplicate) مع https://rukn-eltatawer.com/om/hospital-clinic-cleaning-ibri/. شورت كود كيان غير مُفسَّر (أقسام ناقصة في HTML): [post_call], [post_features], [post_prices], [post_services], [post_steps]. ما زال هناك رابط اتصال هاتفي tel: داخل المحتوى."
1365,post,شركة مكافحة الأفاعي في مسقط,https://rukn-eltatawer.com/om/snake-control-muscat/,snake-control-muscat,snake-control,muscat,2358,1488,0.369,0,20,13,1,,,,template_boilerplate|unexpanded_shortcodes|tel_in_content,Template/Boilerplate | Missing SEO Elements | Errors/Placeholders,Template/Boilerplate,"هيكل H2 مكرر على 1 مقالة، ونسبة الجمل المكررة 37%. شورت كود كيان غير مُفسَّر (أقسام ناقصة في HTML): [post_call], [post_features], [post_prices], [post_services], [post_steps]. ما زال هناك رابط اتصال هاتفي tel: داخل المحتوى."
1549,post,شركة مكاتب الشحن في مسقط,https://rukn-eltatawer.com/om/shipping-offices-muscat/,shipping-offices-muscat,shipping-offices,muscat,2232,1331,0.404,0,20,13,1,,,,template_boilerplate|unexpanded_shortcodes|tel_in_content,Template/Boilerplate | Missing SEO Elements | Errors/Placeholders,Template/Boilerplate,"هيكل H2 مكرر على 1 مقالة، ونسبة الجمل المكررة 40%. شورت كود كيان غير مُفسَّر (أقسام ناقصة في HTML): [post_call], [post_features], [post_prices], [post_services], [post_steps]. ما زال هناك رابط اتصال هاتفي tel: داخل المحتوى."
1005,post,شركة تركيب مظلات وسواتر في مسقط,https://rukn-eltatawer.com/om/shades-sails-muscat/,shades-sails-muscat,shades-sails,muscat,2286,1216,0.468,0,20,13,1,,,,template_boilerplate|unexpanded_shortcodes|tel_in_content,Template/Boilerplate | Missing SEO Elements | Errors/Placeholders,Template/Boilerplate,"هيكل H2 مكرر على 1 مقالة، ونسبة الجمل المكررة 47%. شورت كود كيان غير مُفسَّر (أقسام ناقصة في HTML): [post_call], [post_features], [post_prices], [post_services], [post_steps]. ما زال هناك رابط اتصال هاتفي tel: داخل المحتوى."
1605,post,شركة شحن دولي بحري في مسقط,https://rukn-eltatawer.com/om/sea-freight-muscat/,sea-freight-muscat,sea-freight,muscat,2316,1463,0.368,0,20,13,1,,,,template_boilerplate|unexpanded_shortcodes|tel_in_content,Template/Boilerplate | Missing SEO Elements | Errors/Placeholders,Template/Boilerplate,"هيكل H2 مكرر على 1 مقالة، ونسبة الجمل المكررة 37%. شورت كود كيان غير مُفسَّر (أقسام ناقصة في HTML): [post_call], [post_features], [post_prices], [post_services], [post_steps]. ما زال هناك رابط اتصال هاتفي tel: داخل المحتوى."
1762,post,شركة كشف أعطال كهرباء في عبري,https://rukn-eltatawer.com/om/electrical-fault-detection-ibri/,electrical-fault-detection-ibri,electrical-fault-detection,ibri,2145,1306,0.391,0,20,13,1,,,,template_boilerplate|unexpanded_shortcodes|tel_in_content,Template/Boilerplate | Missing SEO Elements | Errors/Placeholders,Template/Boilerplate,"هيكل H2 مكرر على 1 مقالة، ونسبة الجمل المكررة 39%. شورت كود كيان غير مُفسَّر (أقسام ناقصة في HTML): [post_call], [post_features], [post_prices], [post_services], [post_steps]. ما زال هناك رابط اتصال هاتفي tel: داخل المحتوى."
1373,post,شركة مكافحة العقارب في مسقط,https://rukn-eltatawer.com/om/scorpion-control-muscat/,scorpion-control-muscat,scorpion-control,muscat,2383,1625,0.318,0,20,13,1,,,,unexpanded_shortcodes|tel_in_content,Missing SEO Elements | Errors/Placeholders,Missing SEO Elements,"شورت كود كيان غير مُفسَّر (أقسام ناقصة في HTML): [post_call], [post_features], [post_prices], [post_services], [post_steps]. ما زال هناك رابط اتصال هاتفي tel: داخل المحتوى."
111,post,شركة تنظيف مدارس وحضانات في مسقط,https://rukn-eltatawer.com/om/school-nursery-cleaning-muscat/,school-nursery-cleaning-muscat,school-nursery-cleaning,muscat,2319,1372,0.408,0,20,13,1,,,,template_boilerplate|unexpanded_shortcodes|tel_in_content,Template/Boilerplate | Missing SEO Elements | Errors/Placeholders,Template/Boilerplate,"هيكل H2 مكرر على 1 مقالة، ونسبة الجمل المكررة 41%. شورت كود كيان غير مُفسَّر (أقسام ناقصة في HTML): [post_call], [post_features], [post_prices], [post_services], [post_steps]. ما زال هناك رابط اتصال هاتفي tel: داخل المحتوى."
1517,post,فني تركيب أقمار صناعية في مسقط,https://rukn-eltatawer.com/om/satellite-tech-muscat/,satellite-tech-muscat,satellite-tech,muscat,2382,1564,0.343,0,20,13,1,,,,unexpanded_shortcodes|tel_in_content,Missing SEO Elements | Errors/Placeholders,Missing SEO Elements,"شورت كود كيان غير مُفسَّر (أقسام ناقصة في HTML): [post_call], [post_features], [post_prices], [post_services], [post_steps]. ما زال هناك رابط اتصال هاتفي tel: داخل المحتوى."
1509,post,فني تركيب دش في مسقط,https://rukn-eltatawer.com/om/sat-dish-tech-muscat/,sat-dish-tech-muscat,sat-dish-tech,muscat,2319,1470,0.366,0,20,13,1,,,,template_boilerplate|unexpanded_shortcodes|tel_in_content,Template/Boilerplate | Missing SEO Elements | Errors/Placeholders,Template/Boilerplate,"هيكل H2 مكرر على 1 مقالة، ونسبة الجمل المكررة 37%. شورت كود كيان غير مُفسَّر (أقسام ناقصة في HTML): [post_call], [post_features], [post_prices], [post_services], [post_steps]. ما زال هناك رابط اتصال هاتفي tel: داخل المحتوى."
1669,post,شركة عزل ودهان أسطح في مسقط,https://rukn-eltatawer.com/om/roof-insulation-painting-muscat/,roof-insulation-painting-muscat,roof-insulation-painting,muscat,2376,1528,0.357,0,20,13,1,,,,template_boilerplate|unexpanded_shortcodes|tel_in_content,Template/Boilerplate | Missing SEO Elements | Errors/Placeholders,Template/Boilerplate,"هيكل H2 مكرر على 1 مقالة، ونسبة الجمل المكررة 36%. شورت كود كيان غير مُفسَّر (أقسام ناقصة في HTML): [post_call], [post_features], [post_prices], [post_services], [post_steps]. ما زال هناك رابط اتصال هاتفي tel: داخل المحتوى."
1763,post,شركة كشف أعطال كهرباء في الرستاق,https://rukn-eltatawer.com/om/electrical-fault-detection-rustaq/,electrical-fault-detection-rustaq,electrical-fault-detection,rustaq,2192,1457,0.335,0,20,13,1,,,,unexpanded_shortcodes|tel_in_content,Missing SEO Elements | Errors/Placeholders,Missing SEO Elements,"شورت كود كيان غير مُفسَّر (أقسام ناقصة في HTML): [post_call], [post_features], [post_prices], [post_services], [post_steps]. ما زال هناك رابط اتصال هاتفي tel: داخل المحتوى."
1117,post,شركة تصميم حدائق أسطح في مسقط,https://rukn-eltatawer.com/om/roof-garden-design-muscat/,roof-garden-design-muscat,roof-garden-design,muscat,2302,1301,0.435,0,20,13,1,,,,template_boilerplate|unexpanded_shortcodes|tel_in_content,Template/Boilerplate | Missing SEO Elements | Errors/Placeholders,Template/Boilerplate,"هيكل H2 مكرر على 1 مقالة، ونسبة الجمل المكررة 44%. شورت كود كيان غير مُفسَّر (أقسام ناقصة في HTML): [post_call], [post_features], [post_prices], [post_services], [post_steps]. ما زال هناك رابط اتصال هاتفي tel: داخل المحتوى."
1661,post,شركة دهان بويات عالية الجودة في مسقط,https://rukn-eltatawer.com/om/premium-paint-finishing-muscat/,premium-paint-finishing-muscat,premium-paint-finishing,muscat,2382,1380,0.421,0,20,13,1,,,,template_boilerplate|unexpanded_shortcodes|tel_in_content,Template/Boilerplate | Missing SEO Elements | Errors/Placeholders,Template/Boilerplate,"هيكل H2 مكرر على 1 مقالة، ونسبة الجمل المكررة 42%. شورت كود كيان غير مُفسَّر (أقسام ناقصة في HTML): [post_call], [post_features], [post_prices], [post_services], [post_steps]. ما زال هناك رابط اتصال هاتفي tel: داخل المحتوى."
1725,post,شركة صيانة ودهان بعد التسريبات في مسقط,https://rukn-eltatawer.com/om/post-leak-repaint-maintenance-muscat/,post-leak-repaint-maintenance-muscat,post-leak-repaint-maintenance,muscat,2383,1453,0.39,0,20,13,1,,,,template_boilerplate|unexpanded_shortcodes|tel_in_content,Template/Boilerplate | Missing SEO Elements | Errors/Placeholders,Template/Boilerplate,"هيكل H2 مكرر على 1 مقالة، ونسبة الجمل المكررة 39%. شورت كود كيان غير مُفسَّر (أقسام ناقصة في HTML): [post_call], [post_features], [post_prices], [post_services], [post_steps]. ما زال هناك رابط اتصال هاتفي tel: داخل المحتوى."
525,post,شركة صيانة مسابح في مسقط,https://rukn-eltatawer.com/om/pool-maintenance-muscat/,pool-maintenance-muscat,pool-maintenance,muscat,2234,1381,0.382,0,20,13,1,https://rukn-eltatawer.com/om/pool-maintenance-sur/,city-variant-template,8,template_boilerplate|duplicate_similar|unexpanded_shortcodes|tel_in_content,Template/Boilerplate | Duplicate/Similar | Missing SEO Elements | Errors/Placeholders,Template/Boilerplate,"هيكل H2 مكرر على 1 مقالة، ونسبة الجمل المكررة 38%. تشابه مرتفع (hamming=8, city-variant-template) مع https://rukn-eltatawer.com/om/pool-maintenance-sur/. شورت كود كيان غير مُفسَّر (أقسام ناقصة في HTML): [post_call], [post_features], [post_prices], [post_services], [post_steps]. ما زال هناك رابط اتصال هاتفي tel: داخل المحتوى."
138,post,شركة تنظيف مسابح في مسقط,https://rukn-eltatawer.com/om/pool-cleaning-muscat/,pool-cleaning-muscat,pool-cleaning,muscat,2322,1328,0.428,0,20,13,1,,,,template_boilerplate|unexpanded_shortcodes|tel_in_content,Template/Boilerplate | Missing SEO Elements | Errors/Placeholders,Template/Boilerplate,"هيكل H2 مكرر على 1 مقالة، ونسبة الجمل المكررة 43%. شورت كود كيان غير مُفسَّر (أقسام ناقصة في HTML): [post_call], [post_features], [post_prices], [post_services], [post_steps]. ما زال هناك رابط اتصال هاتفي tel: داخل المحتوى."
1761,post,شركة كشف أعطال كهرباء في صور,https://rukn-eltatawer.com/om/electrical-fault-detection-sur/,electrical-fault-detection-sur,electrical-fault-detection,sur,2210,1384,0.374,0,20,13,1,,,,template_boilerplate|unexpanded_shortcodes|tel_in_content,Template/Boilerplate | Missing SEO Elements | Errors/Placeholders,Template/Boilerplate,"هيكل H2 مكرر على 1 مقالة، ونسبة الجمل المكررة 37%. شورت كود كيان غير مُفسَّر (أقسام ناقصة في HTML): [post_call], [post_features], [post_prices], [post_services], [post_steps]. ما زال هناك رابط اتصال هاتفي tel: داخل المحتوى."
869,post,شركة تركيب بلاستر في مسقط,https://rukn-eltatawer.com/om/plastering-muscat/,plastering-muscat,plastering,muscat,2278,1128,0.505,0,20,13,1,,,,template_boilerplate|unexpanded_shortcodes|tel_in_content,Template/Boilerplate | Missing SEO Elements | Errors/Placeholders,Template/Boilerplate,"هيكل H2 مكرر على 1 مقالة، ونسبة الجمل المكررة 50%. شورت كود كيان غير مُفسَّر (أقسام ناقصة في HTML): [post_call], [post_features], [post_prices], [post_services], [post_steps]. ما زال هناك رابط اتصال هاتفي tel: داخل المحتوى."
1421,post,شركة تركيب مسامير طاردة للحمام في مسقط,https://rukn-eltatawer.com/om/pigeon-spikes-installation-muscat/,pigeon-spikes-installation-muscat,pigeon-spikes-installation,muscat,2408,1554,0.355,0,20,13,1,,,,template_boilerplate|unexpanded_shortcodes|tel_in_content,Template/Boilerplate | Missing SEO Elements | Errors/Placeholders,Template/Boilerplate,"هيكل H2 مكرر على 1 مقالة، ونسبة الجمل المكررة 36%. شورت كود كيان غير مُفسَّر (أقسام ناقصة في HTML): [post_call], [post_features], [post_prices], [post_services], [post_steps]. ما زال هناك رابط اتصال هاتفي tel: داخل المحتوى."
1413,post,شركة تركيب شبك طارد للحمام في مسقط,https://rukn-eltatawer.com/om/pigeon-net-installation-muscat/,pigeon-net-installation-muscat,pigeon-net-installation,muscat,2426,1618,0.333,0,20,13,1,,,,unexpanded_shortcodes|tel_in_content,Missing SEO Elements | Errors/Placeholders,Missing SEO Elements,"شورت كود كيان غير مُفسَّر (أقسام ناقصة في HTML): [post_call], [post_features], [post_prices], [post_services], [post_steps]. ما زال هناك رابط اتصال هاتفي tel: داخل المحتوى."
1253,post,شركة نقل بيانو في مسقط,https://rukn-eltatawer.com/om/piano-moving-muscat/,piano-moving-muscat,piano-moving,muscat,2219,1373,0.381,0,20,13,1,,,,template_boilerplate|unexpanded_shortcodes|tel_in_content,Template/Boilerplate | Missing SEO Elements | Errors/Placeholders,Template/Boilerplate,"هيكل H2 مكرر على 1 مقالة، ونسبة الجمل المكررة 38%. شورت كود كيان غير مُفسَّر (أقسام ناقصة في HTML): [post_call], [post_features], [post_prices], [post_services], [post_steps]. ما زال هناك رابط اتصال هاتفي tel: داخل المحتوى."
1189,post,شركة تركيب برجولات في مسقط,https://rukn-eltatawer.com/om/pergola-installation-muscat/,pergola-installation-muscat,pergola-installation,muscat,2237,1281,0.427,0,20,13,1,,,,template_boilerplate|unexpanded_shortcodes|tel_in_content,Template/Boilerplate | Missing SEO Elements | Errors/Placeholders,Template/Boilerplate,"هيكل H2 مكرر على 1 مقالة، ونسبة الجمل المكررة 43%. شورت كود كيان غير مُفسَّر (أقسام ناقصة في HTML): [post_call], [post_features], [post_prices], [post_services], [post_steps]. ما زال هناك رابط اتصال هاتفي tel: داخل المحتوى."
1760,post,شركة كشف أعطال كهرباء في نزوى,https://rukn-eltatawer.com/om/electrical-fault-detection-nizwa/,electrical-fault-detection-nizwa,electrical-fault-detection,nizwa,2221,1303,0.413,0,20,13,1,,,,template_boilerplate|unexpanded_shortcodes|tel_in_content,Template/Boilerplate | Missing SEO Elements | Errors/Placeholders,Template/Boilerplate,"هيكل H2 مكرر على 1 مقالة، ونسبة الجمل المكررة 41%. شورت كود كيان غير مُفسَّر (أقسام ناقصة في HTML): [post_call], [post_features], [post_prices], [post_services], [post_steps]. ما زال هناك رابط اتصال هاتفي tel: داخل المحتوى."
885,post,شركة تركيب باركيه وأرضيات خشب في مسقط,https://rukn-eltatawer.com/om/parquet-muscat/,parquet-muscat,parquet,muscat,2209,1314,0.405,0,20,13,1,,,,template_boilerplate|unexpanded_shortcodes|tel_in_content,Template/Boilerplate | Missing SEO Elements | Errors/Placeholders,Template/Boilerplate,"هيكل H2 مكرر على 1 مقالة، ونسبة الجمل المكررة 40%. شورت كود كيان غير مُفسَّر (أقسام ناقصة في HTML): [post_call], [post_features], [post_prices], [post_services], [post_steps]. ما زال هناك رابط اتصال هاتفي tel: داخل المحتوى."
1133,post,شركة زرع نخيل وأشجار في مسقط,https://rukn-eltatawer.com/om/palm-tree-planting-muscat/,palm-tree-planting-muscat,palm-tree-planting,muscat,2372,1393,0.413,0,20,13,1,,,,template_boilerplate|unexpanded_shortcodes|tel_in_content,Template/Boilerplate | Missing SEO Elements | Errors/Placeholders,Template/Boilerplate,"هيكل H2 مكرر على 1 مقالة، ونسبة الجمل المكررة 41%. شورت كود كيان غير مُفسَّر (أقسام ناقصة في HTML): [post_call], [post_features], [post_prices], [post_services], [post_steps]. ما زال هناك رابط اتصال هاتفي tel: داخل المحتوى."
84,post,شركة تنظيف قصور في مسقط,https://rukn-eltatawer.com/om/palace-cleaning-muscat/,palace-cleaning-muscat,palace-cleaning,muscat,2359,1351,0.427,0,20,13,1,,,,template_boilerplate|unexpanded_shortcodes|tel_in_content,Template/Boilerplate | Missing SEO Elements | Errors/Placeholders,Template/Boilerplate,"هيكل H2 مكرر على 1 مقالة، ونسبة الجمل المكررة 43%. شورت كود كيان غير مُفسَّر (أقسام ناقصة في HTML): [post_call], [post_features], [post_prices], [post_services], [post_steps]. ما زال هناك رابط اتصال هاتفي tel: داخل المحتوى."
1493,post,عامل دهانات في مسقط,https://rukn-eltatawer.com/om/painter-muscat/,painter-muscat,painter,muscat,2266,1260,0.444,0,20,13,1,,,,template_boilerplate|unexpanded_shortcodes|tel_in_content,Template/Boilerplate | Missing SEO Elements | Errors/Placeholders,Template/Boilerplate,"هيكل H2 مكرر على 1 مقالة، ونسبة الجمل المكررة 44%. شورت كود كيان غير مُفسَّر (أقسام ناقصة في HTML): [post_call], [post_features], [post_prices], [post_services], [post_steps]. ما زال هناك رابط اتصال هاتفي tel: داخل المحتوى."
1693,post,شركة إزالة دهان قديم وتحضير أسطح في مسقط,https://rukn-eltatawer.com/om/paint-removal-surface-prep-muscat/,paint-removal-surface-prep-muscat,paint-removal-surface-prep,muscat,2419,1416,0.415,0,20,13,1,,,,template_boilerplate|unexpanded_shortcodes|tel_in_content,Template/Boilerplate | Missing SEO Elements | Errors/Placeholders,Template/Boilerplate,"هيكل H2 مكرر على 1 مقالة، ونسبة الجمل المكررة 42%. شورت كود كيان غير مُفسَّر (أقسام ناقصة في HTML): [post_call], [post_features], [post_prices], [post_services], [post_steps]. ما زال هناك رابط اتصال هاتفي tel: داخل المحتوى."
1759,post,شركة كشف أعطال كهرباء في صحار,https://rukn-eltatawer.com/om/electrical-fault-detection-sohar/,electrical-fault-detection-sohar,electrical-fault-detection,sohar,2203,1428,0.352,0,20,13,1,,,,template_boilerplate|unexpanded_shortcodes|tel_in_content,Template/Boilerplate | Missing SEO Elements | Errors/Placeholders,Template/Boilerplate,"هيكل H2 مكرر على 1 مقالة، ونسبة الجمل المكررة 35%. شورت كود كيان غير مُفسَّر (أقسام ناقصة في HTML): [post_call], [post_features], [post_prices], [post_services], [post_steps]. ما زال هناك رابط اتصال هاتفي tel: داخل المحتوى."
1453,post,شركة التعقيم بالأوزون في مسقط,https://rukn-eltatawer.com/om/ozone-disinfection-muscat/,ozone-disinfection-muscat,ozone-disinfection,muscat,2305,1258,0.454,0,20,13,1,,,,template_boilerplate|unexpanded_shortcodes|tel_in_content,Template/Boilerplate | Missing SEO Elements | Errors/Placeholders,Template/Boilerplate,"هيكل H2 مكرر على 1 مقالة، ونسبة الجمل المكررة 45%. شورت كود كيان غير مُفسَّر (أقسام ناقصة في HTML): [post_call], [post_features], [post_prices], [post_services], [post_steps]. ما زال هناك رابط اتصال هاتفي tel: داخل المحتوى."
557,post,شركة صيانة أفران في مسقط,https://rukn-eltatawer.com/om/oven-maintenance-muscat/,oven-maintenance-muscat,oven-maintenance,muscat,2201,1324,0.398,0,20,13,1,,,,template_boilerplate|unexpanded_shortcodes|tel_in_content,Template/Boilerplate | Missing SEO Elements | Errors/Placeholders,Template/Boilerplate,"هيكل H2 مكرر على 1 مقالة، ونسبة الجمل المكررة 40%. شورت كود كيان غير مُفسَّر (أقسام ناقصة في HTML): [post_call], [post_features], [post_prices], [post_services], [post_steps]. ما زال هناك رابط اتصال هاتفي tel: داخل المحتوى."
1237,post,شركة نقل أثاث خارجي في مسقط,https://rukn-eltatawer.com/om/outdoor-moving-muscat/,outdoor-moving-muscat,outdoor-moving,muscat,2307,1378,0.403,0,20,13,1,,,,template_boilerplate|unexpanded_shortcodes|tel_in_content,Template/Boilerplate | Missing SEO Elements | Errors/Placeholders,Template/Boilerplate,"هيكل H2 مكرر على 1 مقالة، ونسبة الجمل المكررة 40%. شورت كود كيان غير مُفسَّر (أقسام ناقصة في HTML): [post_call], [post_features], [post_prices], [post_services], [post_steps]. ما زال هناك رابط اتصال هاتفي tel: داخل المحتوى."
1061,post,شركة بناء مجالس خارجية في مسقط,https://rukn-eltatawer.com/om/outdoor-majlis-muscat/,outdoor-majlis-muscat,outdoor-majlis,muscat,2316,1329,0.426,0,20,13,1,,,,template_boilerplate|unexpanded_shortcodes|tel_in_content|structural_error,Template/Boilerplate | Missing SEO Elements | Errors/Placeholders,Template/Boilerplate,"هيكل H2 مكرر على 1 مقالة، ونسبة الجمل المكررة 43%. شورت كود كيان غير مُفسَّر (أقسام ناقصة في HTML): [post_call], [post_features], [post_prices], [post_services], [post_steps]. ما زال هناك رابط اتصال هاتفي tel: داخل المحتوى. فقرتان متتاليتان متطابقتان."
1053,post,شركة بناء مطابخ خارجية في مسقط,https://rukn-eltatawer.com/om/outdoor-kitchens-muscat/,outdoor-kitchens-muscat,outdoor-kitchens,muscat,2316,1296,0.44,0,20,13,1,,,,template_boilerplate|unexpanded_shortcodes|tel_in_content,Template/Boilerplate | Missing SEO Elements | Errors/Placeholders,Template/Boilerplate,"هيكل H2 مكرر على 1 مقالة، ونسبة الجمل المكررة 44%. شورت كود كيان غير مُفسَّر (أقسام ناقصة في HTML): [post_call], [post_features], [post_prices], [post_services], [post_steps]. ما زال هناك رابط اتصال هاتفي tel: داخل المحتوى."
1758,post,شركة كشف أعطال كهرباء في صلالة,https://rukn-eltatawer.com/om/electrical-fault-detection-salalah/,electrical-fault-detection-salalah,electrical-fault-detection,salalah,2212,1415,0.36,0,20,13,1,,,,template_boilerplate|unexpanded_shortcodes|tel_in_content,Template/Boilerplate | Missing SEO Elements | Errors/Placeholders,Template/Boilerplate,"هيكل H2 مكرر على 1 مقالة، ونسبة الجمل المكررة 36%. شورت كود كيان غير مُفسَّر (أقسام ناقصة في HTML): [post_call], [post_features], [post_prices], [post_services], [post_steps]. ما زال هناك رابط اتصال هاتفي tel: داخل المحتوى."
1045,post,شركة بناء حمامات خارجية في مسقط,https://rukn-eltatawer.com/om/outdoor-bathrooms-muscat/,outdoor-bathrooms-muscat,outdoor-bathrooms,muscat,2336,1427,0.389,0,20,13,1,https://rukn-eltatawer.com/om/microwave-maintenance-muscat/,cross-service-duplicate,7,template_boilerplate|duplicate_similar|unexpanded_shortcodes|tel_in_content,Template/Boilerplate | Duplicate/Similar | Missing SEO Elements | Errors/Placeholders,Template/Boilerplate,"هيكل H2 مكرر على 1 مقالة، ونسبة الجمل المكررة 39%. تشابه مرتفع (hamming=7, cross-service-duplicate) مع https://rukn-eltatawer.com/om/microwave-maintenance-muscat/. شورت كود كيان غير مُفسَّر (أقسام ناقصة في HTML): [post_call], [post_features], [post_prices], [post_services], [post_steps]. ما زال هناك رابط اتصال هاتفي tel: داخل المحتوى."
1685,post,شركة دهان مكاتب وشركات في مسقط,https://rukn-eltatawer.com/om/office-painting-muscat/,office-painting-muscat,office-painting,muscat,2389,1370,0.427,0,20,13,1,,,,template_boilerplate|unexpanded_shortcodes|tel_in_content,Template/Boilerplate | Missing SEO Elements | Errors/Placeholders,Template/Boilerplate,"هيكل H2 مكرر على 1 مقالة، ونسبة الجمل المكررة 43%. شورت كود كيان غير مُفسَّر (أقسام ناقصة في HTML): [post_call], [post_features], [post_prices], [post_services], [post_steps]. ما زال هناك رابط اتصال هاتفي tel: داخل المحتوى."
1677,post,شركة تشطيب ودهان فلل جديدة في مسقط,https://rukn-eltatawer.com/om/new-villa-finishing-painting-muscat/,new-villa-finishing-painting-muscat,new-villa-finishing-painting,muscat,2379,1362,0.427,0,20,13,1,,,,template_boilerplate|unexpanded_shortcodes|tel_in_content,Template/Boilerplate | Missing SEO Elements | Errors/Placeholders,Template/Boilerplate,"هيكل H2 مكرر على 1 مقالة، ونسبة الجمل المكررة 43%. شورت كود كيان غير مُفسَّر (أقسام ناقصة في HTML): [post_call], [post_features], [post_prices], [post_services], [post_steps]. ما زال هناك رابط اتصال هاتفي tel: داخل المحتوى."
1821,post,شركة تأسيس كهرباء وسباكة لمبنى جديد في مسقط,https://rukn-eltatawer.com/om/new-building-electrical-plumbing-muscat/,new-building-electrical-plumbing-muscat,new-building-electrical-plumbing,muscat,2407,1494,0.379,0,20,13,1,,,,template_boilerplate|unexpanded_shortcodes|tel_in_content,Template/Boilerplate | Missing SEO Elements | Errors/Placeholders,Template/Boilerplate,"هيكل H2 مكرر على 1 مقالة، ونسبة الجمل المكررة 38%. شورت كود كيان غير مُفسَّر (أقسام ناقصة في HTML): [post_call], [post_features], [post_prices], [post_services], [post_steps]. ما زال هناك رابط اتصال هاتفي tel: داخل المحتوى."
1125,post,شركة قص عشب طبيعي في مسقط,https://rukn-eltatawer.com/om/natural-grass-cutting-muscat/,natural-grass-cutting-muscat,natural-grass-cutting,muscat,2303,1135,0.507,0,20,13,1,,,,template_boilerplate|unexpanded_shortcodes|tel_in_content,Template/Boilerplate | Missing SEO Elements | Errors/Placeholders,Template/Boilerplate,"هيكل H2 مكرر على 1 مقالة، ونسبة الجمل المكررة 51%. شورت كود كيان غير مُفسَّر (أقسام ناقصة في HTML): [post_call], [post_features], [post_prices], [post_services], [post_steps]. ما زال هناك رابط اتصال هاتفي tel: داخل المحتوى."
192,post,شركة تنظيف موكيت في مسقط,https://rukn-eltatawer.com/om/moquette-cleaning-muscat/,moquette-cleaning-muscat,moquette-cleaning,muscat,2357,1360,0.423,0,20,13,1,https://rukn-eltatawer.com/om/moquette-cleaning-ibri/,city-variant-template,8,template_boilerplate|duplicate_similar|unexpanded_shortcodes|tel_in_content,Template/Boilerplate | Duplicate/Similar | Missing SEO Elements | Errors/Placeholders,Template/Boilerplate,"هيكل H2 مكرر على 1 مقالة، ونسبة الجمل المكررة 42%. تشابه مرتفع (hamming=8, city-variant-template) مع https://rukn-eltatawer.com/om/moquette-cleaning-ibri/. شورت كود كيان غير مُفسَّر (أقسام ناقصة في HTML): [post_call], [post_features], [post_prices], [post_services], [post_steps]. ما زال هناك رابط اتصال هاتفي tel: داخل المحتوى."
1757,post,شركة كشف أعطال كهرباء في مسقط,https://rukn-eltatawer.com/om/electrical-fault-detection-muscat/,electrical-fault-detection-muscat,electrical-fault-detection,muscat,2334,1396,0.402,0,20,13,1,,,,template_boilerplate|unexpanded_shortcodes|tel_in_content,Template/Boilerplate | Missing SEO Elements | Errors/Placeholders,Template/Boilerplate,"هيكل H2 مكرر على 1 مقالة، ونسبة الجمل المكررة 40%. شورت كود كيان غير مُفسَّر (أقسام ناقصة في HTML): [post_call], [post_features], [post_prices], [post_services], [post_steps]. ما زال هناك رابط اتصال هاتفي tel: داخل المحتوى."
1149,post,شركة تركيب شبكات ري حديثة في مسقط,https://rukn-eltatawer.com/om/modern-irrigation-muscat/,modern-irrigation-muscat,modern-irrigation,muscat,2362,1301,0.449,0,20,13,1,,,,template_boilerplate|unexpanded_shortcodes|tel_in_content,Template/Boilerplate | Missing SEO Elements | Errors/Placeholders,Template/Boilerplate,"هيكل H2 مكرر على 1 مقالة، ونسبة الجمل المكررة 45%. شورت كود كيان غير مُفسَّر (أقسام ناقصة في HTML): [post_call], [post_features], [post_prices], [post_services], [post_steps]. ما زال هناك رابط اتصال هاتفي tel: داخل المحتوى."
605,post,شركة صيانة ميكروويف في مسقط,https://rukn-eltatawer.com/om/microwave-maintenance-muscat/,microwave-maintenance-muscat,microwave-maintenance,muscat,2200,1346,0.388,0,20,13,1,https://rukn-eltatawer.com/om/fridge-maintenance-muscat/,cross-service-duplicate,5,template_boilerplate|duplicate_similar|unexpanded_shortcodes|tel_in_content,Template/Boilerplate | Duplicate/Similar | Missing SEO Elements | Errors/Placeholders,Template/Boilerplate,"هيكل H2 مكرر على 1 مقالة، ونسبة الجمل المكررة 39%. تشابه مرتفع (hamming=5, cross-service-duplicate) مع https://rukn-eltatawer.com/om/fridge-maintenance-muscat/. شورت كود كيان غير مُفسَّر (أقسام ناقصة في HTML): [post_call], [post_features], [post_prices], [post_services], [post_steps]. ما زال هناك رابط اتصال هاتفي tel: داخل المحتوى."
219,post,شركة تنظيف مراتب في مسقط,https://rukn-eltatawer.com/om/mattress-cleaning-muscat/,mattress-cleaning-muscat,mattress-cleaning,muscat,2328,1337,0.426,0,20,13,1,,,,template_boilerplate|unexpanded_shortcodes|tel_in_content,Template/Boilerplate | Missing SEO Elements | Errors/Placeholders,Template/Boilerplate,"هيكل H2 مكرر على 1 مقالة، ونسبة الجمل المكررة 43%. شورت كود كيان غير مُفسَّر (أقسام ناقصة في HTML): [post_call], [post_features], [post_prices], [post_services], [post_steps]. ما زال هناك رابط اتصال هاتفي tel: داخل المحتوى."
228,post,شركة تنظيف أرضيات رخام وجلي رخام في مسقط,https://rukn-eltatawer.com/om/marble-polishing-muscat/,marble-polishing-muscat,marble-polishing,muscat,2397,1385,0.422,0,20,13,1,,,,template_boilerplate|unexpanded_shortcodes|tel_in_content,Template/Boilerplate | Missing SEO Elements | Errors/Placeholders,Template/Boilerplate,"هيكل H2 مكرر على 1 مقالة، ونسبة الجمل المكررة 42%. شورت كود كيان غير مُفسَّر (أقسام ناقصة في HTML): [post_call], [post_features], [post_prices], [post_services], [post_steps]. ما زال هناك رابط اتصال هاتفي tel: داخل المحتوى."
909,post,شركة تركيب رخام وجرانيت في مسقط,https://rukn-eltatawer.com/om/marble-granite-muscat/,marble-granite-muscat,marble-granite,muscat,2255,1355,0.399,0,20,13,1,,,,template_boilerplate|unexpanded_shortcodes|tel_in_content,Template/Boilerplate | Missing SEO Elements | Errors/Placeholders,Template/Boilerplate,"هيكل H2 مكرر على 1 مقالة، ونسبة الجمل المكررة 40%. شورت كود كيان غير مُفسَّر (أقسام ناقصة في HTML): [post_call], [post_features], [post_prices], [post_services], [post_steps]. ما زال هناك رابط اتصال هاتفي tel: داخل المحتوى."
1820,post,شركة كهربائي طوارئ 24 ساعة في البريمي,https://rukn-eltatawer.com/om/24h-emergency-electrician-al-buraimi/,24h-emergency-electrician-al-buraimi,24h-emergency-electrician,al-buraimi,2235,1495,0.331,0,20,13,1,,,,unexpanded_shortcodes|tel_in_content,Missing SEO Elements | Errors/Placeholders,Missing SEO Elements,"شورت كود كيان غير مُفسَّر (أقسام ناقصة في HTML): [post_call], [post_features], [post_prices], [post_services], [post_steps]. ما زال هناك رابط اتصال هاتفي tel: داخل المحتوى."
129,post,شركة تنظيف محلات تجارية ومولات في مسقط,https://rukn-eltatawer.com/om/mall-cleaning-muscat/,mall-cleaning-muscat,mall-cleaning,muscat,2349,1348,0.426,0,20,13,1,,,,template_boilerplate|unexpanded_shortcodes|tel_in_content,Template/Boilerplate | Missing SEO Elements | Errors/Placeholders,Template/Boilerplate,"هيكل H2 مكرر على 1 مقالة، ونسبة الجمل المكررة 43%. شورت كود كيان غير مُفسَّر (أقسام ناقصة في HTML): [post_call], [post_features], [post_prices], [post_services], [post_steps]. ما زال هناك رابط اتصال هاتفي tel: داخل المحتوى."
102,post,شركة تنظيف مجالس في مسقط,https://rukn-eltatawer.com/om/majlis-cleaning-muscat/,majlis-cleaning-muscat,majlis-cleaning,muscat,2277,1284,0.436,0,20,13,1,,,,template_boilerplate|unexpanded_shortcodes|tel_in_content,Template/Boilerplate | Missing SEO Elements | Errors/Placeholders,Template/Boilerplate,"هيكل H2 مكرر على 1 مقالة، ونسبة الجمل المكررة 44%. شورت كود كيان غير مُفسَّر (أقسام ناقصة في HTML): [post_call], [post_features], [post_prices], [post_services], [post_steps]. ما زال هناك رابط اتصال هاتفي tel: داخل المحتوى."
1037,post,شركة بناء استراحات في مسقط,https://rukn-eltatawer.com/om/majlis-building-muscat/,majlis-building-muscat,majlis-building,muscat,2246,1201,0.465,0,20,13,1,,,,template_boilerplate|unexpanded_shortcodes|tel_in_content,Template/Boilerplate | Missing SEO Elements | Errors/Placeholders,Template/Boilerplate,"هيكل H2 مكرر على 1 مقالة، ونسبة الجمل المكررة 46%. شورت كود كيان غير مُفسَّر (أقسام ناقصة في HTML): [post_call], [post_features], [post_prices], [post_services], [post_steps]. ما زال هناك رابط اتصال هاتفي tel: داخل المحتوى."
1389,post,شركة مكافحة الوزغ (البرص) في مسقط,https://rukn-eltatawer.com/om/lizard-control-muscat/,lizard-control-muscat,lizard-control,muscat,2373,1417,0.403,0,20,13,1,,,,template_boilerplate|unexpanded_shortcodes|tel_in_content,Template/Boilerplate | Missing SEO Elements | Errors/Placeholders,Template/Boilerplate,"هيكل H2 مكرر على 1 مقالة، ونسبة الجمل المكررة 40%. شورت كود كيان غير مُفسَّر (أقسام ناقصة في HTML): [post_call], [post_features], [post_prices], [post_services], [post_steps]. ما زال هناك رابط اتصال هاتفي tel: داخل المحتوى."
1101,post,شركة تنسيق حدائق في مسقط,https://rukn-eltatawer.com/om/landscaping-muscat/,landscaping-muscat,landscaping,muscat,2257,1296,0.426,0,20,13,1,,,,template_boilerplate|unexpanded_shortcodes|tel_in_content,Template/Boilerplate | Missing SEO Elements | Errors/Placeholders,Template/Boilerplate,"هيكل H2 مكرر على 1 مقالة، ونسبة الجمل المكررة 43%. شورت كود كيان غير مُفسَّر (أقسام ناقصة في HTML): [post_call], [post_features], [post_prices], [post_services], [post_steps]. ما زال هناك رابط اتصال هاتفي tel: داخل المحتوى."
1818,post,شركة كهربائي طوارئ 24 ساعة في عبري,https://rukn-eltatawer.com/om/24h-emergency-electrician-ibri/,24h-emergency-electrician-ibri,24h-emergency-electrician,ibri,2194,1315,0.401,0,20,13,1,,,,template_boilerplate|unexpanded_shortcodes|tel_in_content,Template/Boilerplate | Missing SEO Elements | Errors/Placeholders,Template/Boilerplate,"هيكل H2 مكرر على 1 مقالة، ونسبة الجمل المكررة 40%. شورت كود كيان غير مُفسَّر (أقسام ناقصة في HTML): [post_call], [post_features], [post_prices], [post_services], [post_steps]. ما زال هناك رابط اتصال هاتفي tel: داخل المحتوى."
1597,post,شركة شحن دولي بري في مسقط,https://rukn-eltatawer.com/om/land-freight-muscat/,land-freight-muscat,land-freight,muscat,2278,1393,0.388,0,20,13,1,,,,template_boilerplate|unexpanded_shortcodes|tel_in_content,Template/Boilerplate | Missing SEO Elements | Errors/Placeholders,Template/Boilerplate,"هيكل H2 مكرر على 1 مقالة، ونسبة الجمل المكررة 39%. شورت كود كيان غير مُفسَّر (أقسام ناقصة في HTML): [post_call], [post_features], [post_prices], [post_services], [post_steps]. ما زال هناك رابط اتصال هاتفي tel: داخل المحتوى."
981,post,شركة تركيب مطابخ في مسقط,https://rukn-eltatawer.com/om/kitchen-installation-muscat/,kitchen-installation-muscat,kitchen-installation,muscat,2230,1266,0.432,0,20,13,1,,,,template_boilerplate|unexpanded_shortcodes|tel_in_content,Template/Boilerplate | Missing SEO Elements | Errors/Placeholders,Template/Boilerplate,"هيكل H2 مكرر على 1 مقالة، ونسبة الجمل المكررة 43%. شورت كود كيان غير مُفسَّر (أقسام ناقصة في HTML): [post_call], [post_features], [post_prices], [post_services], [post_steps]. ما زال هناك رابط اتصال هاتفي tel: داخل المحتوى."
637,post,شركة تركيب وصيانة شفاطات مطابخ في مسقط,https://rukn-eltatawer.com/om/kitchen-hoods-muscat/,kitchen-hoods-muscat,kitchen-hoods,muscat,2255,1386,0.385,0,20,13,1,,,,template_boilerplate|unexpanded_shortcodes|tel_in_content,Template/Boilerplate | Missing SEO Elements | Errors/Placeholders,Template/Boilerplate,"هيكل H2 مكرر على 1 مقالة، ونسبة الجمل المكررة 38%. شورت كود كيان غير مُفسَّر (أقسام ناقصة في HTML): [post_call], [post_features], [post_prices], [post_services], [post_steps]. ما زال هناك رابط اتصال هاتفي tel: داخل المحتوى."
853,post,شركة تركيب كربستون في مسقط,https://rukn-eltatawer.com/om/kerbstone-muscat/,kerbstone-muscat,kerbstone,muscat,2277,1262,0.446,0,20,13,1,,,,template_boilerplate|unexpanded_shortcodes|tel_in_content,Template/Boilerplate | Missing SEO Elements | Errors/Placeholders,Template/Boilerplate,"هيكل H2 مكرر على 1 مقالة، ونسبة الجمل المكررة 45%. شورت كود كيان غير مُفسَّر (أقسام ناقصة في HTML): [post_call], [post_features], [post_prices], [post_services], [post_steps]. ما زال هناك رابط اتصال هاتفي tel: داخل المحتوى."
845,post,شركة تركيب انترلوك في مسقط,https://rukn-eltatawer.com/om/interlock-muscat/,interlock-muscat,interlock,muscat,2269,1296,0.429,0,20,13,1,,,,template_boilerplate|unexpanded_shortcodes|tel_in_content,Template/Boilerplate | Missing SEO Elements | Errors/Placeholders,Template/Boilerplate,"هيكل H2 مكرر على 1 مقالة، ونسبة الجمل المكررة 43%. شورت كود كيان غير مُفسَّر (أقسام ناقصة في HTML): [post_call], [post_features], [post_prices], [post_services], [post_steps]. ما زال هناك رابط اتصال هاتفي tel: داخل المحتوى."
1819,post,شركة كهربائي طوارئ 24 ساعة في الرستاق,https://rukn-eltatawer.com/om/24h-emergency-electrician-rustaq/,24h-emergency-electrician-rustaq,24h-emergency-electrician,rustaq,2280,1450,0.364,0,20,13,1,,,,template_boilerplate|unexpanded_shortcodes|tel_in_content,Template/Boilerplate | Missing SEO Elements | Errors/Placeholders,Template/Boilerplate,"هيكل H2 مكرر على 1 مقالة، ونسبة الجمل المكررة 36%. شورت كود كيان غير مُفسَّر (أقسام ناقصة في HTML): [post_call], [post_features], [post_prices], [post_services], [post_steps]. ما زال هناك رابط اتصال هاتفي tel: داخل المحتوى."
1765,post,شركة تركيب إنارة داخلية وخارجية في مسقط,https://rukn-eltatawer.com/om/indoor-outdoor-lighting-installation-muscat/,indoor-outdoor-lighting-installation-muscat,indoor-outdoor-lighting-installation,muscat,2346,1469,0.374,0,20,13,1,https://rukn-eltatawer.com/om/central-ac-maintenance-muscat/,cross-service-duplicate,7,template_boilerplate|duplicate_similar|unexpanded_shortcodes|tel_in_content,Template/Boilerplate | Duplicate/Similar | Missing SEO Elements | Errors/Placeholders,Template/Boilerplate,"هيكل H2 مكرر على 1 مقالة، ونسبة الجمل المكررة 37%. تشابه مرتفع (hamming=7, cross-service-duplicate) مع https://rukn-eltatawer.com/om/central-ac-maintenance-muscat/. شورت كود كيان غير مُفسَّر (أقسام ناقصة في HTML): [post_call], [post_features], [post_prices], [post_services], [post_steps]. ما زال هناك رابط اتصال هاتفي tel: داخل المحتوى."
1229,post,شركة نقل أثاث داخلي في مسقط,https://rukn-eltatawer.com/om/indoor-moving-muscat/,indoor-moving-muscat,indoor-moving,muscat,2286,1358,0.406,0,20,13,1,,,,template_boilerplate|unexpanded_shortcodes|tel_in_content,Template/Boilerplate | Missing SEO Elements | Errors/Placeholders,Template/Boilerplate,"هيكل H2 مكرر على 1 مقالة، ونسبة الجمل المكررة 41%. شورت كود كيان غير مُفسَّر (أقسام ناقصة في HTML): [post_call], [post_features], [post_prices], [post_services], [post_steps]. ما زال هناك رابط اتصال هاتفي tel: داخل المحتوى."
1109,post,شركة تصميم حدائق داخلية في مسقط,https://rukn-eltatawer.com/om/indoor-garden-design-muscat/,indoor-garden-design-muscat,indoor-garden-design,muscat,2275,1267,0.443,0,20,13,1,,,,template_boilerplate|unexpanded_shortcodes|tel_in_content,Template/Boilerplate | Missing SEO Elements | Errors/Placeholders,Template/Boilerplate,"هيكل H2 مكرر على 1 مقالة، ونسبة الجمل المكررة 44%. شورت كود كيان غير مُفسَّر (أقسام ناقصة في HTML): [post_call], [post_features], [post_prices], [post_services], [post_steps]. ما زال هناك رابط اتصال هاتفي tel: داخل المحتوى."
120,post,شركة تنظيف مستشفيات وعيادات في مسقط,https://rukn-eltatawer.com/om/hospital-clinic-cleaning-muscat/,hospital-clinic-cleaning-muscat,hospital-clinic-cleaning,muscat,2343,1313,0.44,0,20,13,1,,,,template_boilerplate|unexpanded_shortcodes|tel_in_content,Template/Boilerplate | Missing SEO Elements | Errors/Placeholders,Template/Boilerplate,"هيكل H2 مكرر على 1 مقالة، ونسبة الجمل المكررة 44%. شورت كود كيان غير مُفسَّر (أقسام ناقصة في HTML): [post_call], [post_features], [post_prices], [post_services], [post_steps]. ما زال هناك رابط اتصال هاتفي tel: داخل المحتوى."
1541,post,فني أنظمة صوت منزلية في مسقط,https://rukn-eltatawer.com/om/home-audio-tech-muscat/,home-audio-tech-muscat,home-audio-tech,muscat,2296,1463,0.363,0,20,13,1,,,,template_boilerplate|unexpanded_shortcodes|tel_in_content,Template/Boilerplate | Missing SEO Elements | Errors/Placeholders,Template/Boilerplate,"هيكل H2 مكرر على 1 مقالة، ونسبة الجمل المكررة 36%. شورت كود كيان غير مُفسَّر (أقسام ناقصة في HTML): [post_call], [post_features], [post_prices], [post_services], [post_steps]. ما زال هناك رابط اتصال هاتفي tel: داخل المحتوى."
1817,post,شركة كهربائي طوارئ 24 ساعة في صور,https://rukn-eltatawer.com/om/24h-emergency-electrician-sur/,24h-emergency-electrician-sur,24h-emergency-electrician,sur,2229,1423,0.362,0,20,13,1,,,,template_boilerplate|unexpanded_shortcodes|tel_in_content,Template/Boilerplate | Missing SEO Elements | Errors/Placeholders,Template/Boilerplate,"هيكل H2 مكرر على 1 مقالة، ونسبة الجمل المكررة 36%. شورت كود كيان غير مُفسَّر (أقسام ناقصة في HTML): [post_call], [post_features], [post_prices], [post_services], [post_steps]. ما زال هناك رابط اتصال هاتفي tel: داخل المحتوى."
1501,post,فني جبس بورد في مسقط,https://rukn-eltatawer.com/om/gypsum-tech-muscat/,gypsum-tech-muscat,gypsum-tech,muscat,2265,1289,0.431,0,20,13,1,,,,template_boilerplate|unexpanded_shortcodes|tel_in_content,Template/Boilerplate | Missing SEO Elements | Errors/Placeholders,Template/Boilerplate,"هيكل H2 مكرر على 1 مقالة، ونسبة الجمل المكررة 43%. شورت كود كيان غير مُفسَّر (أقسام ناقصة في HTML): [post_call], [post_features], [post_prices], [post_services], [post_steps]. ما زال هناك رابط اتصال هاتفي tel: داخل المحتوى."
925,post,شركة تركيب جبس بورد في مسقط,https://rukn-eltatawer.com/om/gypsum-board-muscat/,gypsum-board-muscat,gypsum-board,muscat,2277,1267,0.444,0,20,13,1,,,,template_boilerplate|unexpanded_shortcodes|tel_in_content,Template/Boilerplate | Missing SEO Elements | Errors/Placeholders,Template/Boilerplate,"هيكل H2 مكرر على 1 مقالة، ونسبة الجمل المكررة 44%. شورت كود كيان غير مُفسَّر (أقسام ناقصة في HTML): [post_call], [post_features], [post_prices], [post_services], [post_steps]. ما زال هناك رابط اتصال هاتفي tel: داخل المحتوى."
1653,post,شركة ديكورات جبس بورد في مسقط,https://rukn-eltatawer.com/om/gypsum-board-decor-muscat/,gypsum-board-decor-muscat,gypsum-board-decor,muscat,2341,1403,0.401,0,20,13,1,,,,template_boilerplate|unexpanded_shortcodes|tel_in_content,Template/Boilerplate | Missing SEO Elements | Errors/Placeholders,Template/Boilerplate,"هيكل H2 مكرر على 1 مقالة، ونسبة الجمل المكررة 40%. شورت كود كيان غير مُفسَّر (أقسام ناقصة في HTML): [post_call], [post_features], [post_prices], [post_services], [post_steps]. ما زال هناك رابط اتصال هاتفي tel: داخل المحتوى."
965,post,شركة تركيب فواصل زجاجية وألومنيوم في مسقط,https://rukn-eltatawer.com/om/glass-aluminium-partitions-muscat/,glass-aluminium-partitions-muscat,glass-aluminium-partitions,muscat,2213,1342,0.394,0,20,13,1,,,,template_boilerplate|unexpanded_shortcodes|tel_in_content|structural_error,Template/Boilerplate | Missing SEO Elements | Errors/Placeholders,Template/Boilerplate,"هيكل H2 مكرر على 1 مقالة، ونسبة الجمل المكررة 39%. شورت كود كيان غير مُفسَّر (أقسام ناقصة في HTML): [post_call], [post_features], [post_prices], [post_services], [post_steps]. ما زال هناك رابط اتصال هاتفي tel: داخل المحتوى. فقرتان متتاليتان متطابقتان."
973,post,شركة تركيب زجاج وألوميتال في مسقط,https://rukn-eltatawer.com/om/glass-alumetal-muscat/,glass-alumetal-muscat,glass-alumetal,muscat,2174,1174,0.46,0,20,13,1,,,,template_boilerplate|unexpanded_shortcodes|tel_in_content,Template/Boilerplate | Missing SEO Elements | Errors/Placeholders,Template/Boilerplate,"هيكل H2 مكرر على 1 مقالة، ونسبة الجمل المكررة 46%. شورت كود كيان غير مُفسَّر (أقسام ناقصة في HTML): [post_call], [post_features], [post_prices], [post_services], [post_steps]. ما زال هناك رابط اتصال هاتفي tel: داخل المحتوى."
1816,post,شركة كهربائي طوارئ 24 ساعة في نزوى,https://rukn-eltatawer.com/om/24h-emergency-electrician-nizwa/,24h-emergency-electrician-nizwa,24h-emergency-electrician,nizwa,2282,1344,0.411,0,20,13,1,https://rukn-eltatawer.com/om/24h-emergency-electrician-salalah/,city-variant-template,7,template_boilerplate|duplicate_similar|unexpanded_shortcodes|tel_in_content,Template/Boilerplate | Duplicate/Similar | Missing SEO Elements | Errors/Placeholders,Template/Boilerplate,"هيكل H2 مكرر على 1 مقالة، ونسبة الجمل المكررة 41%. تشابه مرتفع (hamming=7, city-variant-template) مع https://rukn-eltatawer.com/om/24h-emergency-electrician-salalah/. شورت كود كيان غير مُفسَّر (أقسام ناقصة في HTML): [post_call], [post_features], [post_prices], [post_services], [post_steps]. ما زال هناك رابط اتصال هاتفي tel: داخل المحتوى."
1181,post,شركة إنشاء جلسات حدائق في مسقط,https://rukn-eltatawer.com/om/garden-seating-muscat/,garden-seating-muscat,garden-seating,muscat,2284,1350,0.409,0,20,13,1,,,,template_boilerplate|unexpanded_shortcodes|tel_in_content,Template/Boilerplate | Missing SEO Elements | Errors/Placeholders,Template/Boilerplate,"هيكل H2 مكرر على 1 مقالة، ونسبة الجمل المكررة 41%. شورت كود كيان غير مُفسَّر (أقسام ناقصة في HTML): [post_call], [post_features], [post_prices], [post_services], [post_steps]. ما زال هناك رابط اتصال هاتفي tel: داخل المحتوى."
1141,post,شركة تنظيف وتزيين الحدائق في مسقط,https://rukn-eltatawer.com/om/garden-cleaning-muscat/,garden-cleaning-muscat,garden-cleaning,muscat,2361,1370,0.42,0,20,13,1,,,,template_boilerplate|unexpanded_shortcodes|tel_in_content|missing_meta,Template/Boilerplate | Missing SEO Elements | Errors/Placeholders,Template/Boilerplate,"هيكل H2 مكرر على 1 مقالة، ونسبة الجمل المكررة 42%. شورت كود كيان غير مُفسَّر (أقسام ناقصة في HTML): [post_call], [post_features], [post_prices], [post_services], [post_steps]. ما زال هناك رابط اتصال هاتفي tel: داخل المحتوى. صورة بارزة مفقودة أو مكررة (id=246)."
1277,post,شركة تخزين أثاث في مسقط,https://rukn-eltatawer.com/om/furniture-storage-muscat/,furniture-storage-muscat,furniture-storage,muscat,2220,1439,0.352,0,20,13,1,,,,template_boilerplate|unexpanded_shortcodes|tel_in_content,Template/Boilerplate | Missing SEO Elements | Errors/Placeholders,Template/Boilerplate,"هيكل H2 مكرر على 1 مقالة، ونسبة الجمل المكررة 35%. شورت كود كيان غير مُفسَّر (أقسام ناقصة في HTML): [post_call], [post_features], [post_prices], [post_services], [post_steps]. ما زال هناك رابط اتصال هاتفي tel: داخل المحتوى."
1565,post,شركة شحن أثاث في مسقط,https://rukn-eltatawer.com/om/furniture-shipping-muscat/,furniture-shipping-muscat,furniture-shipping,muscat,2183,1383,0.366,0,20,13,1,,,,template_boilerplate|unexpanded_shortcodes|tel_in_content,Template/Boilerplate | Missing SEO Elements | Errors/Placeholders,Template/Boilerplate,"هيكل H2 مكرر على 1 مقالة، ونسبة الجمل المكررة 37%. شورت كود كيان غير مُفسَّر (أقسام ناقصة في HTML): [post_call], [post_features], [post_prices], [post_services], [post_steps]. ما زال هناك رابط اتصال هاتفي tel: داخل المحتوى."
1261,post,شركة تغليف أثاث احترافي في مسقط,https://rukn-eltatawer.com/om/furniture-packaging-muscat/,furniture-packaging-muscat,furniture-packaging,muscat,2224,1425,0.359,0,20,13,1,,,,template_boilerplate|unexpanded_shortcodes|tel_in_content,Template/Boilerplate | Missing SEO Elements | Errors/Placeholders,Template/Boilerplate,"هيكل H2 مكرر على 1 مقالة، ونسبة الجمل المكررة 36%. شورت كود كيان غير مُفسَّر (أقسام ناقصة في HTML): [post_call], [post_features], [post_prices], [post_services], [post_steps]. ما زال هناك رابط اتصال هاتفي tel: داخل المحتوى."
1815,post,شركة كهربائي طوارئ 24 ساعة في صحار,https://rukn-eltatawer.com/om/24h-emergency-electrician-sohar/,24h-emergency-electrician-sohar,24h-emergency-electrician,sohar,2231,1442,0.354,0,20,13,1,,,,template_boilerplate|unexpanded_shortcodes|tel_in_content,Template/Boilerplate | Missing SEO Elements | Errors/Placeholders,Template/Boilerplate,"هيكل H2 مكرر على 1 مقالة، ونسبة الجمل المكررة 35%. شورت كود كيان غير مُفسَّر (أقسام ناقصة في HTML): [post_call], [post_features], [post_prices], [post_services], [post_steps]. ما زال هناك رابط اتصال هاتفي tel: داخل المحتوى."
1245,post,شركة نقل عفش مع التغليف في مسقط,https://rukn-eltatawer.com/om/furniture-moving-packaging-muscat/,furniture-moving-packaging-muscat,furniture-moving-packaging,muscat,2289,1444,0.369,0,20,13,1,,,,template_boilerplate|unexpanded_shortcodes|tel_in_content,Template/Boilerplate | Missing SEO Elements | Errors/Placeholders,Template/Boilerplate,"هيكل H2 مكرر على 1 مقالة، ونسبة الجمل المكررة 37%. شورت كود كيان غير مُفسَّر (أقسام ناقصة في HTML): [post_call], [post_features], [post_prices], [post_services], [post_steps]. ما زال هناك رابط اتصال هاتفي tel: داخل المحتوى."
1269,post,شركة تركيب وفك الأثاث في مسقط,https://rukn-eltatawer.com/om/furniture-assembly-muscat/,furniture-assembly-muscat,furniture-assembly,muscat,2231,1320,0.408,0,20,13,1,,,,template_boilerplate|unexpanded_shortcodes|tel_in_content,Template/Boilerplate | Missing SEO Elements | Errors/Placeholders,Template/Boilerplate,"هيكل H2 مكرر على 1 مقالة، ونسبة الجمل المكررة 41%. شورت كود كيان غير مُفسَّر (أقسام ناقصة في HTML): [post_call], [post_features], [post_prices], [post_services], [post_steps]. ما زال هناك رابط اتصال هاتفي tel: داخل المحتوى."
774,post,شركة تبطين وصيانة خزانات مياه في صلالة,https://rukn-eltatawer.com/om/tank-lining-maintenance-salalah/,tank-lining-maintenance-salalah,tank-lining-maintenance,salalah,2353,1554,0.34,0,20,13,1,https://rukn-eltatawer.com/om/tank-lining-maintenance-nizwa/,city-variant-template,8,duplicate_similar|unexpanded_shortcodes|tel_in_content|structural_error,Duplicate/Similar | Missing SEO Elements | Errors/Placeholders,Duplicate/Similar,"تشابه مرتفع (hamming=8, city-variant-template) مع https://rukn-eltatawer.com/om/tank-lining-maintenance-nizwa/. شورت كود كيان غير مُفسَّر (أقسام ناقصة في HTML): [post_call], [post_features], [post_prices], [post_services], [post_steps]. ما زال هناك رابط اتصال هاتفي tel: داخل المحتوى. فقرتان متتاليتان متطابقتان."
1304,post,شركة تركيب أجهزة تكييف طاقة شمسية في نزوى,https://rukn-eltatawer.com/om/solar-ac-installation-nizwa/,solar-ac-installation-nizwa,solar-ac-installation,nizwa,2352,1319,0.439,0,20,13,1,https://rukn-eltatawer.com/om/septic-tank-emptying-rustaq/,cross-service-duplicate,7,template_boilerplate|duplicate_similar|unexpanded_shortcodes|tel_in_content,Template/Boilerplate | Duplicate/Similar | Missing SEO Elements | Errors/Placeholders,Template/Boilerplate,"هيكل H2 مكرر على 1 مقالة، ونسبة الجمل المكررة 44%. تشابه مرتفع (hamming=7, cross-service-duplicate) مع https://rukn-eltatawer.com/om/septic-tank-emptying-rustaq/. شورت كود كيان غير مُفسَّر (أقسام ناقصة في HTML): [post_call], [post_features], [post_prices], [post_services], [post_steps]. ما زال هناك رابط اتصال هاتفي tel: داخل المحتوى."
1303,post,شركة تركيب أجهزة تكييف طاقة شمسية في صحار,https://rukn-eltatawer.com/om/solar-ac-installation-sohar/,solar-ac-installation-sohar,solar-ac-installation,sohar,2332,1432,0.386,0,20,13,1,,,,template_boilerplate|unexpanded_shortcodes|tel_in_content,Template/Boilerplate | Missing SEO Elements | Errors/Placeholders,Template/Boilerplate,"هيكل H2 مكرر على 1 مقالة، ونسبة الجمل المكررة 39%. شورت كود كيان غير مُفسَّر (أقسام ناقصة في HTML): [post_call], [post_features], [post_prices], [post_services], [post_steps]. ما زال هناك رابط اتصال هاتفي tel: داخل المحتوى."
1302,post,شركة تركيب أجهزة تكييف طاقة شمسية في صلالة,https://rukn-eltatawer.com/om/solar-ac-installation-salalah/,solar-ac-installation-salalah,solar-ac-installation,salalah,2414,1476,0.389,0,20,13,1,,,,template_boilerplate|unexpanded_shortcodes|tel_in_content,Template/Boilerplate | Missing SEO Elements | Errors/Placeholders,Template/Boilerplate,"هيكل H2 مكرر على 1 مقالة، ونسبة الجمل المكررة 39%. شورت كود كيان غير مُفسَّر (أقسام ناقصة في HTML): [post_call], [post_features], [post_prices], [post_services], [post_steps]. ما زال هناك رابط اتصال هاتفي tel: داخل المحتوى."
1301,post,شركة تركيب أجهزة تكييف طاقة شمسية في مسقط,https://rukn-eltatawer.com/om/solar-ac-installation-muscat/,solar-ac-installation-muscat,solar-ac-installation,muscat,2485,1373,0.447,0,20,13,1,,,,template_boilerplate|unexpanded_shortcodes|tel_in_content,Template/Boilerplate | Missing SEO Elements | Errors/Placeholders,Template/Boilerplate,"هيكل H2 مكرر على 1 مقالة، ونسبة الجمل المكررة 45%. شورت كود كيان غير مُفسَّر (أقسام ناقصة في HTML): [post_call], [post_features], [post_prices], [post_services], [post_steps]. ما زال هناك رابط اتصال هاتفي tel: داخل المحتوى."
1644,post,شركة دهان واجهات خارجية في البريمي,https://rukn-eltatawer.com/om/exterior-facade-painting-al-buraimi/,exterior-facade-painting-al-buraimi,exterior-facade-painting,al-buraimi,2172,1134,0.478,0,20,13,1,,,,template_boilerplate|unexpanded_shortcodes|tel_in_content,Template/Boilerplate | Missing SEO Elements | Errors/Placeholders,Template/Boilerplate,"هيكل H2 مكرر على 1 مقالة، ونسبة الجمل المكررة 48%. شورت كود كيان غير مُفسَّر (أقسام ناقصة في HTML): [post_call], [post_features], [post_prices], [post_services], [post_steps]. ما زال هناك رابط اتصال هاتفي tel: داخل المحتوى."
773,post,شركة تبطين وصيانة خزانات مياه في مسقط,https://rukn-eltatawer.com/om/tank-lining-maintenance-muscat/,tank-lining-maintenance-muscat,tank-lining-maintenance,muscat,2415,1660,0.313,0,20,13,1,https://rukn-eltatawer.com/om/tank-lining-maintenance-rustaq/,city-variant-template,8,duplicate_similar|unexpanded_shortcodes|tel_in_content,Duplicate/Similar | Missing SEO Elements | Errors/Placeholders,Duplicate/Similar,"تشابه مرتفع (hamming=8, city-variant-template) مع https://rukn-eltatawer.com/om/tank-lining-maintenance-rustaq/. شورت كود كيان غير مُفسَّر (أقسام ناقصة في HTML): [post_call], [post_features], [post_prices], [post_services], [post_steps]. ما زال هناك رابط اتصال هاتفي tel: داخل المحتوى."
1642,post,شركة دهان واجهات خارجية في عبري,https://rukn-eltatawer.com/om/exterior-facade-painting-ibri/,exterior-facade-painting-ibri,exterior-facade-painting,ibri,2153,1190,0.447,0,20,13,1,,,,template_boilerplate|unexpanded_shortcodes|tel_in_content,Template/Boilerplate | Missing SEO Elements | Errors/Placeholders,Template/Boilerplate,"هيكل H2 مكرر على 1 مقالة، ونسبة الجمل المكررة 45%. شورت كود كيان غير مُفسَّر (أقسام ناقصة في HTML): [post_call], [post_features], [post_prices], [post_services], [post_steps]. ما زال هناك رابط اتصال هاتفي tel: داخل المحتوى."
1643,post,شركة دهان واجهات خارجية في الرستاق,https://rukn-eltatawer.com/om/exterior-facade-painting-rustaq/,exterior-facade-painting-rustaq,exterior-facade-painting,rustaq,2182,1194,0.453,0,20,13,1,,,,template_boilerplate|unexpanded_shortcodes|tel_in_content,Template/Boilerplate | Missing SEO Elements | Errors/Placeholders,Template/Boilerplate,"هيكل H2 مكرر على 1 مقالة، ونسبة الجمل المكررة 45%. شورت كود كيان غير مُفسَّر (أقسام ناقصة في HTML): [post_call], [post_features], [post_prices], [post_services], [post_steps]. ما زال هناك رابط اتصال هاتفي tel: داخل المحتوى."
1641,post,شركة دهان واجهات خارجية في صور,https://rukn-eltatawer.com/om/exterior-facade-painting-sur/,exterior-facade-painting-sur,exterior-facade-painting,sur,2258,1385,0.387,0,20,13,1,,,,template_boilerplate|unexpanded_shortcodes|tel_in_content,Template/Boilerplate | Missing SEO Elements | Errors/Placeholders,Template/Boilerplate,"هيكل H2 مكرر على 1 مقالة، ونسبة الجمل المكررة 39%. شورت كود كيان غير مُفسَّر (أقسام ناقصة في HTML): [post_call], [post_features], [post_prices], [post_services], [post_steps]. ما زال هناك رابط اتصال هاتفي tel: داخل المحتوى."
1640,post,شركة دهان واجهات خارجية في نزوى,https://rukn-eltatawer.com/om/exterior-facade-painting-nizwa/,exterior-facade-painting-nizwa,exterior-facade-painting,nizwa,2231,1281,0.426,0,20,13,1,,,,template_boilerplate|unexpanded_shortcodes|tel_in_content,Template/Boilerplate | Missing SEO Elements | Errors/Placeholders,Template/Boilerplate,"هيكل H2 مكرر على 1 مقالة، ونسبة الجمل المكررة 43%. شورت كود كيان غير مُفسَّر (أقسام ناقصة في HTML): [post_call], [post_features], [post_prices], [post_services], [post_steps]. ما زال هناك رابط اتصال هاتفي tel: داخل المحتوى."
1639,post,شركة دهان واجهات خارجية في صحار,https://rukn-eltatawer.com/om/exterior-facade-painting-sohar/,exterior-facade-painting-sohar,exterior-facade-painting,sohar,2233,1295,0.42,0,20,13,1,,,,template_boilerplate|unexpanded_shortcodes|tel_in_content,Template/Boilerplate | Missing SEO Elements | Errors/Placeholders,Template/Boilerplate,"هيكل H2 مكرر على 1 مقالة، ونسبة الجمل المكررة 42%. شورت كود كيان غير مُفسَّر (أقسام ناقصة في HTML): [post_call], [post_features], [post_prices], [post_services], [post_steps]. ما زال هناك رابط اتصال هاتفي tel: داخل المحتوى."
724,post,شركة عزل خزانات في البريمي,https://rukn-eltatawer.com/om/tank-insulation-al-buraimi/,tank-insulation-al-buraimi,tank-insulation,al-buraimi,2254,1351,0.401,0,20,13,1,https://rukn-eltatawer.com/om/thermal-insulation-ibri/,cross-service-duplicate,7,template_boilerplate|duplicate_similar|unexpanded_shortcodes|tel_in_content,Template/Boilerplate | Duplicate/Similar | Missing SEO Elements | Errors/Placeholders,Template/Boilerplate,"هيكل H2 مكرر على 1 مقالة، ونسبة الجمل المكررة 40%. تشابه مرتفع (hamming=7, cross-service-duplicate) مع https://rukn-eltatawer.com/om/thermal-insulation-ibri/. شورت كود كيان غير مُفسَّر (أقسام ناقصة في HTML): [post_call], [post_features], [post_prices], [post_services], [post_steps]. ما زال هناك رابط اتصال هاتفي tel: داخل المحتوى."
1638,post,شركة دهان واجهات خارجية في صلالة,https://rukn-eltatawer.com/om/exterior-facade-painting-salalah/,exterior-facade-painting-salalah,exterior-facade-painting,salalah,2231,1112,0.502,0,20,13,1,,,,template_boilerplate|unexpanded_shortcodes|tel_in_content,Template/Boilerplate | Missing SEO Elements | Errors/Placeholders,Template/Boilerplate,"هيكل H2 مكرر على 1 مقالة، ونسبة الجمل المكررة 50%. شورت كود كيان غير مُفسَّر (أقسام ناقصة في HTML): [post_call], [post_features], [post_prices], [post_services], [post_steps]. ما زال هناك رابط اتصال هاتفي tel: داخل المحتوى."
1637,post,شركة دهان واجهات خارجية في مسقط,https://rukn-eltatawer.com/om/exterior-facade-painting-muscat/,exterior-facade-painting-muscat,exterior-facade-painting,muscat,2330,1261,0.459,0,20,13,1,,,,template_boilerplate|unexpanded_shortcodes|tel_in_content,Template/Boilerplate | Missing SEO Elements | Errors/Placeholders,Template/Boilerplate,"هيكل H2 مكرر على 1 مقالة، ونسبة الجمل المكررة 46%. شورت كود كيان غير مُفسَّر (أقسام ناقصة في HTML): [post_call], [post_features], [post_prices], [post_services], [post_steps]. ما زال هناك رابط اتصال هاتفي tel: داخل المحتوى."
1092,post,شركة دهانات خارجية في البريمي,https://rukn-eltatawer.com/om/exterior-painting-al-buraimi/,exterior-painting-al-buraimi,exterior-painting,al-buraimi,2144,1144,0.466,0,20,13,1,https://rukn-eltatawer.com/om/plumbing-maintenance-al-buraimi/,cross-service-duplicate,8,template_boilerplate|duplicate_similar|unexpanded_shortcodes|tel_in_content,Template/Boilerplate | Duplicate/Similar | Missing SEO Elements | Errors/Placeholders,Template/Boilerplate,"هيكل H2 مكرر على 1 مقالة، ونسبة الجمل المكررة 47%. تشابه مرتفع (hamming=8, cross-service-duplicate) مع https://rukn-eltatawer.com/om/plumbing-maintenance-al-buraimi/. شورت كود كيان غير مُفسَّر (أقسام ناقصة في HTML): [post_call], [post_features], [post_prices], [post_services], [post_steps]. ما زال هناك رابط اتصال هاتفي tel: داخل المحتوى."
1090,post,شركة دهانات خارجية في عبري,https://rukn-eltatawer.com/om/exterior-painting-ibri/,exterior-painting-ibri,exterior-painting,ibri,2139,1218,0.431,0,20,13,1,,,,template_boilerplate|unexpanded_shortcodes|tel_in_content,Template/Boilerplate | Missing SEO Elements | Errors/Placeholders,Template/Boilerplate,"هيكل H2 مكرر على 1 مقالة، ونسبة الجمل المكررة 43%. شورت كود كيان غير مُفسَّر (أقسام ناقصة في HTML): [post_call], [post_features], [post_prices], [post_services], [post_steps]. ما زال هناك رابط اتصال هاتفي tel: داخل المحتوى."
1091,post,شركة دهانات خارجية في الرستاق,https://rukn-eltatawer.com/om/exterior-painting-rustaq/,exterior-painting-rustaq,exterior-painting,rustaq,2154,1087,0.495,0,20,13,1,,,,template_boilerplate|unexpanded_shortcodes|tel_in_content,Template/Boilerplate | Missing SEO Elements | Errors/Placeholders,Template/Boilerplate,"هيكل H2 مكرر على 1 مقالة، ونسبة الجمل المكررة 50%. شورت كود كيان غير مُفسَّر (أقسام ناقصة في HTML): [post_call], [post_features], [post_prices], [post_services], [post_steps]. ما زال هناك رابط اتصال هاتفي tel: داخل المحتوى."
722,post,شركة عزل خزانات في عبري,https://rukn-eltatawer.com/om/tank-insulation-ibri/,tank-insulation-ibri,tank-insulation,ibri,2202,1461,0.337,0,20,13,1,https://rukn-eltatawer.com/om/tank-insulation-nizwa/,city-variant-template,3,duplicate_similar|unexpanded_shortcodes|tel_in_content,Duplicate/Similar | Missing SEO Elements | Errors/Placeholders,Duplicate/Similar,"تشابه مرتفع (hamming=3, city-variant-template) مع https://rukn-eltatawer.com/om/tank-insulation-nizwa/. شورت كود كيان غير مُفسَّر (أقسام ناقصة في HTML): [post_call], [post_features], [post_prices], [post_services], [post_steps]. ما زال هناك رابط اتصال هاتفي tel: داخل المحتوى."
1089,post,شركة دهانات خارجية في صور,https://rukn-eltatawer.com/om/exterior-painting-sur/,exterior-painting-sur,exterior-painting,sur,2166,1141,0.473,0,20,13,1,,,,template_boilerplate|unexpanded_shortcodes|tel_in_content,Template/Boilerplate | Missing SEO Elements | Errors/Placeholders,Template/Boilerplate,"هيكل H2 مكرر على 1 مقالة، ونسبة الجمل المكررة 47%. شورت كود كيان غير مُفسَّر (أقسام ناقصة في HTML): [post_call], [post_features], [post_prices], [post_services], [post_steps]. ما زال هناك رابط اتصال هاتفي tel: داخل المحتوى."
1088,post,شركة دهانات خارجية في نزوى,https://rukn-eltatawer.com/om/exterior-painting-nizwa/,exterior-painting-nizwa,exterior-painting,nizwa,2201,1231,0.441,0,20,13,1,,,,template_boilerplate|unexpanded_shortcodes|tel_in_content,Template/Boilerplate | Missing SEO Elements | Errors/Placeholders,Template/Boilerplate,"هيكل H2 مكرر على 1 مقالة، ونسبة الجمل المكررة 44%. شورت كود كيان غير مُفسَّر (أقسام ناقصة في HTML): [post_call], [post_features], [post_prices], [post_services], [post_steps]. ما زال هناك رابط اتصال هاتفي tel: داخل المحتوى."
1087,post,شركة دهانات خارجية في صحار,https://rukn-eltatawer.com/om/exterior-painting-sohar/,exterior-painting-sohar,exterior-painting,sohar,2189,1216,0.444,0,20,13,1,,,,template_boilerplate|unexpanded_shortcodes|tel_in_content,Template/Boilerplate | Missing SEO Elements | Errors/Placeholders,Template/Boilerplate,"هيكل H2 مكرر على 1 مقالة، ونسبة الجمل المكررة 44%. شورت كود كيان غير مُفسَّر (أقسام ناقصة في HTML): [post_call], [post_features], [post_prices], [post_services], [post_steps]. ما زال هناك رابط اتصال هاتفي tel: داخل المحتوى."
1086,post,شركة دهانات خارجية في صلالة,https://rukn-eltatawer.com/om/exterior-painting-salalah/,exterior-painting-salalah,exterior-painting,salalah,2189,1246,0.431,0,20,13,1,,,,template_boilerplate|unexpanded_shortcodes|tel_in_content,Template/Boilerplate | Missing SEO Elements | Errors/Placeholders,Template/Boilerplate,"هيكل H2 مكرر على 1 مقالة، ونسبة الجمل المكررة 43%. شورت كود كيان غير مُفسَّر (أقسام ناقصة في HTML): [post_call], [post_features], [post_prices], [post_services], [post_steps]. ما زال هناك رابط اتصال هاتفي tel: داخل المحتوى."
1085,post,شركة دهانات خارجية في مسقط,https://rukn-eltatawer.com/om/exterior-painting-muscat/,exterior-painting-muscat,exterior-painting,muscat,2310,1302,0.436,0,20,13,1,,,,template_boilerplate|unexpanded_shortcodes|tel_in_content,Template/Boilerplate | Missing SEO Elements | Errors/Placeholders,Template/Boilerplate,"هيكل H2 مكرر على 1 مقالة، ونسبة الجمل المكررة 44%. شورت كود كيان غير مُفسَّر (أقسام ناقصة في HTML): [post_call], [post_features], [post_prices], [post_services], [post_steps]. ما زال هناك رابط اتصال هاتفي tel: داخل المحتوى."
723,post,شركة عزل خزانات في الرستاق,https://rukn-eltatawer.com/om/tank-insulation-rustaq/,tank-insulation-rustaq,tank-insulation,rustaq,2243,1443,0.357,0,20,13,1,https://rukn-eltatawer.com/om/roof-insulation-rustaq/,cross-service-duplicate,8,template_boilerplate|duplicate_similar|unexpanded_shortcodes|tel_in_content,Template/Boilerplate | Duplicate/Similar | Missing SEO Elements | Errors/Placeholders,Template/Boilerplate,"هيكل H2 مكرر على 1 مقالة، ونسبة الجمل المكررة 36%. تشابه مرتفع (hamming=8, cross-service-duplicate) مع https://rukn-eltatawer.com/om/roof-insulation-rustaq/. شورت كود كيان غير مُفسَّر (أقسام ناقصة في HTML): [post_call], [post_features], [post_prices], [post_services], [post_steps]. ما زال هناك رابط اتصال هاتفي tel: داخل المحتوى."
1084,post,شركة دهانات داخلية في البريمي,https://rukn-eltatawer.com/om/interior-painting-al-buraimi/,interior-painting-al-buraimi,interior-painting,al-buraimi,2188,1228,0.439,0,20,13,1,,,,template_boilerplate|unexpanded_shortcodes|tel_in_content,Template/Boilerplate | Missing SEO Elements | Errors/Placeholders,Template/Boilerplate,"هيكل H2 مكرر على 1 مقالة، ونسبة الجمل المكررة 44%. شورت كود كيان غير مُفسَّر (أقسام ناقصة في HTML): [post_call], [post_features], [post_prices], [post_services], [post_steps]. ما زال هناك رابط اتصال هاتفي tel: داخل المحتوى."
1082,post,شركة دهانات داخلية في عبري,https://rukn-eltatawer.com/om/interior-painting-ibri/,interior-painting-ibri,interior-painting,ibri,2099,1101,0.475,0,20,13,1,,,,template_boilerplate|unexpanded_shortcodes|tel_in_content,Template/Boilerplate | Missing SEO Elements | Errors/Placeholders,Template/Boilerplate,"هيكل H2 مكرر على 1 مقالة، ونسبة الجمل المكررة 48%. شورت كود كيان غير مُفسَّر (أقسام ناقصة في HTML): [post_call], [post_features], [post_prices], [post_services], [post_steps]. ما زال هناك رابط اتصال هاتفي tel: داخل المحتوى."
1083,post,شركة دهانات داخلية في الرستاق,https://rukn-eltatawer.com/om/interior-painting-rustaq/,interior-painting-rustaq,interior-painting,rustaq,2131,1158,0.457,0,20,13,1,,,,template_boilerplate|unexpanded_shortcodes|tel_in_content,Template/Boilerplate | Missing SEO Elements | Errors/Placeholders,Template/Boilerplate,"هيكل H2 مكرر على 1 مقالة، ونسبة الجمل المكررة 46%. شورت كود كيان غير مُفسَّر (أقسام ناقصة في HTML): [post_call], [post_features], [post_prices], [post_services], [post_steps]. ما زال هناك رابط اتصال هاتفي tel: داخل المحتوى."
1081,post,شركة دهانات داخلية في صور,https://rukn-eltatawer.com/om/interior-painting-sur/,interior-painting-sur,interior-painting,sur,2163,1274,0.411,0,20,13,1,,,,template_boilerplate|unexpanded_shortcodes|tel_in_content,Template/Boilerplate | Missing SEO Elements | Errors/Placeholders,Template/Boilerplate,"هيكل H2 مكرر على 1 مقالة، ونسبة الجمل المكررة 41%. شورت كود كيان غير مُفسَّر (أقسام ناقصة في HTML): [post_call], [post_features], [post_prices], [post_services], [post_steps]. ما زال هناك رابط اتصال هاتفي tel: داخل المحتوى."
1080,post,شركة دهانات داخلية في نزوى,https://rukn-eltatawer.com/om/interior-painting-nizwa/,interior-painting-nizwa,interior-painting,nizwa,2163,1205,0.443,0,20,13,1,,,,template_boilerplate|unexpanded_shortcodes|tel_in_content,Template/Boilerplate | Missing SEO Elements | Errors/Placeholders,Template/Boilerplate,"هيكل H2 مكرر على 1 مقالة، ونسبة الجمل المكررة 44%. شورت كود كيان غير مُفسَّر (أقسام ناقصة في HTML): [post_call], [post_features], [post_prices], [post_services], [post_steps]. ما زال هناك رابط اتصال هاتفي tel: داخل المحتوى."
721,post,شركة عزل خزانات في صور,https://rukn-eltatawer.com/om/tank-insulation-sur/,tank-insulation-sur,tank-insulation,sur,2222,1381,0.378,0,20,13,1,,,,template_boilerplate|unexpanded_shortcodes|tel_in_content,Template/Boilerplate | Missing SEO Elements | Errors/Placeholders,Template/Boilerplate,"هيكل H2 مكرر على 1 مقالة، ونسبة الجمل المكررة 38%. شورت كود كيان غير مُفسَّر (أقسام ناقصة في HTML): [post_call], [post_features], [post_prices], [post_services], [post_steps]. ما زال هناك رابط اتصال هاتفي tel: داخل المحتوى."
1079,post,شركة دهانات داخلية في صحار,https://rukn-eltatawer.com/om/interior-painting-sohar/,interior-painting-sohar,interior-painting,sohar,2136,1197,0.44,0,20,13,1,,,,template_boilerplate|unexpanded_shortcodes|tel_in_content,Template/Boilerplate | Missing SEO Elements | Errors/Placeholders,Template/Boilerplate,"هيكل H2 مكرر على 1 مقالة، ونسبة الجمل المكررة 44%. شورت كود كيان غير مُفسَّر (أقسام ناقصة في HTML): [post_call], [post_features], [post_prices], [post_services], [post_steps]. ما زال هناك رابط اتصال هاتفي tel: داخل المحتوى."
1078,post,شركة دهانات داخلية في صلالة,https://rukn-eltatawer.com/om/interior-painting-salalah/,interior-painting-salalah,interior-painting,salalah,2184,1222,0.44,0,20,13,1,,,,template_boilerplate|unexpanded_shortcodes|tel_in_content,Template/Boilerplate | Missing SEO Elements | Errors/Placeholders,Template/Boilerplate,"هيكل H2 مكرر على 1 مقالة، ونسبة الجمل المكررة 44%. شورت كود كيان غير مُفسَّر (أقسام ناقصة في HTML): [post_call], [post_features], [post_prices], [post_services], [post_steps]. ما زال هناك رابط اتصال هاتفي tel: داخل المحتوى."
1077,post,شركة دهانات داخلية في مسقط,https://rukn-eltatawer.com/om/interior-painting-muscat/,interior-painting-muscat,interior-painting,muscat,2269,1288,0.432,0,20,13,1,,,,template_boilerplate|unexpanded_shortcodes|tel_in_content,Template/Boilerplate | Missing SEO Elements | Errors/Placeholders,Template/Boilerplate,"هيكل H2 مكرر على 1 مقالة، ونسبة الجمل المكررة 43%. شورت كود كيان غير مُفسَّر (أقسام ناقصة في HTML): [post_call], [post_features], [post_prices], [post_services], [post_steps]. ما زال هناك رابط اتصال هاتفي tel: داخل المحتوى."
1628,post,شركة دهان شقق في البريمي,https://rukn-eltatawer.com/om/apartment-painting-al-buraimi/,apartment-painting-al-buraimi,apartment-painting,al-buraimi,2130,1166,0.453,0,20,13,1,,,,template_boilerplate|unexpanded_shortcodes|tel_in_content,Template/Boilerplate | Missing SEO Elements | Errors/Placeholders,Template/Boilerplate,"هيكل H2 مكرر على 1 مقالة، ونسبة الجمل المكررة 45%. شورت كود كيان غير مُفسَّر (أقسام ناقصة في HTML): [post_call], [post_features], [post_prices], [post_services], [post_steps]. ما زال هناك رابط اتصال هاتفي tel: داخل المحتوى."
1626,post,شركة دهان شقق في عبري,https://rukn-eltatawer.com/om/apartment-painting-ibri/,apartment-painting-ibri,apartment-painting,ibri,2129,1164,0.453,0,20,13,1,,,,template_boilerplate|unexpanded_shortcodes|tel_in_content,Template/Boilerplate | Missing SEO Elements | Errors/Placeholders,Template/Boilerplate,"هيكل H2 مكرر على 1 مقالة، ونسبة الجمل المكررة 45%. شورت كود كيان غير مُفسَّر (أقسام ناقصة في HTML): [post_call], [post_features], [post_prices], [post_services], [post_steps]. ما زال هناك رابط اتصال هاتفي tel: داخل المحتوى."
720,post,شركة عزل خزانات في نزوى,https://rukn-eltatawer.com/om/tank-insulation-nizwa/,tank-insulation-nizwa,tank-insulation,nizwa,2246,1388,0.382,0,20,13,1,https://rukn-eltatawer.com/om/tank-insulation-ibri/,city-variant-template,3,template_boilerplate|duplicate_similar|unexpanded_shortcodes|tel_in_content,Template/Boilerplate | Duplicate/Similar | Missing SEO Elements | Errors/Placeholders,Template/Boilerplate,"هيكل H2 مكرر على 1 مقالة، ونسبة الجمل المكررة 38%. تشابه مرتفع (hamming=3, city-variant-template) مع https://rukn-eltatawer.com/om/tank-insulation-ibri/. شورت كود كيان غير مُفسَّر (أقسام ناقصة في HTML): [post_call], [post_features], [post_prices], [post_services], [post_steps]. ما زال هناك رابط اتصال هاتفي tel: داخل المحتوى."
1627,post,شركة دهان شقق في الرستاق,https://rukn-eltatawer.com/om/apartment-painting-rustaq/,apartment-painting-rustaq,apartment-painting,rustaq,2163,1120,0.482,0,20,13,1,,,,template_boilerplate|unexpanded_shortcodes|tel_in_content,Template/Boilerplate | Missing SEO Elements | Errors/Placeholders,Template/Boilerplate,"هيكل H2 مكرر على 1 مقالة، ونسبة الجمل المكررة 48%. شورت كود كيان غير مُفسَّر (أقسام ناقصة في HTML): [post_call], [post_features], [post_prices], [post_services], [post_steps]. ما زال هناك رابط اتصال هاتفي tel: داخل المحتوى."
1625,post,شركة دهان شقق في صور,https://rukn-eltatawer.com/om/apartment-painting-sur/,apartment-painting-sur,apartment-painting,sur,2184,1028,0.529,0,20,13,1,,,,template_boilerplate|unexpanded_shortcodes|tel_in_content,Template/Boilerplate | Missing SEO Elements | Errors/Placeholders,Template/Boilerplate,"هيكل H2 مكرر على 1 مقالة، ونسبة الجمل المكررة 53%. شورت كود كيان غير مُفسَّر (أقسام ناقصة في HTML): [post_call], [post_features], [post_prices], [post_services], [post_steps]. ما زال هناك رابط اتصال هاتفي tel: داخل المحتوى."
1624,post,شركة دهان شقق في نزوى,https://rukn-eltatawer.com/om/apartment-painting-nizwa/,apartment-painting-nizwa,apartment-painting,nizwa,2209,1177,0.467,0,20,13,1,,,,template_boilerplate|unexpanded_shortcodes|tel_in_content,Template/Boilerplate | Missing SEO Elements | Errors/Placeholders,Template/Boilerplate,"هيكل H2 مكرر على 1 مقالة، ونسبة الجمل المكررة 47%. شورت كود كيان غير مُفسَّر (أقسام ناقصة في HTML): [post_call], [post_features], [post_prices], [post_services], [post_steps]. ما زال هناك رابط اتصال هاتفي tel: داخل المحتوى."
1623,post,شركة دهان شقق في صحار,https://rukn-eltatawer.com/om/apartment-painting-sohar/,apartment-painting-sohar,apartment-painting,sohar,2129,1252,0.412,0,20,13,1,,,,template_boilerplate|unexpanded_shortcodes|tel_in_content,Template/Boilerplate | Missing SEO Elements | Errors/Placeholders,Template/Boilerplate,"هيكل H2 مكرر على 1 مقالة، ونسبة الجمل المكررة 41%. شورت كود كيان غير مُفسَّر (أقسام ناقصة في HTML): [post_call], [post_features], [post_prices], [post_services], [post_steps]. ما زال هناك رابط اتصال هاتفي tel: داخل المحتوى."
1622,post,شركة دهان شقق في صلالة,https://rukn-eltatawer.com/om/apartment-painting-salalah/,apartment-painting-salalah,apartment-painting,salalah,2224,1232,0.446,0,20,13,1,,,,template_boilerplate|unexpanded_shortcodes|tel_in_content,Template/Boilerplate | Missing SEO Elements | Errors/Placeholders,Template/Boilerplate,"هيكل H2 مكرر على 1 مقالة، ونسبة الجمل المكررة 45%. شورت كود كيان غير مُفسَّر (أقسام ناقصة في HTML): [post_call], [post_features], [post_prices], [post_services], [post_steps]. ما زال هناك رابط اتصال هاتفي tel: داخل المحتوى."
719,post,شركة عزل خزانات في صحار,https://rukn-eltatawer.com/om/tank-insulation-sohar/,tank-insulation-sohar,tank-insulation,sohar,2219,1439,0.352,0,20,13,1,https://rukn-eltatawer.com/om/roof-insulation-muscat/,cross-service-duplicate,6,template_boilerplate|duplicate_similar|unexpanded_shortcodes|tel_in_content,Template/Boilerplate | Duplicate/Similar | Missing SEO Elements | Errors/Placeholders,Template/Boilerplate,"هيكل H2 مكرر على 1 مقالة، ونسبة الجمل المكررة 35%. تشابه مرتفع (hamming=6, cross-service-duplicate) مع https://rukn-eltatawer.com/om/roof-insulation-muscat/. شورت كود كيان غير مُفسَّر (أقسام ناقصة في HTML): [post_call], [post_features], [post_prices], [post_services], [post_steps]. ما زال هناك رابط اتصال هاتفي tel: داخل المحتوى."
1621,post,شركة دهان شقق في مسقط,https://rukn-eltatawer.com/om/apartment-painting-muscat/,apartment-painting-muscat,apartment-painting,muscat,2295,1317,0.426,0,20,13,1,,,,template_boilerplate|unexpanded_shortcodes|tel_in_content,Template/Boilerplate | Missing SEO Elements | Errors/Placeholders,Template/Boilerplate,"هيكل H2 مكرر على 1 مقالة، ونسبة الجمل المكررة 43%. شورت كود كيان غير مُفسَّر (أقسام ناقصة في HTML): [post_call], [post_features], [post_prices], [post_services], [post_steps]. ما زال هناك رابط اتصال هاتفي tel: داخل المحتوى."
1636,post,شركة دهان فلل في البريمي,https://rukn-eltatawer.com/om/villa-painting-al-buraimi/,villa-painting-al-buraimi,villa-painting,al-buraimi,2171,1273,0.414,0,20,13,1,,,,template_boilerplate|unexpanded_shortcodes|tel_in_content,Template/Boilerplate | Missing SEO Elements | Errors/Placeholders,Template/Boilerplate,"هيكل H2 مكرر على 1 مقالة، ونسبة الجمل المكررة 41%. شورت كود كيان غير مُفسَّر (أقسام ناقصة في HTML): [post_call], [post_features], [post_prices], [post_services], [post_steps]. ما زال هناك رابط اتصال هاتفي tel: داخل المحتوى."
1634,post,شركة دهان فلل في عبري,https://rukn-eltatawer.com/om/villa-painting-ibri/,villa-painting-ibri,villa-painting,ibri,2164,1190,0.45,0,20,13,1,,,,template_boilerplate|unexpanded_shortcodes|tel_in_content,Template/Boilerplate | Missing SEO Elements | Errors/Placeholders,Template/Boilerplate,"هيكل H2 مكرر على 1 مقالة، ونسبة الجمل المكررة 45%. شورت كود كيان غير مُفسَّر (أقسام ناقصة في HTML): [post_call], [post_features], [post_prices], [post_services], [post_steps]. ما زال هناك رابط اتصال هاتفي tel: داخل المحتوى."
1635,post,شركة دهان فلل في الرستاق,https://rukn-eltatawer.com/om/villa-painting-rustaq/,villa-painting-rustaq,villa-painting,rustaq,2180,1185,0.456,0,20,13,1,,,,template_boilerplate|unexpanded_shortcodes|tel_in_content,Template/Boilerplate | Missing SEO Elements | Errors/Placeholders,Template/Boilerplate,"هيكل H2 مكرر على 1 مقالة، ونسبة الجمل المكررة 46%. شورت كود كيان غير مُفسَّر (أقسام ناقصة في HTML): [post_call], [post_features], [post_prices], [post_services], [post_steps]. ما زال هناك رابط اتصال هاتفي tel: داخل المحتوى."
1633,post,شركة دهان فلل في صور,https://rukn-eltatawer.com/om/villa-painting-sur/,villa-painting-sur,villa-painting,sur,2175,1209,0.444,0,20,13,1,,,,template_boilerplate|unexpanded_shortcodes|tel_in_content,Template/Boilerplate | Missing SEO Elements | Errors/Placeholders,Template/Boilerplate,"هيكل H2 مكرر على 1 مقالة، ونسبة الجمل المكررة 44%. شورت كود كيان غير مُفسَّر (أقسام ناقصة في HTML): [post_call], [post_features], [post_prices], [post_services], [post_steps]. ما زال هناك رابط اتصال هاتفي tel: داخل المحتوى."
718,post,شركة عزل خزانات في صلالة,https://rukn-eltatawer.com/om/tank-insulation-salalah/,tank-insulation-salalah,tank-insulation,salalah,2294,1425,0.379,0,20,13,1,,,,template_boilerplate|unexpanded_shortcodes|tel_in_content,Template/Boilerplate | Missing SEO Elements | Errors/Placeholders,Template/Boilerplate,"هيكل H2 مكرر على 1 مقالة، ونسبة الجمل المكررة 38%. شورت كود كيان غير مُفسَّر (أقسام ناقصة في HTML): [post_call], [post_features], [post_prices], [post_services], [post_steps]. ما زال هناك رابط اتصال هاتفي tel: داخل المحتوى."
1632,post,شركة دهان فلل في نزوى,https://rukn-eltatawer.com/om/villa-painting-nizwa/,villa-painting-nizwa,villa-painting,nizwa,2212,1230,0.444,0,20,13,1,,,,template_boilerplate|unexpanded_shortcodes|tel_in_content,Template/Boilerplate | Missing SEO Elements | Errors/Placeholders,Template/Boilerplate,"هيكل H2 مكرر على 1 مقالة، ونسبة الجمل المكررة 44%. شورت كود كيان غير مُفسَّر (أقسام ناقصة في HTML): [post_call], [post_features], [post_prices], [post_services], [post_steps]. ما زال هناك رابط اتصال هاتفي tel: داخل المحتوى."
1631,post,شركة دهان فلل في صحار,https://rukn-eltatawer.com/om/villa-painting-sohar/,villa-painting-sohar,villa-painting,sohar,2183,1215,0.443,0,20,13,1,,,,template_boilerplate|unexpanded_shortcodes|tel_in_content,Template/Boilerplate | Missing SEO Elements | Errors/Placeholders,Template/Boilerplate,"هيكل H2 مكرر على 1 مقالة، ونسبة الجمل المكررة 44%. شورت كود كيان غير مُفسَّر (أقسام ناقصة في HTML): [post_call], [post_features], [post_prices], [post_services], [post_steps]. ما زال هناك رابط اتصال هاتفي tel: داخل المحتوى."
1630,post,شركة دهان فلل في صلالة,https://rukn-eltatawer.com/om/villa-painting-salalah/,villa-painting-salalah,villa-painting,salalah,2206,1168,0.471,0,20,13,1,,,,template_boilerplate|unexpanded_shortcodes|tel_in_content,Template/Boilerplate | Missing SEO Elements | Errors/Placeholders,Template/Boilerplate,"هيكل H2 مكرر على 1 مقالة، ونسبة الجمل المكررة 47%. شورت كود كيان غير مُفسَّر (أقسام ناقصة في HTML): [post_call], [post_features], [post_prices], [post_services], [post_steps]. ما زال هناك رابط اتصال هاتفي tel: داخل المحتوى."
1629,post,شركة دهان فلل في مسقط,https://rukn-eltatawer.com/om/villa-painting-muscat/,villa-painting-muscat,villa-painting,muscat,2274,1218,0.464,0,20,13,1,,,,template_boilerplate|unexpanded_shortcodes|tel_in_content,Template/Boilerplate | Missing SEO Elements | Errors/Placeholders,Template/Boilerplate,"هيكل H2 مكرر على 1 مقالة، ونسبة الجمل المكررة 46%. شورت كود كيان غير مُفسَّر (أقسام ناقصة في HTML): [post_call], [post_features], [post_prices], [post_services], [post_steps]. ما زال هناك رابط اتصال هاتفي tel: داخل المحتوى."
828,post,شركة إصلاح تشققات الأسقف والجدران في البريمي,https://rukn-eltatawer.com/om/crack-repair-al-buraimi/,crack-repair-al-buraimi,crack-repair,al-buraimi,2211,1245,0.437,0,20,13,1,,,,template_boilerplate|unexpanded_shortcodes|tel_in_content,Template/Boilerplate | Missing SEO Elements | Errors/Placeholders,Template/Boilerplate,"هيكل H2 مكرر على 1 مقالة، ونسبة الجمل المكررة 44%. شورت كود كيان غير مُفسَّر (أقسام ناقصة في HTML): [post_call], [post_features], [post_prices], [post_services], [post_steps]. ما زال هناك رابط اتصال هاتفي tel: داخل المحتوى."
717,post,شركة عزل خزانات في مسقط,https://rukn-eltatawer.com/om/tank-insulation-muscat/,tank-insulation-muscat,tank-insulation,muscat,2393,1562,0.347,0,20,13,1,,,,unexpanded_shortcodes|tel_in_content,Missing SEO Elements | Errors/Placeholders,Missing SEO Elements,"شورت كود كيان غير مُفسَّر (أقسام ناقصة في HTML): [post_call], [post_features], [post_prices], [post_services], [post_steps]. ما زال هناك رابط اتصال هاتفي tel: داخل المحتوى."
826,post,شركة إصلاح تشققات الأسقف والجدران في عبري,https://rukn-eltatawer.com/om/crack-repair-ibri/,crack-repair-ibri,crack-repair,ibri,2222,1292,0.419,0,20,13,1,,,,template_boilerplate|unexpanded_shortcodes|tel_in_content,Template/Boilerplate | Missing SEO Elements | Errors/Placeholders,Template/Boilerplate,"هيكل H2 مكرر على 1 مقالة، ونسبة الجمل المكررة 42%. شورت كود كيان غير مُفسَّر (أقسام ناقصة في HTML): [post_call], [post_features], [post_prices], [post_services], [post_steps]. ما زال هناك رابط اتصال هاتفي tel: داخل المحتوى."
827,post,شركة إصلاح تشققات الأسقف والجدران في الرستاق,https://rukn-eltatawer.com/om/crack-repair-rustaq/,crack-repair-rustaq,crack-repair,rustaq,2302,1279,0.444,0,20,13,1,,,,template_boilerplate|unexpanded_shortcodes|tel_in_content,Template/Boilerplate | Missing SEO Elements | Errors/Placeholders,Template/Boilerplate,"هيكل H2 مكرر على 1 مقالة، ونسبة الجمل المكررة 44%. شورت كود كيان غير مُفسَّر (أقسام ناقصة في HTML): [post_call], [post_features], [post_prices], [post_services], [post_steps]. ما زال هناك رابط اتصال هاتفي tel: داخل المحتوى."
825,post,شركة إصلاح تشققات الأسقف والجدران في صور,https://rukn-eltatawer.com/om/crack-repair-sur/,crack-repair-sur,crack-repair,sur,2256,1286,0.43,0,20,13,1,,,,template_boilerplate|unexpanded_shortcodes|tel_in_content,Template/Boilerplate | Missing SEO Elements | Errors/Placeholders,Template/Boilerplate,"هيكل H2 مكرر على 1 مقالة، ونسبة الجمل المكررة 43%. شورت كود كيان غير مُفسَّر (أقسام ناقصة في HTML): [post_call], [post_features], [post_prices], [post_services], [post_steps]. ما زال هناك رابط اتصال هاتفي tel: داخل المحتوى."
824,post,شركة إصلاح تشققات الأسقف والجدران في نزوى,https://rukn-eltatawer.com/om/crack-repair-nizwa/,crack-repair-nizwa,crack-repair,nizwa,2230,1112,0.501,0,20,13,1,,,,template_boilerplate|unexpanded_shortcodes|tel_in_content|structural_error,Template/Boilerplate | Missing SEO Elements | Errors/Placeholders,Template/Boilerplate,"هيكل H2 مكرر على 1 مقالة، ونسبة الجمل المكررة 50%. شورت كود كيان غير مُفسَّر (أقسام ناقصة في HTML): [post_call], [post_features], [post_prices], [post_services], [post_steps]. ما زال هناك رابط اتصال هاتفي tel: داخل المحتوى. فقرتان متتاليتان متطابقتان."
823,post,شركة إصلاح تشققات الأسقف والجدران في صحار,https://rukn-eltatawer.com/om/crack-repair-sohar/,crack-repair-sohar,crack-repair,sohar,2228,1265,0.432,0,20,13,1,,,,template_boilerplate|unexpanded_shortcodes|tel_in_content,Template/Boilerplate | Missing SEO Elements | Errors/Placeholders,Template/Boilerplate,"هيكل H2 مكرر على 1 مقالة، ونسبة الجمل المكررة 43%. شورت كود كيان غير مُفسَّر (أقسام ناقصة في HTML): [post_call], [post_features], [post_prices], [post_services], [post_steps]. ما زال هناك رابط اتصال هاتفي tel: داخل المحتوى."
822,post,شركة إصلاح تشققات الأسقف والجدران في صلالة,https://rukn-eltatawer.com/om/crack-repair-salalah/,crack-repair-salalah,crack-repair,salalah,2318,1334,0.425,0,20,13,1,,,,template_boilerplate|unexpanded_shortcodes|tel_in_content,Template/Boilerplate | Missing SEO Elements | Errors/Placeholders,Template/Boilerplate,"هيكل H2 مكرر على 1 مقالة، ونسبة الجمل المكررة 42%. شورت كود كيان غير مُفسَّر (أقسام ناقصة في HTML): [post_call], [post_features], [post_prices], [post_services], [post_steps]. ما زال هناك رابط اتصال هاتفي tel: داخل المحتوى."
740,post,شركة عزل مطابخ في البريمي,https://rukn-eltatawer.com/om/kitchen-insulation-al-buraimi/,kitchen-insulation-al-buraimi,kitchen-insulation,al-buraimi,2224,1454,0.346,0,20,13,1,,,,unexpanded_shortcodes|tel_in_content,Missing SEO Elements | Errors/Placeholders,Missing SEO Elements,"شورت كود كيان غير مُفسَّر (أقسام ناقصة في HTML): [post_call], [post_features], [post_prices], [post_services], [post_steps]. ما زال هناك رابط اتصال هاتفي tel: داخل المحتوى."
821,post,شركة إصلاح تشققات الأسقف والجدران في مسقط,https://rukn-eltatawer.com/om/crack-repair-muscat/,crack-repair-muscat,crack-repair,muscat,2327,1330,0.428,0,20,13,1,,,,template_boilerplate|unexpanded_shortcodes|tel_in_content,Template/Boilerplate | Missing SEO Elements | Errors/Placeholders,Template/Boilerplate,"هيكل H2 مكرر على 1 مقالة، ونسبة الجمل المكررة 43%. شورت كود كيان غير مُفسَّر (أقسام ناقصة في HTML): [post_call], [post_features], [post_prices], [post_services], [post_steps]. ما زال هناك رابط اتصال هاتفي tel: داخل المحتوى."
820,post,شركة فحص فلل ومباني قبل الشراء في البريمي,https://rukn-eltatawer.com/om/villa-inspection-al-buraimi/,villa-inspection-al-buraimi,villa-inspection,al-buraimi,2127,1336,0.372,0,20,13,1,,,,template_boilerplate|unexpanded_shortcodes|tel_in_content,Template/Boilerplate | Missing SEO Elements | Errors/Placeholders,Template/Boilerplate,"هيكل H2 مكرر على 1 مقالة، ونسبة الجمل المكررة 37%. شورت كود كيان غير مُفسَّر (أقسام ناقصة في HTML): [post_call], [post_features], [post_prices], [post_services], [post_steps]. ما زال هناك رابط اتصال هاتفي tel: داخل المحتوى."
818,post,شركة فحص فلل ومباني قبل الشراء في عبري,https://rukn-eltatawer.com/om/villa-inspection-ibri/,villa-inspection-ibri,villa-inspection,ibri,2091,1134,0.458,0,20,13,1,,,,template_boilerplate|unexpanded_shortcodes|tel_in_content,Template/Boilerplate | Missing SEO Elements | Errors/Placeholders,Template/Boilerplate,"هيكل H2 مكرر على 1 مقالة، ونسبة الجمل المكررة 46%. شورت كود كيان غير مُفسَّر (أقسام ناقصة في HTML): [post_call], [post_features], [post_prices], [post_services], [post_steps]. ما زال هناك رابط اتصال هاتفي tel: داخل المحتوى."
819,post,شركة فحص فلل ومباني قبل الشراء في الرستاق,https://rukn-eltatawer.com/om/villa-inspection-rustaq/,villa-inspection-rustaq,villa-inspection,rustaq,2153,1351,0.373,0,20,13,1,,,,template_boilerplate|unexpanded_shortcodes|tel_in_content,Template/Boilerplate | Missing SEO Elements | Errors/Placeholders,Template/Boilerplate,"هيكل H2 مكرر على 1 مقالة، ونسبة الجمل المكررة 37%. شورت كود كيان غير مُفسَّر (أقسام ناقصة في HTML): [post_call], [post_features], [post_prices], [post_services], [post_steps]. ما زال هناك رابط اتصال هاتفي tel: داخل المحتوى."
817,post,شركة فحص فلل ومباني قبل الشراء في صور,https://rukn-eltatawer.com/om/villa-inspection-sur/,villa-inspection-sur,villa-inspection,sur,2167,1326,0.388,0,20,13,1,,,,template_boilerplate|unexpanded_shortcodes|tel_in_content,Template/Boilerplate | Missing SEO Elements | Errors/Placeholders,Template/Boilerplate,"هيكل H2 مكرر على 1 مقالة، ونسبة الجمل المكررة 39%. شورت كود كيان غير مُفسَّر (أقسام ناقصة في HTML): [post_call], [post_features], [post_prices], [post_services], [post_steps]. ما زال هناك رابط اتصال هاتفي tel: داخل المحتوى."
738,post,شركة عزل مطابخ في عبري,https://rukn-eltatawer.com/om/kitchen-insulation-ibri/,kitchen-insulation-ibri,kitchen-insulation,ibri,2214,1436,0.351,0,20,13,1,https://rukn-eltatawer.com/om/outdoor-kitchens-rustaq/,cross-service-duplicate,6,template_boilerplate|duplicate_similar|unexpanded_shortcodes|tel_in_content,Template/Boilerplate | Duplicate/Similar | Missing SEO Elements | Errors/Placeholders,Template/Boilerplate,"هيكل H2 مكرر على 1 مقالة، ونسبة الجمل المكررة 35%. تشابه مرتفع (hamming=6, cross-service-duplicate) مع https://rukn-eltatawer.com/om/outdoor-kitchens-rustaq/. شورت كود كيان غير مُفسَّر (أقسام ناقصة في HTML): [post_call], [post_features], [post_prices], [post_services], [post_steps]. ما زال هناك رابط اتصال هاتفي tel: داخل المحتوى."
816,post,شركة فحص فلل ومباني قبل الشراء في نزوى,https://rukn-eltatawer.com/om/villa-inspection-nizwa/,villa-inspection-nizwa,villa-inspection,nizwa,2118,1286,0.393,0,20,13,1,,,,template_boilerplate|unexpanded_shortcodes|tel_in_content,Template/Boilerplate | Missing SEO Elements | Errors/Placeholders,Template/Boilerplate,"هيكل H2 مكرر على 1 مقالة، ونسبة الجمل المكررة 39%. شورت كود كيان غير مُفسَّر (أقسام ناقصة في HTML): [post_call], [post_features], [post_prices], [post_services], [post_steps]. ما زال هناك رابط اتصال هاتفي tel: داخل المحتوى."
815,post,شركة فحص فلل ومباني قبل الشراء في صحار,https://rukn-eltatawer.com/om/villa-inspection-sohar/,villa-inspection-sohar,villa-inspection,sohar,2115,1267,0.401,0,20,13,1,,,,template_boilerplate|unexpanded_shortcodes|tel_in_content,Template/Boilerplate | Missing SEO Elements | Errors/Placeholders,Template/Boilerplate,"هيكل H2 مكرر على 1 مقالة، ونسبة الجمل المكررة 40%. شورت كود كيان غير مُفسَّر (أقسام ناقصة في HTML): [post_call], [post_features], [post_prices], [post_services], [post_steps]. ما زال هناك رابط اتصال هاتفي tel: داخل المحتوى."
814,post,شركة فحص فلل ومباني قبل الشراء في صلالة,https://rukn-eltatawer.com/om/villa-inspection-salalah/,villa-inspection-salalah,villa-inspection,salalah,2170,1361,0.373,0,20,13,1,,,,template_boilerplate|unexpanded_shortcodes|tel_in_content,Template/Boilerplate | Missing SEO Elements | Errors/Placeholders,Template/Boilerplate,"هيكل H2 مكرر على 1 مقالة، ونسبة الجمل المكررة 37%. شورت كود كيان غير مُفسَّر (أقسام ناقصة في HTML): [post_call], [post_features], [post_prices], [post_services], [post_steps]. ما زال هناك رابط اتصال هاتفي tel: داخل المحتوى."
813,post,شركة فحص فلل ومباني قبل الشراء في مسقط,https://rukn-eltatawer.com/om/villa-inspection-muscat/,villa-inspection-muscat,villa-inspection,muscat,2219,1319,0.406,0,20,13,1,,,,template_boilerplate|unexpanded_shortcodes|tel_in_content,Template/Boilerplate | Missing SEO Elements | Errors/Placeholders,Template/Boilerplate,"هيكل H2 مكرر على 1 مقالة، ونسبة الجمل المكررة 41%. شورت كود كيان غير مُفسَّر (أقسام ناقصة في HTML): [post_call], [post_features], [post_prices], [post_services], [post_steps]. ما زال هناك رابط اتصال هاتفي tel: داخل المحتوى."
804,post,شركة ترميم وصيانة مباني في البريمي,https://rukn-eltatawer.com/om/building-renovation-al-buraimi/,building-renovation-al-buraimi,building-renovation,al-buraimi,2175,1179,0.458,0,20,13,1,,,,template_boilerplate|unexpanded_shortcodes|tel_in_content,Template/Boilerplate | Missing SEO Elements | Errors/Placeholders,Template/Boilerplate,"هيكل H2 مكرر على 1 مقالة، ونسبة الجمل المكررة 46%. شورت كود كيان غير مُفسَّر (أقسام ناقصة في HTML): [post_call], [post_features], [post_prices], [post_services], [post_steps]. ما زال هناك رابط اتصال هاتفي tel: داخل المحتوى."
739,post,شركة عزل مطابخ في الرستاق,https://rukn-eltatawer.com/om/kitchen-insulation-rustaq/,kitchen-insulation-rustaq,kitchen-insulation,rustaq,2251,1264,0.438,0,20,13,1,,,,template_boilerplate|unexpanded_shortcodes|tel_in_content,Template/Boilerplate | Missing SEO Elements | Errors/Placeholders,Template/Boilerplate,"هيكل H2 مكرر على 1 مقالة، ونسبة الجمل المكررة 44%. شورت كود كيان غير مُفسَّر (أقسام ناقصة في HTML): [post_call], [post_features], [post_prices], [post_services], [post_steps]. ما زال هناك رابط اتصال هاتفي tel: داخل المحتوى."
802,post,شركة ترميم وصيانة مباني في عبري,https://rukn-eltatawer.com/om/building-renovation-ibri/,building-renovation-ibri,building-renovation,ibri,2146,1022,0.524,0,20,13,1,https://rukn-eltatawer.com/om/water-filters-ibri/,cross-service-duplicate,8,template_boilerplate|duplicate_similar|unexpanded_shortcodes|tel_in_content,Template/Boilerplate | Duplicate/Similar | Missing SEO Elements | Errors/Placeholders,Template/Boilerplate,"هيكل H2 مكرر على 1 مقالة، ونسبة الجمل المكررة 52%. تشابه مرتفع (hamming=8, cross-service-duplicate) مع https://rukn-eltatawer.com/om/water-filters-ibri/. شورت كود كيان غير مُفسَّر (أقسام ناقصة في HTML): [post_call], [post_features], [post_prices], [post_services], [post_steps]. ما زال هناك رابط اتصال هاتفي tel: داخل المحتوى."
803,post,شركة ترميم وصيانة مباني في الرستاق,https://rukn-eltatawer.com/om/building-renovation-rustaq/,building-renovation-rustaq,building-renovation,rustaq,2182,1216,0.443,0,20,13,1,,,,template_boilerplate|unexpanded_shortcodes|tel_in_content,Template/Boilerplate | Missing SEO Elements | Errors/Placeholders,Template/Boilerplate,"هيكل H2 مكرر على 1 مقالة، ونسبة الجمل المكررة 44%. شورت كود كيان غير مُفسَّر (أقسام ناقصة في HTML): [post_call], [post_features], [post_prices], [post_services], [post_steps]. ما زال هناك رابط اتصال هاتفي tel: داخل المحتوى."
801,post,شركة ترميم وصيانة مباني في صور,https://rukn-eltatawer.com/om/building-renovation-sur/,building-renovation-sur,building-renovation,sur,2196,1181,0.462,0,20,13,1,,,,template_boilerplate|unexpanded_shortcodes|tel_in_content,Template/Boilerplate | Missing SEO Elements | Errors/Placeholders,Template/Boilerplate,"هيكل H2 مكرر على 1 مقالة، ونسبة الجمل المكررة 46%. شورت كود كيان غير مُفسَّر (أقسام ناقصة في HTML): [post_call], [post_features], [post_prices], [post_services], [post_steps]. ما زال هناك رابط اتصال هاتفي tel: داخل المحتوى."
800,post,شركة ترميم وصيانة مباني في نزوى,https://rukn-eltatawer.com/om/building-renovation-nizwa/,building-renovation-nizwa,building-renovation,nizwa,2184,1236,0.434,0,20,13,1,,,,template_boilerplate|unexpanded_shortcodes|tel_in_content,Template/Boilerplate | Missing SEO Elements | Errors/Placeholders,Template/Boilerplate,"هيكل H2 مكرر على 1 مقالة، ونسبة الجمل المكررة 43%. شورت كود كيان غير مُفسَّر (أقسام ناقصة في HTML): [post_call], [post_features], [post_prices], [post_services], [post_steps]. ما زال هناك رابط اتصال هاتفي tel: داخل المحتوى."
799,post,شركة ترميم وصيانة مباني في صحار,https://rukn-eltatawer.com/om/building-renovation-sohar/,building-renovation-sohar,building-renovation,sohar,2198,1209,0.45,0,20,13,1,,,,template_boilerplate|unexpanded_shortcodes|tel_in_content,Template/Boilerplate | Missing SEO Elements | Errors/Placeholders,Template/Boilerplate,"هيكل H2 مكرر على 1 مقالة، ونسبة الجمل المكررة 45%. شورت كود كيان غير مُفسَّر (أقسام ناقصة في HTML): [post_call], [post_features], [post_prices], [post_services], [post_steps]. ما زال هناك رابط اتصال هاتفي tel: داخل المحتوى."
737,post,شركة عزل مطابخ في صور,https://rukn-eltatawer.com/om/kitchen-insulation-sur/,kitchen-insulation-sur,kitchen-insulation,sur,2238,1327,0.407,0,20,13,1,,,,template_boilerplate|unexpanded_shortcodes|tel_in_content,Template/Boilerplate | Missing SEO Elements | Errors/Placeholders,Template/Boilerplate,"هيكل H2 مكرر على 1 مقالة، ونسبة الجمل المكررة 41%. شورت كود كيان غير مُفسَّر (أقسام ناقصة في HTML): [post_call], [post_features], [post_prices], [post_services], [post_steps]. ما زال هناك رابط اتصال هاتفي tel: داخل المحتوى."
798,post,شركة ترميم وصيانة مباني في صلالة,https://rukn-eltatawer.com/om/building-renovation-salalah/,building-renovation-salalah,building-renovation,salalah,2226,1177,0.471,0,20,13,1,,,,template_boilerplate|unexpanded_shortcodes|tel_in_content,Template/Boilerplate | Missing SEO Elements | Errors/Placeholders,Template/Boilerplate,"هيكل H2 مكرر على 1 مقالة، ونسبة الجمل المكررة 47%. شورت كود كيان غير مُفسَّر (أقسام ناقصة في HTML): [post_call], [post_features], [post_prices], [post_services], [post_steps]. ما زال هناك رابط اتصال هاتفي tel: داخل المحتوى."
797,post,شركة ترميم وصيانة مباني في مسقط,https://rukn-eltatawer.com/om/building-renovation-muscat/,building-renovation-muscat,building-renovation,muscat,2302,1309,0.431,0,20,13,1,,,,template_boilerplate|unexpanded_shortcodes|tel_in_content,Template/Boilerplate | Missing SEO Elements | Errors/Placeholders,Template/Boilerplate,"هيكل H2 مكرر على 1 مقالة، ونسبة الجمل المكررة 43%. شورت كود كيان غير مُفسَّر (أقسام ناقصة في HTML): [post_call], [post_features], [post_prices], [post_services], [post_steps]. ما زال هناك رابط اتصال هاتفي tel: داخل المحتوى."
812,post,شركة ترميم منازل قديمة في البريمي,https://rukn-eltatawer.com/om/old-house-renovation-al-buraimi/,old-house-renovation-al-buraimi,old-house-renovation,al-buraimi,2176,1254,0.424,0,20,13,1,,,,template_boilerplate|unexpanded_shortcodes|tel_in_content,Template/Boilerplate | Missing SEO Elements | Errors/Placeholders,Template/Boilerplate,"هيكل H2 مكرر على 1 مقالة، ونسبة الجمل المكررة 42%. شورت كود كيان غير مُفسَّر (أقسام ناقصة في HTML): [post_call], [post_features], [post_prices], [post_services], [post_steps]. ما زال هناك رابط اتصال هاتفي tel: داخل المحتوى."
810,post,شركة ترميم منازل قديمة في عبري,https://rukn-eltatawer.com/om/old-house-renovation-ibri/,old-house-renovation-ibri,old-house-renovation,ibri,2172,1202,0.447,0,20,13,1,,,,template_boilerplate|unexpanded_shortcodes|tel_in_content,Template/Boilerplate | Missing SEO Elements | Errors/Placeholders,Template/Boilerplate,"هيكل H2 مكرر على 1 مقالة، ونسبة الجمل المكررة 45%. شورت كود كيان غير مُفسَّر (أقسام ناقصة في HTML): [post_call], [post_features], [post_prices], [post_services], [post_steps]. ما زال هناك رابط اتصال هاتفي tel: داخل المحتوى."
811,post,شركة ترميم منازل قديمة في الرستاق,https://rukn-eltatawer.com/om/old-house-renovation-rustaq/,old-house-renovation-rustaq,old-house-renovation,rustaq,2195,1260,0.426,0,20,13,1,,,,template_boilerplate|unexpanded_shortcodes|tel_in_content,Template/Boilerplate | Missing SEO Elements | Errors/Placeholders,Template/Boilerplate,"هيكل H2 مكرر على 1 مقالة، ونسبة الجمل المكررة 43%. شورت كود كيان غير مُفسَّر (أقسام ناقصة في HTML): [post_call], [post_features], [post_prices], [post_services], [post_steps]. ما زال هناك رابط اتصال هاتفي tel: داخل المحتوى."
736,post,شركة عزل مطابخ في نزوى,https://rukn-eltatawer.com/om/kitchen-insulation-nizwa/,kitchen-insulation-nizwa,kitchen-insulation,nizwa,2219,1414,0.363,0,20,13,1,,,,template_boilerplate|unexpanded_shortcodes|tel_in_content,Template/Boilerplate | Missing SEO Elements | Errors/Placeholders,Template/Boilerplate,"هيكل H2 مكرر على 1 مقالة، ونسبة الجمل المكررة 36%. شورت كود كيان غير مُفسَّر (أقسام ناقصة في HTML): [post_call], [post_features], [post_prices], [post_services], [post_steps]. ما زال هناك رابط اتصال هاتفي tel: داخل المحتوى."
809,post,شركة ترميم منازل قديمة في صور,https://rukn-eltatawer.com/om/old-house-renovation-sur/,old-house-renovation-sur,old-house-renovation,sur,2185,1228,0.438,0,20,13,1,,,,template_boilerplate|unexpanded_shortcodes|tel_in_content,Template/Boilerplate | Missing SEO Elements | Errors/Placeholders,Template/Boilerplate,"هيكل H2 مكرر على 1 مقالة، ونسبة الجمل المكررة 44%. شورت كود كيان غير مُفسَّر (أقسام ناقصة في HTML): [post_call], [post_features], [post_prices], [post_services], [post_steps]. ما زال هناك رابط اتصال هاتفي tel: داخل المحتوى."
808,post,شركة ترميم منازل قديمة في نزوى,https://rukn-eltatawer.com/om/old-house-renovation-nizwa/,old-house-renovation-nizwa,old-house-renovation,nizwa,2215,1265,0.429,0,20,13,1,,,,template_boilerplate|unexpanded_shortcodes|tel_in_content,Template/Boilerplate | Missing SEO Elements | Errors/Placeholders,Template/Boilerplate,"هيكل H2 مكرر على 1 مقالة، ونسبة الجمل المكررة 43%. شورت كود كيان غير مُفسَّر (أقسام ناقصة في HTML): [post_call], [post_features], [post_prices], [post_services], [post_steps]. ما زال هناك رابط اتصال هاتفي tel: داخل المحتوى."
807,post,شركة ترميم منازل قديمة في صحار,https://rukn-eltatawer.com/om/old-house-renovation-sohar/,old-house-renovation-sohar,old-house-renovation,sohar,2176,1182,0.457,0,20,13,1,,,,template_boilerplate|unexpanded_shortcodes|tel_in_content,Template/Boilerplate | Missing SEO Elements | Errors/Placeholders,Template/Boilerplate,"هيكل H2 مكرر على 1 مقالة، ونسبة الجمل المكررة 46%. شورت كود كيان غير مُفسَّر (أقسام ناقصة في HTML): [post_call], [post_features], [post_prices], [post_services], [post_steps]. ما زال هناك رابط اتصال هاتفي tel: داخل المحتوى."
806,post,شركة ترميم منازل قديمة في صلالة,https://rukn-eltatawer.com/om/old-house-renovation-salalah/,old-house-renovation-salalah,old-house-renovation,salalah,2227,1247,0.44,0,20,13,1,,,,template_boilerplate|unexpanded_shortcodes|tel_in_content,Template/Boilerplate | Missing SEO Elements | Errors/Placeholders,Template/Boilerplate,"هيكل H2 مكرر على 1 مقالة، ونسبة الجمل المكررة 44%. شورت كود كيان غير مُفسَّر (أقسام ناقصة في HTML): [post_call], [post_features], [post_prices], [post_services], [post_steps]. ما زال هناك رابط اتصال هاتفي tel: داخل المحتوى."
805,post,شركة ترميم منازل قديمة في مسقط,https://rukn-eltatawer.com/om/old-house-renovation-muscat/,old-house-renovation-muscat,old-house-renovation,muscat,2302,1280,0.444,0,20,13,1,,,,template_boilerplate|unexpanded_shortcodes|tel_in_content,Template/Boilerplate | Missing SEO Elements | Errors/Placeholders,Template/Boilerplate,"هيكل H2 مكرر على 1 مقالة، ونسبة الجمل المكررة 44%. شورت كود كيان غير مُفسَّر (أقسام ناقصة في HTML): [post_call], [post_features], [post_prices], [post_services], [post_steps]. ما زال هناك رابط اتصال هاتفي tel: داخل المحتوى."
735,post,شركة عزل مطابخ في صحار,https://rukn-eltatawer.com/om/kitchen-insulation-sohar/,kitchen-insulation-sohar,kitchen-insulation,sohar,2244,1468,0.346,0,20,13,1,,,,unexpanded_shortcodes|tel_in_content,Missing SEO Elements | Errors/Placeholders,Missing SEO Elements,"شورت كود كيان غير مُفسَّر (أقسام ناقصة في HTML): [post_call], [post_features], [post_prices], [post_services], [post_steps]. ما زال هناك رابط اتصال هاتفي tel: داخل المحتوى."
796,post,شركة ترميم مطابخ في البريمي,https://rukn-eltatawer.com/om/kitchen-renovation-al-buraimi/,kitchen-renovation-al-buraimi,kitchen-renovation,al-buraimi,2156,1187,0.449,0,20,13,1,,,,template_boilerplate|unexpanded_shortcodes|tel_in_content,Template/Boilerplate | Missing SEO Elements | Errors/Placeholders,Template/Boilerplate,"هيكل H2 مكرر على 1 مقالة، ونسبة الجمل المكررة 45%. شورت كود كيان غير مُفسَّر (أقسام ناقصة في HTML): [post_call], [post_features], [post_prices], [post_services], [post_steps]. ما زال هناك رابط اتصال هاتفي tel: داخل المحتوى."
794,post,شركة ترميم مطابخ في عبري,https://rukn-eltatawer.com/om/kitchen-renovation-ibri/,kitchen-renovation-ibri,kitchen-renovation,ibri,2156,1069,0.504,0,20,13,1,,,,template_boilerplate|unexpanded_shortcodes|tel_in_content,Template/Boilerplate | Missing SEO Elements | Errors/Placeholders,Template/Boilerplate,"هيكل H2 مكرر على 1 مقالة، ونسبة الجمل المكررة 50%. شورت كود كيان غير مُفسَّر (أقسام ناقصة في HTML): [post_call], [post_features], [post_prices], [post_services], [post_steps]. ما زال هناك رابط اتصال هاتفي tel: داخل المحتوى."
795,post,شركة ترميم مطابخ في الرستاق,https://rukn-eltatawer.com/om/kitchen-renovation-rustaq/,kitchen-renovation-rustaq,kitchen-renovation,rustaq,2181,1232,0.435,0,20,13,1,,,,template_boilerplate|unexpanded_shortcodes|tel_in_content,Template/Boilerplate | Missing SEO Elements | Errors/Placeholders,Template/Boilerplate,"هيكل H2 مكرر على 1 مقالة، ونسبة الجمل المكررة 44%. شورت كود كيان غير مُفسَّر (أقسام ناقصة في HTML): [post_call], [post_features], [post_prices], [post_services], [post_steps]. ما زال هناك رابط اتصال هاتفي tel: داخل المحتوى."
793,post,شركة ترميم مطابخ في صور,https://rukn-eltatawer.com/om/kitchen-renovation-sur/,kitchen-renovation-sur,kitchen-renovation,sur,2176,1239,0.431,0,20,13,1,,,,template_boilerplate|unexpanded_shortcodes|tel_in_content,Template/Boilerplate | Missing SEO Elements | Errors/Placeholders,Template/Boilerplate,"هيكل H2 مكرر على 1 مقالة، ونسبة الجمل المكررة 43%. شورت كود كيان غير مُفسَّر (أقسام ناقصة في HTML): [post_call], [post_features], [post_prices], [post_services], [post_steps]. ما زال هناك رابط اتصال هاتفي tel: داخل المحتوى."
792,post,شركة ترميم مطابخ في نزوى,https://rukn-eltatawer.com/om/kitchen-renovation-nizwa/,kitchen-renovation-nizwa,kitchen-renovation,nizwa,2220,1184,0.467,0,20,13,1,,,,template_boilerplate|unexpanded_shortcodes|tel_in_content,Template/Boilerplate | Missing SEO Elements | Errors/Placeholders,Template/Boilerplate,"هيكل H2 مكرر على 1 مقالة، ونسبة الجمل المكررة 47%. شورت كود كيان غير مُفسَّر (أقسام ناقصة في HTML): [post_call], [post_features], [post_prices], [post_services], [post_steps]. ما زال هناك رابط اتصال هاتفي tel: داخل المحتوى."
734,post,شركة عزل مطابخ في صلالة,https://rukn-eltatawer.com/om/kitchen-insulation-salalah/,kitchen-insulation-salalah,kitchen-insulation,salalah,2292,1508,0.342,0,20,13,1,,,,unexpanded_shortcodes|tel_in_content,Missing SEO Elements | Errors/Placeholders,Missing SEO Elements,"شورت كود كيان غير مُفسَّر (أقسام ناقصة في HTML): [post_call], [post_features], [post_prices], [post_services], [post_steps]. ما زال هناك رابط اتصال هاتفي tel: داخل المحتوى."
791,post,شركة ترميم مطابخ في صحار,https://rukn-eltatawer.com/om/kitchen-renovation-sohar/,kitchen-renovation-sohar,kitchen-renovation,sohar,2181,1179,0.459,0,20,13,1,https://rukn-eltatawer.com/om/bird-sound-device-sohar/,cross-service-duplicate,8,template_boilerplate|duplicate_similar|unexpanded_shortcodes|tel_in_content,Template/Boilerplate | Duplicate/Similar | Missing SEO Elements | Errors/Placeholders,Template/Boilerplate,"هيكل H2 مكرر على 1 مقالة، ونسبة الجمل المكررة 46%. تشابه مرتفع (hamming=8, cross-service-duplicate) مع https://rukn-eltatawer.com/om/bird-sound-device-sohar/. شورت كود كيان غير مُفسَّر (أقسام ناقصة في HTML): [post_call], [post_features], [post_prices], [post_services], [post_steps]. ما زال هناك رابط اتصال هاتفي tel: داخل المحتوى."
790,post,شركة ترميم مطابخ في صلالة,https://rukn-eltatawer.com/om/kitchen-renovation-salalah/,kitchen-renovation-salalah,kitchen-renovation,salalah,2200,1266,0.425,0,20,13,1,,,,template_boilerplate|unexpanded_shortcodes|tel_in_content,Template/Boilerplate | Missing SEO Elements | Errors/Placeholders,Template/Boilerplate,"هيكل H2 مكرر على 1 مقالة، ونسبة الجمل المكررة 42%. شورت كود كيان غير مُفسَّر (أقسام ناقصة في HTML): [post_call], [post_features], [post_prices], [post_services], [post_steps]. ما زال هناك رابط اتصال هاتفي tel: داخل المحتوى."
516,post,شركة صيانة تكييف مركزي في البريمي,https://rukn-eltatawer.com/om/central-ac-maintenance-al-buraimi/,central-ac-maintenance-al-buraimi,central-ac-maintenance,al-buraimi,2255,1338,0.407,0,20,13,1,,,,template_boilerplate|unexpanded_shortcodes|tel_in_content,Template/Boilerplate | Missing SEO Elements | Errors/Placeholders,Template/Boilerplate,"هيكل H2 مكرر على 1 مقالة، ونسبة الجمل المكررة 41%. شورت كود كيان غير مُفسَّر (أقسام ناقصة في HTML): [post_call], [post_features], [post_prices], [post_services], [post_steps]. ما زال هناك رابط اتصال هاتفي tel: داخل المحتوى."
514,post,شركة صيانة تكييف مركزي في عبري,https://rukn-eltatawer.com/om/central-ac-maintenance-ibri/,central-ac-maintenance-ibri,central-ac-maintenance,ibri,2248,1311,0.417,0,20,13,1,,,,template_boilerplate|unexpanded_shortcodes|tel_in_content,Template/Boilerplate | Missing SEO Elements | Errors/Placeholders,Template/Boilerplate,"هيكل H2 مكرر على 1 مقالة، ونسبة الجمل المكررة 42%. شورت كود كيان غير مُفسَّر (أقسام ناقصة في HTML): [post_call], [post_features], [post_prices], [post_services], [post_steps]. ما زال هناك رابط اتصال هاتفي tel: داخل المحتوى."
515,post,شركة صيانة تكييف مركزي في الرستاق,https://rukn-eltatawer.com/om/central-ac-maintenance-rustaq/,central-ac-maintenance-rustaq,central-ac-maintenance,rustaq,2293,1371,0.402,0,20,13,1,,,,template_boilerplate|unexpanded_shortcodes|tel_in_content,Template/Boilerplate | Missing SEO Elements | Errors/Placeholders,Template/Boilerplate,"هيكل H2 مكرر على 1 مقالة، ونسبة الجمل المكررة 40%. شورت كود كيان غير مُفسَّر (أقسام ناقصة في HTML): [post_call], [post_features], [post_prices], [post_services], [post_steps]. ما زال هناك رابط اتصال هاتفي tel: داخل المحتوى."
513,post,شركة صيانة تكييف مركزي في صور,https://rukn-eltatawer.com/om/central-ac-maintenance-sur/,central-ac-maintenance-sur,central-ac-maintenance,sur,2265,1363,0.398,0,20,13,1,,,,template_boilerplate|unexpanded_shortcodes|tel_in_content,Template/Boilerplate | Missing SEO Elements | Errors/Placeholders,Template/Boilerplate,"هيكل H2 مكرر على 1 مقالة، ونسبة الجمل المكررة 40%. شورت كود كيان غير مُفسَّر (أقسام ناقصة في HTML): [post_call], [post_features], [post_prices], [post_services], [post_steps]. ما زال هناك رابط اتصال هاتفي tel: داخل المحتوى."
512,post,شركة صيانة تكييف مركزي في نزوى,https://rukn-eltatawer.com/om/central-ac-maintenance-nizwa/,central-ac-maintenance-nizwa,central-ac-maintenance,nizwa,2299,1249,0.457,0,20,13,1,,,,template_boilerplate|unexpanded_shortcodes|tel_in_content,Template/Boilerplate | Missing SEO Elements | Errors/Placeholders,Template/Boilerplate,"هيكل H2 مكرر على 1 مقالة، ونسبة الجمل المكررة 46%. شورت كود كيان غير مُفسَّر (أقسام ناقصة في HTML): [post_call], [post_features], [post_prices], [post_services], [post_steps]. ما زال هناك رابط اتصال هاتفي tel: داخل المحتوى."
511,post,شركة صيانة تكييف مركزي في صحار,https://rukn-eltatawer.com/om/central-ac-maintenance-sohar/,central-ac-maintenance-sohar,central-ac-maintenance,sohar,2270,1375,0.394,0,20,13,1,,,,template_boilerplate|unexpanded_shortcodes|tel_in_content,Template/Boilerplate | Missing SEO Elements | Errors/Placeholders,Template/Boilerplate,"هيكل H2 مكرر على 1 مقالة، ونسبة الجمل المكررة 39%. شورت كود كيان غير مُفسَّر (أقسام ناقصة في HTML): [post_call], [post_features], [post_prices], [post_services], [post_steps]. ما زال هناك رابط اتصال هاتفي tel: داخل المحتوى."
510,post,شركة صيانة تكييف مركزي في صلالة,https://rukn-eltatawer.com/om/central-ac-maintenance-salalah/,central-ac-maintenance-salalah,central-ac-maintenance,salalah,2328,1450,0.377,0,20,13,1,https://rukn-eltatawer.com/om/ac-duct-maintenance-salalah/,cross-service-duplicate,4,template_boilerplate|duplicate_similar|unexpanded_shortcodes|tel_in_content,Template/Boilerplate | Duplicate/Similar | Missing SEO Elements | Errors/Placeholders,Template/Boilerplate,"هيكل H2 مكرر على 1 مقالة، ونسبة الجمل المكررة 38%. تشابه مرتفع (hamming=4, cross-service-duplicate) مع https://rukn-eltatawer.com/om/ac-duct-maintenance-salalah/. شورت كود كيان غير مُفسَّر (أقسام ناقصة في HTML): [post_call], [post_features], [post_prices], [post_services], [post_steps]. ما زال هناك رابط اتصال هاتفي tel: داخل المحتوى."
509,post,شركة صيانة تكييف مركزي في مسقط,https://rukn-eltatawer.com/om/central-ac-maintenance-muscat/,central-ac-maintenance-muscat,central-ac-maintenance,muscat,2394,1400,0.415,0,20,13,1,https://rukn-eltatawer.com/om/indoor-outdoor-lighting-installation-muscat/,cross-service-duplicate,7,template_boilerplate|duplicate_similar|unexpanded_shortcodes|tel_in_content,Template/Boilerplate | Duplicate/Similar | Missing SEO Elements | Errors/Placeholders,Template/Boilerplate,"هيكل H2 مكرر على 1 مقالة، ونسبة الجمل المكررة 42%. تشابه مرتفع (hamming=7, cross-service-duplicate) مع https://rukn-eltatawer.com/om/indoor-outdoor-lighting-installation-muscat/. شورت كود كيان غير مُفسَّر (أقسام ناقصة في HTML): [post_call], [post_features], [post_prices], [post_services], [post_steps]. ما زال هناك رابط اتصال هاتفي tel: داخل المحتوى."
524,post,شركة صيانة مكيفات سبليت في البريمي,https://rukn-eltatawer.com/om/split-ac-maintenance-al-buraimi/,split-ac-maintenance-al-buraimi,split-ac-maintenance,al-buraimi,2241,1320,0.411,0,20,13,1,,,,template_boilerplate|unexpanded_shortcodes|tel_in_content,Template/Boilerplate | Missing SEO Elements | Errors/Placeholders,Template/Boilerplate,"هيكل H2 مكرر على 1 مقالة، ونسبة الجمل المكررة 41%. شورت كود كيان غير مُفسَّر (أقسام ناقصة في HTML): [post_call], [post_features], [post_prices], [post_services], [post_steps]. ما زال هناك رابط اتصال هاتفي tel: داخل المحتوى."
522,post,شركة صيانة مكيفات سبليت في عبري,https://rukn-eltatawer.com/om/split-ac-maintenance-ibri/,split-ac-maintenance-ibri,split-ac-maintenance,ibri,2194,1272,0.42,0,20,13,1,,,,template_boilerplate|unexpanded_shortcodes|tel_in_content,Template/Boilerplate | Missing SEO Elements | Errors/Placeholders,Template/Boilerplate,"هيكل H2 مكرر على 1 مقالة، ونسبة الجمل المكررة 42%. شورت كود كيان غير مُفسَّر (أقسام ناقصة في HTML): [post_call], [post_features], [post_prices], [post_services], [post_steps]. ما زال هناك رابط اتصال هاتفي tel: داخل المحتوى."
523,post,شركة صيانة مكيفات سبليت في الرستاق,https://rukn-eltatawer.com/om/split-ac-maintenance-rustaq/,split-ac-maintenance-rustaq,split-ac-maintenance,rustaq,2230,1261,0.435,0,20,13,1,,,,template_boilerplate|unexpanded_shortcodes|tel_in_content,Template/Boilerplate | Missing SEO Elements | Errors/Placeholders,Template/Boilerplate,"هيكل H2 مكرر على 1 مقالة، ونسبة الجمل المكررة 44%. شورت كود كيان غير مُفسَّر (أقسام ناقصة في HTML): [post_call], [post_features], [post_prices], [post_services], [post_steps]. ما زال هناك رابط اتصال هاتفي tel: داخل المحتوى."
521,post,شركة صيانة مكيفات سبليت في صور,https://rukn-eltatawer.com/om/split-ac-maintenance-sur/,split-ac-maintenance-sur,split-ac-maintenance,sur,2258,1344,0.405,0,20,13,1,,,,template_boilerplate|unexpanded_shortcodes|tel_in_content,Template/Boilerplate | Missing SEO Elements | Errors/Placeholders,Template/Boilerplate,"هيكل H2 مكرر على 1 مقالة، ونسبة الجمل المكررة 40%. شورت كود كيان غير مُفسَّر (أقسام ناقصة في HTML): [post_call], [post_features], [post_prices], [post_services], [post_steps]. ما زال هناك رابط اتصال هاتفي tel: داخل المحتوى."
520,post,شركة صيانة مكيفات سبليت في نزوى,https://rukn-eltatawer.com/om/split-ac-maintenance-nizwa/,split-ac-maintenance-nizwa,split-ac-maintenance,nizwa,2276,1374,0.396,0,20,13,1,,,,template_boilerplate|unexpanded_shortcodes|tel_in_content,Template/Boilerplate | Missing SEO Elements | Errors/Placeholders,Template/Boilerplate,"هيكل H2 مكرر على 1 مقالة، ونسبة الجمل المكررة 40%. شورت كود كيان غير مُفسَّر (أقسام ناقصة في HTML): [post_call], [post_features], [post_prices], [post_services], [post_steps]. ما زال هناك رابط اتصال هاتفي tel: داخل المحتوى."
519,post,شركة صيانة مكيفات سبليت في صحار,https://rukn-eltatawer.com/om/split-ac-maintenance-sohar/,split-ac-maintenance-sohar,split-ac-maintenance,sohar,2244,1257,0.44,0,20,13,1,,,,template_boilerplate|unexpanded_shortcodes|tel_in_content,Template/Boilerplate | Missing SEO Elements | Errors/Placeholders,Template/Boilerplate,"هيكل H2 مكرر على 1 مقالة، ونسبة الجمل المكررة 44%. شورت كود كيان غير مُفسَّر (أقسام ناقصة في HTML): [post_call], [post_features], [post_prices], [post_services], [post_steps]. ما زال هناك رابط اتصال هاتفي tel: داخل المحتوى."
518,post,شركة صيانة مكيفات سبليت في صلالة,https://rukn-eltatawer.com/om/split-ac-maintenance-salalah/,split-ac-maintenance-salalah,split-ac-maintenance,salalah,2294,1381,0.398,0,20,13,1,,,,template_boilerplate|unexpanded_shortcodes|tel_in_content,Template/Boilerplate | Missing SEO Elements | Errors/Placeholders,Template/Boilerplate,"هيكل H2 مكرر على 1 مقالة، ونسبة الجمل المكررة 40%. شورت كود كيان غير مُفسَّر (أقسام ناقصة في HTML): [post_call], [post_features], [post_prices], [post_services], [post_steps]. ما زال هناك رابط اتصال هاتفي tel: داخل المحتوى."
517,post,شركة صيانة مكيفات سبليت في مسقط,https://rukn-eltatawer.com/om/split-ac-maintenance-muscat/,split-ac-maintenance-muscat,split-ac-maintenance,muscat,2351,1414,0.399,0,20,13,1,,,,template_boilerplate|unexpanded_shortcodes|tel_in_content,Template/Boilerplate | Missing SEO Elements | Errors/Placeholders,Template/Boilerplate,"هيكل H2 مكرر على 1 مقالة، ونسبة الجمل المكررة 40%. شورت كود كيان غير مُفسَّر (أقسام ناقصة في HTML): [post_call], [post_features], [post_prices], [post_services], [post_steps]. ما زال هناك رابط اتصال هاتفي tel: داخل المحتوى."
700,post,شركة كشف تسربات الغاز في البريمي,https://rukn-eltatawer.com/om/gas-leak-detection-al-buraimi/,gas-leak-detection-al-buraimi,gas-leak-detection,al-buraimi,2297,1491,0.351,0,20,13,1,,,,template_boilerplate|unexpanded_shortcodes|tel_in_content,Template/Boilerplate | Missing SEO Elements | Errors/Placeholders,Template/Boilerplate,"هيكل H2 مكرر على 1 مقالة، ونسبة الجمل المكررة 35%. شورت كود كيان غير مُفسَّر (أقسام ناقصة في HTML): [post_call], [post_features], [post_prices], [post_services], [post_steps]. ما زال هناك رابط اتصال هاتفي tel: داخل المحتوى."
698,post,شركة كشف تسربات الغاز في عبري,https://rukn-eltatawer.com/om/gas-leak-detection-ibri/,gas-leak-detection-ibri,gas-leak-detection,ibri,2290,1520,0.336,0,20,13,1,,,,unexpanded_shortcodes|tel_in_content,Missing SEO Elements | Errors/Placeholders,Missing SEO Elements,"شورت كود كيان غير مُفسَّر (أقسام ناقصة في HTML): [post_call], [post_features], [post_prices], [post_services], [post_steps]. ما زال هناك رابط اتصال هاتفي tel: داخل المحتوى."
699,post,شركة كشف تسربات الغاز في الرستاق,https://rukn-eltatawer.com/om/gas-leak-detection-rustaq/,gas-leak-detection-rustaq,gas-leak-detection,rustaq,2377,1585,0.333,0,20,13,1,,,,unexpanded_shortcodes|tel_in_content,Missing SEO Elements | Errors/Placeholders,Missing SEO Elements,"شورت كود كيان غير مُفسَّر (أقسام ناقصة في HTML): [post_call], [post_features], [post_prices], [post_services], [post_steps]. ما زال هناك رابط اتصال هاتفي tel: داخل المحتوى."
697,post,شركة كشف تسربات الغاز في صور,https://rukn-eltatawer.com/om/gas-leak-detection-sur/,gas-leak-detection-sur,gas-leak-detection,sur,2303,1524,0.338,0,20,13,1,,,,unexpanded_shortcodes|tel_in_content,Missing SEO Elements | Errors/Placeholders,Missing SEO Elements,"شورت كود كيان غير مُفسَّر (أقسام ناقصة في HTML): [post_call], [post_features], [post_prices], [post_services], [post_steps]. ما زال هناك رابط اتصال هاتفي tel: داخل المحتوى."
696,post,شركة كشف تسربات الغاز في نزوى,https://rukn-eltatawer.com/om/gas-leak-detection-nizwa/,gas-leak-detection-nizwa,gas-leak-detection,nizwa,2325,1584,0.319,0,20,13,1,,,,unexpanded_shortcodes|tel_in_content,Missing SEO Elements | Errors/Placeholders,Missing SEO Elements,"شورت كود كيان غير مُفسَّر (أقسام ناقصة في HTML): [post_call], [post_features], [post_prices], [post_services], [post_steps]. ما زال هناك رابط اتصال هاتفي tel: داخل المحتوى."
695,post,شركة كشف تسربات الغاز في صحار,https://rukn-eltatawer.com/om/gas-leak-detection-sohar/,gas-leak-detection-sohar,gas-leak-detection,sohar,2311,1564,0.323,0,20,13,1,,,,unexpanded_shortcodes|tel_in_content,Missing SEO Elements | Errors/Placeholders,Missing SEO Elements,"شورت كود كيان غير مُفسَّر (أقسام ناقصة في HTML): [post_call], [post_features], [post_prices], [post_services], [post_steps]. ما زال هناك رابط اتصال هاتفي tel: داخل المحتوى."
694,post,شركة كشف تسربات الغاز في صلالة,https://rukn-eltatawer.com/om/gas-leak-detection-salalah/,gas-leak-detection-salalah,gas-leak-detection,salalah,2348,1524,0.351,0,20,13,1,,,,template_boilerplate|unexpanded_shortcodes|tel_in_content,Template/Boilerplate | Missing SEO Elements | Errors/Placeholders,Template/Boilerplate,"هيكل H2 مكرر على 1 مقالة، ونسبة الجمل المكررة 35%. شورت كود كيان غير مُفسَّر (أقسام ناقصة في HTML): [post_call], [post_features], [post_prices], [post_services], [post_steps]. ما زال هناك رابط اتصال هاتفي tel: داخل المحتوى."
693,post,شركة كشف تسربات الغاز في مسقط,https://rukn-eltatawer.com/om/gas-leak-detection-muscat/,gas-leak-detection-muscat,gas-leak-detection,muscat,2463,1656,0.328,0,20,13,1,,,,unexpanded_shortcodes|tel_in_content,Missing SEO Elements | Errors/Placeholders,Missing SEO Elements,"شورت كود كيان غير مُفسَّر (أقسام ناقصة في HTML): [post_call], [post_features], [post_prices], [post_services], [post_steps]. ما زال هناك رابط اتصال هاتفي tel: داخل المحتوى."
708,post,شركة كشف تسربات التكييف في البريمي,https://rukn-eltatawer.com/om/ac-leak-detection-al-buraimi/,ac-leak-detection-al-buraimi,ac-leak-detection,al-buraimi,2338,1517,0.351,0,20,13,1,,,,template_boilerplate|unexpanded_shortcodes|tel_in_content,Template/Boilerplate | Missing SEO Elements | Errors/Placeholders,Template/Boilerplate,"هيكل H2 مكرر على 1 مقالة، ونسبة الجمل المكررة 35%. شورت كود كيان غير مُفسَّر (أقسام ناقصة في HTML): [post_call], [post_features], [post_prices], [post_services], [post_steps]. ما زال هناك رابط اتصال هاتفي tel: داخل المحتوى."
706,post,شركة كشف تسربات التكييف في عبري,https://rukn-eltatawer.com/om/ac-leak-detection-ibri/,ac-leak-detection-ibri,ac-leak-detection,ibri,2312,1483,0.359,0,20,13,1,,,,template_boilerplate|unexpanded_shortcodes|tel_in_content,Template/Boilerplate | Missing SEO Elements | Errors/Placeholders,Template/Boilerplate,"هيكل H2 مكرر على 1 مقالة، ونسبة الجمل المكررة 36%. شورت كود كيان غير مُفسَّر (أقسام ناقصة في HTML): [post_call], [post_features], [post_prices], [post_services], [post_steps]. ما زال هناك رابط اتصال هاتفي tel: داخل المحتوى."
707,post,شركة كشف تسربات التكييف في الرستاق,https://rukn-eltatawer.com/om/ac-leak-detection-rustaq/,ac-leak-detection-rustaq,ac-leak-detection,rustaq,2312,1461,0.368,0,20,13,1,,,,template_boilerplate|unexpanded_shortcodes|tel_in_content,Template/Boilerplate | Missing SEO Elements | Errors/Placeholders,Template/Boilerplate,"هيكل H2 مكرر على 1 مقالة، ونسبة الجمل المكررة 37%. شورت كود كيان غير مُفسَّر (أقسام ناقصة في HTML): [post_call], [post_features], [post_prices], [post_services], [post_steps]. ما زال هناك رابط اتصال هاتفي tel: داخل المحتوى."
705,post,شركة كشف تسربات التكييف في صور,https://rukn-eltatawer.com/om/ac-leak-detection-sur/,ac-leak-detection-sur,ac-leak-detection,sur,2353,1538,0.346,0,20,13,1,,,,unexpanded_shortcodes|tel_in_content,Missing SEO Elements | Errors/Placeholders,Missing SEO Elements,"شورت كود كيان غير مُفسَّر (أقسام ناقصة في HTML): [post_call], [post_features], [post_prices], [post_services], [post_steps]. ما زال هناك رابط اتصال هاتفي tel: داخل المحتوى."
704,post,شركة كشف تسربات التكييف في نزوى,https://rukn-eltatawer.com/om/ac-leak-detection-nizwa/,ac-leak-detection-nizwa,ac-leak-detection,nizwa,2348,1605,0.316,0,20,13,1,,,,unexpanded_shortcodes|tel_in_content,Missing SEO Elements | Errors/Placeholders,Missing SEO Elements,"شورت كود كيان غير مُفسَّر (أقسام ناقصة في HTML): [post_call], [post_features], [post_prices], [post_services], [post_steps]. ما زال هناك رابط اتصال هاتفي tel: داخل المحتوى."
703,post,شركة كشف تسربات التكييف في صحار,https://rukn-eltatawer.com/om/ac-leak-detection-sohar/,ac-leak-detection-sohar,ac-leak-detection,sohar,2350,1540,0.345,0,20,13,1,,,,unexpanded_shortcodes|tel_in_content,Missing SEO Elements | Errors/Placeholders,Missing SEO Elements,"شورت كود كيان غير مُفسَّر (أقسام ناقصة في HTML): [post_call], [post_features], [post_prices], [post_services], [post_steps]. ما زال هناك رابط اتصال هاتفي tel: داخل المحتوى."
702,post,شركة كشف تسربات التكييف في صلالة,https://rukn-eltatawer.com/om/ac-leak-detection-salalah/,ac-leak-detection-salalah,ac-leak-detection,salalah,2407,1604,0.334,0,20,13,1,,,,unexpanded_shortcodes|tel_in_content,Missing SEO Elements | Errors/Placeholders,Missing SEO Elements,"شورت كود كيان غير مُفسَّر (أقسام ناقصة في HTML): [post_call], [post_features], [post_prices], [post_services], [post_steps]. ما زال هناك رابط اتصال هاتفي tel: داخل المحتوى."
701,post,شركة كشف تسربات التكييف في مسقط,https://rukn-eltatawer.com/om/ac-leak-detection-muscat/,ac-leak-detection-muscat,ac-leak-detection,muscat,2451,1473,0.399,0,20,13,1,,,,template_boilerplate|unexpanded_shortcodes|tel_in_content,Template/Boilerplate | Missing SEO Elements | Errors/Placeholders,Template/Boilerplate,"هيكل H2 مكرر على 1 مقالة، ونسبة الجمل المكررة 40%. شورت كود كيان غير مُفسَّر (أقسام ناقصة في HTML): [post_call], [post_features], [post_prices], [post_services], [post_steps]. ما زال هناك رابط اتصال هاتفي tel: داخل المحتوى."
1788,post,شركة كشف تسريبات مواسير مياه في البريمي,https://rukn-eltatawer.com/om/water-pipe-leak-detection-al-buraimi/,water-pipe-leak-detection-al-buraimi,water-pipe-leak-detection,al-buraimi,2344,1539,0.343,0,20,13,1,,,,unexpanded_shortcodes|tel_in_content,Missing SEO Elements | Errors/Placeholders,Missing SEO Elements,"شورت كود كيان غير مُفسَّر (أقسام ناقصة في HTML): [post_call], [post_features], [post_prices], [post_services], [post_steps]. ما زال هناك رابط اتصال هاتفي tel: داخل المحتوى."
1786,post,شركة كشف تسريبات مواسير مياه في عبري,https://rukn-eltatawer.com/om/water-pipe-leak-detection-ibri/,water-pipe-leak-detection-ibri,water-pipe-leak-detection,ibri,2366,1564,0.339,0,20,13,1,,,,unexpanded_shortcodes|tel_in_content,Missing SEO Elements | Errors/Placeholders,Missing SEO Elements,"شورت كود كيان غير مُفسَّر (أقسام ناقصة في HTML): [post_call], [post_features], [post_prices], [post_services], [post_steps]. ما زال هناك رابط اتصال هاتفي tel: داخل المحتوى."
1787,post,شركة كشف تسريبات مواسير مياه في الرستاق,https://rukn-eltatawer.com/om/water-pipe-leak-detection-rustaq/,water-pipe-leak-detection-rustaq,water-pipe-leak-detection,rustaq,2349,1613,0.313,0,20,13,1,,,,unexpanded_shortcodes|tel_in_content,Missing SEO Elements | Errors/Placeholders,Missing SEO Elements,"شورت كود كيان غير مُفسَّر (أقسام ناقصة في HTML): [post_call], [post_features], [post_prices], [post_services], [post_steps]. ما زال هناك رابط اتصال هاتفي tel: داخل المحتوى."
1785,post,شركة كشف تسريبات مواسير مياه في صور,https://rukn-eltatawer.com/om/water-pipe-leak-detection-sur/,water-pipe-leak-detection-sur,water-pipe-leak-detection,sur,2394,1634,0.317,0,20,13,1,,,,unexpanded_shortcodes|tel_in_content,Missing SEO Elements | Errors/Placeholders,Missing SEO Elements,"شورت كود كيان غير مُفسَّر (أقسام ناقصة في HTML): [post_call], [post_features], [post_prices], [post_services], [post_steps]. ما زال هناك رابط اتصال هاتفي tel: داخل المحتوى."
1784,post,شركة كشف تسريبات مواسير مياه في نزوى,https://rukn-eltatawer.com/om/water-pipe-leak-detection-nizwa/,water-pipe-leak-detection-nizwa,water-pipe-leak-detection,nizwa,2368,1434,0.394,0,20,13,1,,,,template_boilerplate|unexpanded_shortcodes|tel_in_content,Template/Boilerplate | Missing SEO Elements | Errors/Placeholders,Template/Boilerplate,"هيكل H2 مكرر على 1 مقالة، ونسبة الجمل المكررة 39%. شورت كود كيان غير مُفسَّر (أقسام ناقصة في HTML): [post_call], [post_features], [post_prices], [post_services], [post_steps]. ما زال هناك رابط اتصال هاتفي tel: داخل المحتوى."
1783,post,شركة كشف تسريبات مواسير مياه في صحار,https://rukn-eltatawer.com/om/water-pipe-leak-detection-sohar/,water-pipe-leak-detection-sohar,water-pipe-leak-detection,sohar,2442,1637,0.33,0,20,13,1,,,,unexpanded_shortcodes|tel_in_content,Missing SEO Elements | Errors/Placeholders,Missing SEO Elements,"شورت كود كيان غير مُفسَّر (أقسام ناقصة في HTML): [post_call], [post_features], [post_prices], [post_services], [post_steps]. ما زال هناك رابط اتصال هاتفي tel: داخل المحتوى."
1782,post,شركة كشف تسريبات مواسير مياه في صلالة,https://rukn-eltatawer.com/om/water-pipe-leak-detection-salalah/,water-pipe-leak-detection-salalah,water-pipe-leak-detection,salalah,2408,1661,0.31,0,20,13,1,,,,unexpanded_shortcodes|tel_in_content,Missing SEO Elements | Errors/Placeholders,Missing SEO Elements,"شورت كود كيان غير مُفسَّر (أقسام ناقصة في HTML): [post_call], [post_features], [post_prices], [post_services], [post_steps]. ما زال هناك رابط اتصال هاتفي tel: داخل المحتوى."
1781,post,شركة كشف تسريبات مواسير مياه في مسقط,https://rukn-eltatawer.com/om/water-pipe-leak-detection-muscat/,water-pipe-leak-detection-muscat,water-pipe-leak-detection,muscat,2506,1712,0.317,0,20,13,1,,,,unexpanded_shortcodes|tel_in_content,Missing SEO Elements | Errors/Placeholders,Missing SEO Elements,"شورت كود كيان غير مُفسَّر (أقسام ناقصة في HTML): [post_call], [post_features], [post_prices], [post_services], [post_steps]. ما زال هناك رابط اتصال هاتفي tel: داخل المحتوى."
692,post,شركة كشف تسربات المياه في البريمي,https://rukn-eltatawer.com/om/water-leak-detection-al-buraimi/,water-leak-detection-al-buraimi,water-leak-detection,al-buraimi,2370,1553,0.345,0,20,13,1,,,,unexpanded_shortcodes|tel_in_content,Missing SEO Elements | Errors/Placeholders,Missing SEO Elements,"شورت كود كيان غير مُفسَّر (أقسام ناقصة في HTML): [post_call], [post_features], [post_prices], [post_services], [post_steps]. ما زال هناك رابط اتصال هاتفي tel: داخل المحتوى."
690,post,شركة كشف تسربات المياه في عبري,https://rukn-eltatawer.com/om/water-leak-detection-ibri/,water-leak-detection-ibri,water-leak-detection,ibri,2364,1458,0.383,0,20,13,1,,,,template_boilerplate|unexpanded_shortcodes|tel_in_content,Template/Boilerplate | Missing SEO Elements | Errors/Placeholders,Template/Boilerplate,"هيكل H2 مكرر على 1 مقالة، ونسبة الجمل المكررة 38%. شورت كود كيان غير مُفسَّر (أقسام ناقصة في HTML): [post_call], [post_features], [post_prices], [post_services], [post_steps]. ما زال هناك رابط اتصال هاتفي tel: داخل المحتوى."
691,post,شركة كشف تسربات المياه في الرستاق,https://rukn-eltatawer.com/om/water-leak-detection-rustaq/,water-leak-detection-rustaq,water-leak-detection,rustaq,2361,1558,0.34,0,20,13,1,,,,unexpanded_shortcodes|tel_in_content,Missing SEO Elements | Errors/Placeholders,Missing SEO Elements,"شورت كود كيان غير مُفسَّر (أقسام ناقصة في HTML): [post_call], [post_features], [post_prices], [post_services], [post_steps]. ما زال هناك رابط اتصال هاتفي tel: داخل المحتوى."
689,post,شركة كشف تسربات المياه في صور,https://rukn-eltatawer.com/om/water-leak-detection-sur/,water-leak-detection-sur,water-leak-detection,sur,2375,1570,0.339,0,20,13,1,,,,unexpanded_shortcodes|tel_in_content,Missing SEO Elements | Errors/Placeholders,Missing SEO Elements,"شورت كود كيان غير مُفسَّر (أقسام ناقصة في HTML): [post_call], [post_features], [post_prices], [post_services], [post_steps]. ما زال هناك رابط اتصال هاتفي tel: داخل المحتوى."
688,post,شركة كشف تسربات المياه في نزوى,https://rukn-eltatawer.com/om/water-leak-detection-nizwa/,water-leak-detection-nizwa,water-leak-detection,nizwa,2383,1592,0.332,0,20,13,1,,,,unexpanded_shortcodes|tel_in_content,Missing SEO Elements | Errors/Placeholders,Missing SEO Elements,"شورت كود كيان غير مُفسَّر (أقسام ناقصة في HTML): [post_call], [post_features], [post_prices], [post_services], [post_steps]. ما زال هناك رابط اتصال هاتفي tel: داخل المحتوى."
687,post,شركة كشف تسربات المياه في صحار,https://rukn-eltatawer.com/om/water-leak-detection-sohar/,water-leak-detection-sohar,water-leak-detection,sohar,2360,1619,0.314,0,20,13,1,,,,unexpanded_shortcodes|tel_in_content,Missing SEO Elements | Errors/Placeholders,Missing SEO Elements,"شورت كود كيان غير مُفسَّر (أقسام ناقصة في HTML): [post_call], [post_features], [post_prices], [post_services], [post_steps]. ما زال هناك رابط اتصال هاتفي tel: داخل المحتوى."
686,post,شركة كشف تسربات المياه في صلالة,https://rukn-eltatawer.com/om/water-leak-detection-salalah/,water-leak-detection-salalah,water-leak-detection,salalah,2414,1663,0.311,0,20,13,1,,,,unexpanded_shortcodes|tel_in_content,Missing SEO Elements | Errors/Placeholders,Missing SEO Elements,"شورت كود كيان غير مُفسَّر (أقسام ناقصة في HTML): [post_call], [post_features], [post_prices], [post_services], [post_steps]. ما زال هناك رابط اتصال هاتفي tel: داخل المحتوى."
685,post,شركة كشف تسربات المياه في مسقط,https://rukn-eltatawer.com/om/water-leak-detection-muscat/,water-leak-detection-muscat,water-leak-detection,muscat,2464,1571,0.362,0,20,13,1,,,,template_boilerplate|unexpanded_shortcodes|tel_in_content,Template/Boilerplate | Missing SEO Elements | Errors/Placeholders,Template/Boilerplate,"هيكل H2 مكرر على 1 مقالة، ونسبة الجمل المكررة 36%. شورت كود كيان غير مُفسَّر (أقسام ناقصة في HTML): [post_call], [post_features], [post_prices], [post_services], [post_steps]. ما زال هناك رابط اتصال هاتفي tel: داخل المحتوى."
789,post,شركة ترميم مطابخ في مسقط,https://rukn-eltatawer.com/om/kitchen-renovation-muscat/,kitchen-renovation-muscat,kitchen-renovation,muscat,2293,1348,0.412,0,20,13,1,,,,template_boilerplate|unexpanded_shortcodes|tel_in_content,Template/Boilerplate | Missing SEO Elements | Errors/Placeholders,Template/Boilerplate,"هيكل H2 مكرر على 1 مقالة، ونسبة الجمل المكررة 41%. شورت كود كيان غير مُفسَّر (أقسام ناقصة في HTML): [post_call], [post_features], [post_prices], [post_services], [post_steps]. ما زال هناك رابط اتصال هاتفي tel: داخل المحتوى."
788,post,شركة ترميم حمامات في البريمي,https://rukn-eltatawer.com/om/bathroom-renovation-al-buraimi/,bathroom-renovation-al-buraimi,bathroom-renovation,al-buraimi,2179,1253,0.425,0,20,13,1,https://rukn-eltatawer.com/om/bathroom-renovation-nizwa/,city-variant-template,8,template_boilerplate|duplicate_similar|unexpanded_shortcodes|tel_in_content,Template/Boilerplate | Duplicate/Similar | Missing SEO Elements | Errors/Placeholders,Template/Boilerplate,"هيكل H2 مكرر على 1 مقالة، ونسبة الجمل المكررة 42%. تشابه مرتفع (hamming=8, city-variant-template) مع https://rukn-eltatawer.com/om/bathroom-renovation-nizwa/. شورت كود كيان غير مُفسَّر (أقسام ناقصة في HTML): [post_call], [post_features], [post_prices], [post_services], [post_steps]. ما زال هناك رابط اتصال هاتفي tel: داخل المحتوى."
786,post,شركة ترميم حمامات في عبري,https://rukn-eltatawer.com/om/bathroom-renovation-ibri/,bathroom-renovation-ibri,bathroom-renovation,ibri,2149,1094,0.491,0,20,13,1,,,,template_boilerplate|unexpanded_shortcodes|tel_in_content,Template/Boilerplate | Missing SEO Elements | Errors/Placeholders,Template/Boilerplate,"هيكل H2 مكرر على 1 مقالة، ونسبة الجمل المكررة 49%. شورت كود كيان غير مُفسَّر (أقسام ناقصة في HTML): [post_call], [post_features], [post_prices], [post_services], [post_steps]. ما زال هناك رابط اتصال هاتفي tel: داخل المحتوى."
733,post,شركة عزل مطابخ في مسقط,https://rukn-eltatawer.com/om/kitchen-insulation-muscat/,kitchen-insulation-muscat,kitchen-insulation,muscat,2366,1514,0.36,0,20,13,1,,,,template_boilerplate|unexpanded_shortcodes|tel_in_content,Template/Boilerplate | Missing SEO Elements | Errors/Placeholders,Template/Boilerplate,"هيكل H2 مكرر على 1 مقالة، ونسبة الجمل المكررة 36%. شورت كود كيان غير مُفسَّر (أقسام ناقصة في HTML): [post_call], [post_features], [post_prices], [post_services], [post_steps]. ما زال هناك رابط اتصال هاتفي tel: داخل المحتوى."
787,post,شركة ترميم حمامات في الرستاق,https://rukn-eltatawer.com/om/bathroom-renovation-rustaq/,bathroom-renovation-rustaq,bathroom-renovation,rustaq,2174,1145,0.473,0,20,13,1,,,,template_boilerplate|unexpanded_shortcodes|tel_in_content,Template/Boilerplate | Missing SEO Elements | Errors/Placeholders,Template/Boilerplate,"هيكل H2 مكرر على 1 مقالة، ونسبة الجمل المكررة 47%. شورت كود كيان غير مُفسَّر (أقسام ناقصة في HTML): [post_call], [post_features], [post_prices], [post_services], [post_steps]. ما زال هناك رابط اتصال هاتفي tel: داخل المحتوى."
785,post,شركة ترميم حمامات في صور,https://rukn-eltatawer.com/om/bathroom-renovation-sur/,bathroom-renovation-sur,bathroom-renovation,sur,2169,1159,0.466,0,20,13,1,,,,template_boilerplate|unexpanded_shortcodes|tel_in_content,Template/Boilerplate | Missing SEO Elements | Errors/Placeholders,Template/Boilerplate,"هيكل H2 مكرر على 1 مقالة، ونسبة الجمل المكررة 47%. شورت كود كيان غير مُفسَّر (أقسام ناقصة في HTML): [post_call], [post_features], [post_prices], [post_services], [post_steps]. ما زال هناك رابط اتصال هاتفي tel: داخل المحتوى."
784,post,شركة ترميم حمامات في نزوى,https://rukn-eltatawer.com/om/bathroom-renovation-nizwa/,bathroom-renovation-nizwa,bathroom-renovation,nizwa,2191,1200,0.452,0,20,13,1,https://rukn-eltatawer.com/om/bathroom-renovation-al-buraimi/,city-variant-template,8,template_boilerplate|duplicate_similar|unexpanded_shortcodes|tel_in_content,Template/Boilerplate | Duplicate/Similar | Missing SEO Elements | Errors/Placeholders,Template/Boilerplate,"هيكل H2 مكرر على 1 مقالة، ونسبة الجمل المكررة 45%. تشابه مرتفع (hamming=8, city-variant-template) مع https://rukn-eltatawer.com/om/bathroom-renovation-al-buraimi/. شورت كود كيان غير مُفسَّر (أقسام ناقصة في HTML): [post_call], [post_features], [post_prices], [post_services], [post_steps]. ما زال هناك رابط اتصال هاتفي tel: داخل المحتوى."
783,post,شركة ترميم حمامات في صحار,https://rukn-eltatawer.com/om/bathroom-renovation-sohar/,bathroom-renovation-sohar,bathroom-renovation,sohar,2158,1199,0.444,0,20,13,1,,,,template_boilerplate|unexpanded_shortcodes|tel_in_content,Template/Boilerplate | Missing SEO Elements | Errors/Placeholders,Template/Boilerplate,"هيكل H2 مكرر على 1 مقالة، ونسبة الجمل المكررة 44%. شورت كود كيان غير مُفسَّر (أقسام ناقصة في HTML): [post_call], [post_features], [post_prices], [post_services], [post_steps]. ما زال هناك رابط اتصال هاتفي tel: داخل المحتوى."
782,post,شركة ترميم حمامات في صلالة,https://rukn-eltatawer.com/om/bathroom-renovation-salalah/,bathroom-renovation-salalah,bathroom-renovation,salalah,2209,1267,0.426,0,20,13,1,,,,template_boilerplate|unexpanded_shortcodes|tel_in_content,Template/Boilerplate | Missing SEO Elements | Errors/Placeholders,Template/Boilerplate,"هيكل H2 مكرر على 1 مقالة، ونسبة الجمل المكررة 43%. شورت كود كيان غير مُفسَّر (أقسام ناقصة في HTML): [post_call], [post_features], [post_prices], [post_services], [post_steps]. ما زال هناك رابط اتصال هاتفي tel: داخل المحتوى."
732,post,شركة عزل حمامات في البريمي,https://rukn-eltatawer.com/om/bathroom-insulation-al-buraimi/,bathroom-insulation-al-buraimi,bathroom-insulation,al-buraimi,2233,1406,0.37,0,20,13,1,,,,template_boilerplate|unexpanded_shortcodes|tel_in_content,Template/Boilerplate | Missing SEO Elements | Errors/Placeholders,Template/Boilerplate,"هيكل H2 مكرر على 1 مقالة، ونسبة الجمل المكررة 37%. شورت كود كيان غير مُفسَّر (أقسام ناقصة في HTML): [post_call], [post_features], [post_prices], [post_services], [post_steps]. ما زال هناك رابط اتصال هاتفي tel: داخل المحتوى."
781,post,شركة ترميم حمامات في مسقط,https://rukn-eltatawer.com/om/bathroom-renovation-muscat/,bathroom-renovation-muscat,bathroom-renovation,muscat,2313,1288,0.443,0,20,13,1,,,,template_boilerplate|unexpanded_shortcodes|tel_in_content,Template/Boilerplate | Missing SEO Elements | Errors/Placeholders,Template/Boilerplate,"هيكل H2 مكرر على 1 مقالة، ونسبة الجمل المكررة 44%. شورت كود كيان غير مُفسَّر (أقسام ناقصة في HTML): [post_call], [post_features], [post_prices], [post_services], [post_steps]. ما زال هناك رابط اتصال هاتفي tel: داخل المحتوى."
1324,post,شركة مكافحة الحشرات الطائرة في البريمي,https://rukn-eltatawer.com/om/flying-pest-control-al-buraimi/,flying-pest-control-al-buraimi,flying-pest-control,al-buraimi,2218,1428,0.356,0,20,13,1,,,,template_boilerplate|unexpanded_shortcodes|tel_in_content,Template/Boilerplate | Missing SEO Elements | Errors/Placeholders,Template/Boilerplate,"هيكل H2 مكرر على 1 مقالة، ونسبة الجمل المكررة 36%. شورت كود كيان غير مُفسَّر (أقسام ناقصة في HTML): [post_call], [post_features], [post_prices], [post_services], [post_steps]. ما زال هناك رابط اتصال هاتفي tel: داخل المحتوى."
1322,post,شركة مكافحة الحشرات الطائرة في عبري,https://rukn-eltatawer.com/om/flying-pest-control-ibri/,flying-pest-control-ibri,flying-pest-control,ibri,2228,1386,0.378,0,20,13,1,,,,template_boilerplate|unexpanded_shortcodes|tel_in_content,Template/Boilerplate | Missing SEO Elements | Errors/Placeholders,Template/Boilerplate,"هيكل H2 مكرر على 1 مقالة، ونسبة الجمل المكررة 38%. شورت كود كيان غير مُفسَّر (أقسام ناقصة في HTML): [post_call], [post_features], [post_prices], [post_services], [post_steps]. ما زال هناك رابط اتصال هاتفي tel: داخل المحتوى."
1323,post,شركة مكافحة الحشرات الطائرة في الرستاق,https://rukn-eltatawer.com/om/flying-pest-control-rustaq/,flying-pest-control-rustaq,flying-pest-control,rustaq,2248,1474,0.344,0,20,13,1,,,,unexpanded_shortcodes|tel_in_content,Missing SEO Elements | Errors/Placeholders,Missing SEO Elements,"شورت كود كيان غير مُفسَّر (أقسام ناقصة في HTML): [post_call], [post_features], [post_prices], [post_services], [post_steps]. ما زال هناك رابط اتصال هاتفي tel: داخل المحتوى."
1321,post,شركة مكافحة الحشرات الطائرة في صور,https://rukn-eltatawer.com/om/flying-pest-control-sur/,flying-pest-control-sur,flying-pest-control,sur,2190,1431,0.347,0,20,13,1,,,,unexpanded_shortcodes|tel_in_content,Missing SEO Elements | Errors/Placeholders,Missing SEO Elements,"شورت كود كيان غير مُفسَّر (أقسام ناقصة في HTML): [post_call], [post_features], [post_prices], [post_services], [post_steps]. ما زال هناك رابط اتصال هاتفي tel: داخل المحتوى."
730,post,شركة عزل حمامات في عبري,https://rukn-eltatawer.com/om/bathroom-insulation-ibri/,bathroom-insulation-ibri,bathroom-insulation,ibri,2220,1399,0.37,0,20,13,1,https://rukn-eltatawer.com/om/bathroom-insulation-rustaq/,city-variant-template,4,template_boilerplate|duplicate_similar|unexpanded_shortcodes|tel_in_content,Template/Boilerplate | Duplicate/Similar | Missing SEO Elements | Errors/Placeholders,Template/Boilerplate,"هيكل H2 مكرر على 1 مقالة، ونسبة الجمل المكررة 37%. تشابه مرتفع (hamming=4, city-variant-template) مع https://rukn-eltatawer.com/om/bathroom-insulation-rustaq/. شورت كود كيان غير مُفسَّر (أقسام ناقصة في HTML): [post_call], [post_features], [post_prices], [post_services], [post_steps]. ما زال هناك رابط اتصال هاتفي tel: داخل المحتوى."
1320,post,شركة مكافحة الحشرات الطائرة في نزوى,https://rukn-eltatawer.com/om/flying-pest-control-nizwa/,flying-pest-control-nizwa,flying-pest-control,nizwa,2243,1425,0.365,0,20,13,1,,,,template_boilerplate|unexpanded_shortcodes|tel_in_content,Template/Boilerplate | Missing SEO Elements | Errors/Placeholders,Template/Boilerplate,"هيكل H2 مكرر على 1 مقالة، ونسبة الجمل المكررة 36%. شورت كود كيان غير مُفسَّر (أقسام ناقصة في HTML): [post_call], [post_features], [post_prices], [post_services], [post_steps]. ما زال هناك رابط اتصال هاتفي tel: داخل المحتوى."
1319,post,شركة مكافحة الحشرات الطائرة في صحار,https://rukn-eltatawer.com/om/flying-pest-control-sohar/,flying-pest-control-sohar,flying-pest-control,sohar,2233,1392,0.377,0,20,13,1,,,,template_boilerplate|unexpanded_shortcodes|tel_in_content,Template/Boilerplate | Missing SEO Elements | Errors/Placeholders,Template/Boilerplate,"هيكل H2 مكرر على 1 مقالة، ونسبة الجمل المكررة 38%. شورت كود كيان غير مُفسَّر (أقسام ناقصة في HTML): [post_call], [post_features], [post_prices], [post_services], [post_steps]. ما زال هناك رابط اتصال هاتفي tel: داخل المحتوى."
1318,post,شركة مكافحة الحشرات الطائرة في صلالة,https://rukn-eltatawer.com/om/flying-pest-control-salalah/,flying-pest-control-salalah,flying-pest-control,salalah,2241,1475,0.342,0,20,13,1,,,,unexpanded_shortcodes|tel_in_content,Missing SEO Elements | Errors/Placeholders,Missing SEO Elements,"شورت كود كيان غير مُفسَّر (أقسام ناقصة في HTML): [post_call], [post_features], [post_prices], [post_services], [post_steps]. ما زال هناك رابط اتصال هاتفي tel: داخل المحتوى."
1317,post,شركة مكافحة الحشرات الطائرة في مسقط,https://rukn-eltatawer.com/om/flying-pest-control-muscat/,flying-pest-control-muscat,flying-pest-control,muscat,2338,1457,0.377,0,20,13,1,,,,template_boilerplate|unexpanded_shortcodes|tel_in_content,Template/Boilerplate | Missing SEO Elements | Errors/Placeholders,Template/Boilerplate,"هيكل H2 مكرر على 1 مقالة، ونسبة الجمل المكررة 38%. شورت كود كيان غير مُفسَّر (أقسام ناقصة في HTML): [post_call], [post_features], [post_prices], [post_services], [post_steps]. ما زال هناك رابط اتصال هاتفي tel: داخل المحتوى."
1316,post,شركة مكافحة الحشرات الزاحفة في البريمي,https://rukn-eltatawer.com/om/crawling-pest-control-al-buraimi/,crawling-pest-control-al-buraimi,crawling-pest-control,al-buraimi,2225,1280,0.425,0,20,13,1,,,,template_boilerplate|unexpanded_shortcodes|tel_in_content,Template/Boilerplate | Missing SEO Elements | Errors/Placeholders,Template/Boilerplate,"هيكل H2 مكرر على 1 مقالة، ونسبة الجمل المكررة 42%. شورت كود كيان غير مُفسَّر (أقسام ناقصة في HTML): [post_call], [post_features], [post_prices], [post_services], [post_steps]. ما زال هناك رابط اتصال هاتفي tel: داخل المحتوى."
731,post,شركة عزل حمامات في الرستاق,https://rukn-eltatawer.com/om/bathroom-insulation-rustaq/,bathroom-insulation-rustaq,bathroom-insulation,rustaq,2238,1398,0.375,0,20,13,1,https://rukn-eltatawer.com/om/bathroom-insulation-ibri/,city-variant-template,4,template_boilerplate|duplicate_similar|unexpanded_shortcodes|tel_in_content,Template/Boilerplate | Duplicate/Similar | Missing SEO Elements | Errors/Placeholders,Template/Boilerplate,"هيكل H2 مكرر على 1 مقالة، ونسبة الجمل المكررة 38%. تشابه مرتفع (hamming=4, city-variant-template) مع https://rukn-eltatawer.com/om/bathroom-insulation-ibri/. شورت كود كيان غير مُفسَّر (أقسام ناقصة في HTML): [post_call], [post_features], [post_prices], [post_services], [post_steps]. ما زال هناك رابط اتصال هاتفي tel: داخل المحتوى."
1314,post,شركة مكافحة الحشرات الزاحفة في عبري,https://rukn-eltatawer.com/om/crawling-pest-control-ibri/,crawling-pest-control-ibri,crawling-pest-control,ibri,2255,1358,0.398,0,20,13,1,,,,template_boilerplate|unexpanded_shortcodes|tel_in_content,Template/Boilerplate | Missing SEO Elements | Errors/Placeholders,Template/Boilerplate,"هيكل H2 مكرر على 1 مقالة، ونسبة الجمل المكررة 40%. شورت كود كيان غير مُفسَّر (أقسام ناقصة في HTML): [post_call], [post_features], [post_prices], [post_services], [post_steps]. ما زال هناك رابط اتصال هاتفي tel: داخل المحتوى."
1315,post,شركة مكافحة الحشرات الزاحفة في الرستاق,https://rukn-eltatawer.com/om/crawling-pest-control-rustaq/,crawling-pest-control-rustaq,crawling-pest-control,rustaq,2243,1296,0.422,0,20,13,1,,,,template_boilerplate|unexpanded_shortcodes|tel_in_content|structural_error,Template/Boilerplate | Missing SEO Elements | Errors/Placeholders,Template/Boilerplate,"هيكل H2 مكرر على 1 مقالة، ونسبة الجمل المكررة 42%. شورت كود كيان غير مُفسَّر (أقسام ناقصة في HTML): [post_call], [post_features], [post_prices], [post_services], [post_steps]. ما زال هناك رابط اتصال هاتفي tel: داخل المحتوى. فقرتان متتاليتان متطابقتان."
1313,post,شركة مكافحة الحشرات الزاحفة في صور,https://rukn-eltatawer.com/om/crawling-pest-control-sur/,crawling-pest-control-sur,crawling-pest-control,sur,2243,1328,0.408,0,20,13,1,,,,template_boilerplate|unexpanded_shortcodes|tel_in_content,Template/Boilerplate | Missing SEO Elements | Errors/Placeholders,Template/Boilerplate,"هيكل H2 مكرر على 1 مقالة، ونسبة الجمل المكررة 41%. شورت كود كيان غير مُفسَّر (أقسام ناقصة في HTML): [post_call], [post_features], [post_prices], [post_services], [post_steps]. ما زال هناك رابط اتصال هاتفي tel: داخل المحتوى."
1312,post,شركة مكافحة الحشرات الزاحفة في نزوى,https://rukn-eltatawer.com/om/crawling-pest-control-nizwa/,crawling-pest-control-nizwa,crawling-pest-control,nizwa,2251,1295,0.425,0,20,13,1,,,,template_boilerplate|unexpanded_shortcodes|tel_in_content,Template/Boilerplate | Missing SEO Elements | Errors/Placeholders,Template/Boilerplate,"هيكل H2 مكرر على 1 مقالة، ونسبة الجمل المكررة 42%. شورت كود كيان غير مُفسَّر (أقسام ناقصة في HTML): [post_call], [post_features], [post_prices], [post_services], [post_steps]. ما زال هناك رابط اتصال هاتفي tel: داخل المحتوى."
1311,post,شركة مكافحة الحشرات الزاحفة في صحار,https://rukn-eltatawer.com/om/crawling-pest-control-sohar/,crawling-pest-control-sohar,crawling-pest-control,sohar,2225,1450,0.348,0,20,13,1,,,,unexpanded_shortcodes|tel_in_content|structural_error,Missing SEO Elements | Errors/Placeholders,Missing SEO Elements,"شورت كود كيان غير مُفسَّر (أقسام ناقصة في HTML): [post_call], [post_features], [post_prices], [post_services], [post_steps]. ما زال هناك رابط اتصال هاتفي tel: داخل المحتوى. فقرتان متتاليتان متطابقتان."
1310,post,شركة مكافحة الحشرات الزاحفة في صلالة,https://rukn-eltatawer.com/om/crawling-pest-control-salalah/,crawling-pest-control-salalah,crawling-pest-control,salalah,2285,1341,0.413,0,20,13,1,,,,template_boilerplate|unexpanded_shortcodes|tel_in_content,Template/Boilerplate | Missing SEO Elements | Errors/Placeholders,Template/Boilerplate,"هيكل H2 مكرر على 1 مقالة، ونسبة الجمل المكررة 41%. شورت كود كيان غير مُفسَّر (أقسام ناقصة في HTML): [post_call], [post_features], [post_prices], [post_services], [post_steps]. ما زال هناك رابط اتصال هاتفي tel: داخل المحتوى."
729,post,شركة عزل حمامات في صور,https://rukn-eltatawer.com/om/bathroom-insulation-sur/,bathroom-insulation-sur,bathroom-insulation,sur,2256,1432,0.365,0,20,13,1,https://rukn-eltatawer.com/om/waterproofing-sur/,cross-service-duplicate,7,template_boilerplate|duplicate_similar|unexpanded_shortcodes|tel_in_content,Template/Boilerplate | Duplicate/Similar | Missing SEO Elements | Errors/Placeholders,Template/Boilerplate,"هيكل H2 مكرر على 1 مقالة، ونسبة الجمل المكررة 36%. تشابه مرتفع (hamming=7, cross-service-duplicate) مع https://rukn-eltatawer.com/om/waterproofing-sur/. شورت كود كيان غير مُفسَّر (أقسام ناقصة في HTML): [post_call], [post_features], [post_prices], [post_services], [post_steps]. ما زال هناك رابط اتصال هاتفي tel: داخل المحتوى."
1309,post,شركة مكافحة الحشرات الزاحفة في مسقط,https://rukn-eltatawer.com/om/crawling-pest-control-muscat/,crawling-pest-control-muscat,crawling-pest-control,muscat,2390,1548,0.352,0,20,13,1,,,,template_boilerplate|unexpanded_shortcodes|tel_in_content,Template/Boilerplate | Missing SEO Elements | Errors/Placeholders,Template/Boilerplate,"هيكل H2 مكرر على 1 مقالة، ونسبة الجمل المكررة 35%. شورت كود كيان غير مُفسَّر (أقسام ناقصة في HTML): [post_call], [post_features], [post_prices], [post_services], [post_steps]. ما زال هناك رابط اتصال هاتفي tel: داخل المحتوى."
1412,post,شركة مكافحة البعوض والذباب في البريمي,https://rukn-eltatawer.com/om/mosquito-fly-control-al-buraimi/,mosquito-fly-control-al-buraimi,mosquito-fly-control,al-buraimi,2244,1435,0.361,0,20,13,1,,,,template_boilerplate|unexpanded_shortcodes|tel_in_content,Template/Boilerplate | Missing SEO Elements | Errors/Placeholders,Template/Boilerplate,"هيكل H2 مكرر على 1 مقالة، ونسبة الجمل المكررة 36%. شورت كود كيان غير مُفسَّر (أقسام ناقصة في HTML): [post_call], [post_features], [post_prices], [post_services], [post_steps]. ما زال هناك رابط اتصال هاتفي tel: داخل المحتوى."
1410,post,شركة مكافحة البعوض والذباب في عبري,https://rukn-eltatawer.com/om/mosquito-fly-control-ibri/,mosquito-fly-control-ibri,mosquito-fly-control,ibri,2198,1381,0.372,0,20,13,1,,,,template_boilerplate|unexpanded_shortcodes|tel_in_content,Template/Boilerplate | Missing SEO Elements | Errors/Placeholders,Template/Boilerplate,"هيكل H2 مكرر على 1 مقالة، ونسبة الجمل المكررة 37%. شورت كود كيان غير مُفسَّر (أقسام ناقصة في HTML): [post_call], [post_features], [post_prices], [post_services], [post_steps]. ما زال هناك رابط اتصال هاتفي tel: داخل المحتوى."
1411,post,شركة مكافحة البعوض والذباب في الرستاق,https://rukn-eltatawer.com/om/mosquito-fly-control-rustaq/,mosquito-fly-control-rustaq,mosquito-fly-control,rustaq,2245,1357,0.396,0,20,13,1,,,,template_boilerplate|unexpanded_shortcodes|tel_in_content,Template/Boilerplate | Missing SEO Elements | Errors/Placeholders,Template/Boilerplate,"هيكل H2 مكرر على 1 مقالة، ونسبة الجمل المكررة 40%. شورت كود كيان غير مُفسَّر (أقسام ناقصة في HTML): [post_call], [post_features], [post_prices], [post_services], [post_steps]. ما زال هناك رابط اتصال هاتفي tel: داخل المحتوى."
1409,post,شركة مكافحة البعوض والذباب في صور,https://rukn-eltatawer.com/om/mosquito-fly-control-sur/,mosquito-fly-control-sur,mosquito-fly-control,sur,2226,1439,0.354,0,20,13,1,,,,template_boilerplate|unexpanded_shortcodes|tel_in_content,Template/Boilerplate | Missing SEO Elements | Errors/Placeholders,Template/Boilerplate,"هيكل H2 مكرر على 1 مقالة، ونسبة الجمل المكررة 35%. شورت كود كيان غير مُفسَّر (أقسام ناقصة في HTML): [post_call], [post_features], [post_prices], [post_services], [post_steps]. ما زال هناك رابط اتصال هاتفي tel: داخل المحتوى."
728,post,شركة عزل حمامات في نزوى,https://rukn-eltatawer.com/om/bathroom-insulation-nizwa/,bathroom-insulation-nizwa,bathroom-insulation,nizwa,2255,1455,0.355,0,20,13,1,,,,template_boilerplate|unexpanded_shortcodes|tel_in_content,Template/Boilerplate | Missing SEO Elements | Errors/Placeholders,Template/Boilerplate,"هيكل H2 مكرر على 1 مقالة، ونسبة الجمل المكررة 36%. شورت كود كيان غير مُفسَّر (أقسام ناقصة في HTML): [post_call], [post_features], [post_prices], [post_services], [post_steps]. ما زال هناك رابط اتصال هاتفي tel: داخل المحتوى."
1408,post,شركة مكافحة البعوض والذباب في نزوى,https://rukn-eltatawer.com/om/mosquito-fly-control-nizwa/,mosquito-fly-control-nizwa,mosquito-fly-control,nizwa,2255,1478,0.345,0,20,13,1,,,,unexpanded_shortcodes|tel_in_content,Missing SEO Elements | Errors/Placeholders,Missing SEO Elements,"شورت كود كيان غير مُفسَّر (أقسام ناقصة في HTML): [post_call], [post_features], [post_prices], [post_services], [post_steps]. ما زال هناك رابط اتصال هاتفي tel: داخل المحتوى."
1407,post,شركة مكافحة البعوض والذباب في صحار,https://rukn-eltatawer.com/om/mosquito-fly-control-sohar/,mosquito-fly-control-sohar,mosquito-fly-control,sohar,2237,1269,0.433,0,20,13,1,,,,template_boilerplate|unexpanded_shortcodes|tel_in_content,Template/Boilerplate | Missing SEO Elements | Errors/Placeholders,Template/Boilerplate,"هيكل H2 مكرر على 1 مقالة، ونسبة الجمل المكررة 43%. شورت كود كيان غير مُفسَّر (أقسام ناقصة في HTML): [post_call], [post_features], [post_prices], [post_services], [post_steps]. ما زال هناك رابط اتصال هاتفي tel: داخل المحتوى."
1406,post,شركة مكافحة البعوض والذباب في صلالة,https://rukn-eltatawer.com/om/mosquito-fly-control-salalah/,mosquito-fly-control-salalah,mosquito-fly-control,salalah,2305,1474,0.361,0,20,13,1,,,,template_boilerplate|unexpanded_shortcodes|tel_in_content|structural_error,Template/Boilerplate | Missing SEO Elements | Errors/Placeholders,Template/Boilerplate,"هيكل H2 مكرر على 1 مقالة، ونسبة الجمل المكررة 36%. شورت كود كيان غير مُفسَّر (أقسام ناقصة في HTML): [post_call], [post_features], [post_prices], [post_services], [post_steps]. ما زال هناك رابط اتصال هاتفي tel: داخل المحتوى. فقرتان متتاليتان متطابقتان."
1405,post,شركة مكافحة البعوض والذباب في مسقط,https://rukn-eltatawer.com/om/mosquito-fly-control-muscat/,mosquito-fly-control-muscat,mosquito-fly-control,muscat,2382,1543,0.352,0,20,13,1,,,,template_boilerplate|unexpanded_shortcodes|tel_in_content,Template/Boilerplate | Missing SEO Elements | Errors/Placeholders,Template/Boilerplate,"هيكل H2 مكرر على 1 مقالة، ونسبة الجمل المكررة 35%. شورت كود كيان غير مُفسَّر (أقسام ناقصة في HTML): [post_call], [post_features], [post_prices], [post_services], [post_steps]. ما زال هناك رابط اتصال هاتفي tel: داخل المحتوى."
1340,post,شركة مكافحة النمل الأسود والأحمر في البريمي,https://rukn-eltatawer.com/om/ant-control-al-buraimi/,ant-control-al-buraimi,ant-control,al-buraimi,2259,1439,0.363,0,20,13,1,,,,template_boilerplate|unexpanded_shortcodes|tel_in_content,Template/Boilerplate | Missing SEO Elements | Errors/Placeholders,Template/Boilerplate,"هيكل H2 مكرر على 1 مقالة، ونسبة الجمل المكررة 36%. شورت كود كيان غير مُفسَّر (أقسام ناقصة في HTML): [post_call], [post_features], [post_prices], [post_services], [post_steps]. ما زال هناك رابط اتصال هاتفي tel: داخل المحتوى."
727,post,شركة عزل حمامات في صحار,https://rukn-eltatawer.com/om/bathroom-insulation-sohar/,bathroom-insulation-sohar,bathroom-insulation,sohar,2245,1468,0.346,0,20,13,1,,,,unexpanded_shortcodes|tel_in_content,Missing SEO Elements | Errors/Placeholders,Missing SEO Elements,"شورت كود كيان غير مُفسَّر (أقسام ناقصة في HTML): [post_call], [post_features], [post_prices], [post_services], [post_steps]. ما زال هناك رابط اتصال هاتفي tel: داخل المحتوى."
1338,post,شركة مكافحة النمل الأسود والأحمر في عبري,https://rukn-eltatawer.com/om/ant-control-ibri/,ant-control-ibri,ant-control,ibri,2253,1420,0.37,0,20,13,1,,,,template_boilerplate|unexpanded_shortcodes|tel_in_content,Template/Boilerplate | Missing SEO Elements | Errors/Placeholders,Template/Boilerplate,"هيكل H2 مكرر على 1 مقالة، ونسبة الجمل المكررة 37%. شورت كود كيان غير مُفسَّر (أقسام ناقصة في HTML): [post_call], [post_features], [post_prices], [post_services], [post_steps]. ما زال هناك رابط اتصال هاتفي tel: داخل المحتوى."
1339,post,شركة مكافحة النمل الأسود والأحمر في الرستاق,https://rukn-eltatawer.com/om/ant-control-rustaq/,ant-control-rustaq,ant-control,rustaq,2280,1456,0.361,0,20,13,1,,,,template_boilerplate|unexpanded_shortcodes|tel_in_content,Template/Boilerplate | Missing SEO Elements | Errors/Placeholders,Template/Boilerplate,"هيكل H2 مكرر على 1 مقالة، ونسبة الجمل المكررة 36%. شورت كود كيان غير مُفسَّر (أقسام ناقصة في HTML): [post_call], [post_features], [post_prices], [post_services], [post_steps]. ما زال هناك رابط اتصال هاتفي tel: داخل المحتوى."
1337,post,شركة مكافحة النمل الأسود والأحمر في صور,https://rukn-eltatawer.com/om/ant-control-sur/,ant-control-sur,ant-control,sur,2274,1406,0.382,0,20,13,1,,,,template_boilerplate|unexpanded_shortcodes|tel_in_content,Template/Boilerplate | Missing SEO Elements | Errors/Placeholders,Template/Boilerplate,"هيكل H2 مكرر على 1 مقالة، ونسبة الجمل المكررة 38%. شورت كود كيان غير مُفسَّر (أقسام ناقصة في HTML): [post_call], [post_features], [post_prices], [post_services], [post_steps]. ما زال هناك رابط اتصال هاتفي tel: داخل المحتوى."
1336,post,شركة مكافحة النمل الأسود والأحمر في نزوى,https://rukn-eltatawer.com/om/ant-control-nizwa/,ant-control-nizwa,ant-control,nizwa,2287,1478,0.354,0,20,13,1,,,,template_boilerplate|unexpanded_shortcodes|tel_in_content,Template/Boilerplate | Missing SEO Elements | Errors/Placeholders,Template/Boilerplate,"هيكل H2 مكرر على 1 مقالة، ونسبة الجمل المكررة 35%. شورت كود كيان غير مُفسَّر (أقسام ناقصة في HTML): [post_call], [post_features], [post_prices], [post_services], [post_steps]. ما زال هناك رابط اتصال هاتفي tel: داخل المحتوى."
1335,post,شركة مكافحة النمل الأسود والأحمر في صحار,https://rukn-eltatawer.com/om/ant-control-sohar/,ant-control-sohar,ant-control,sohar,2263,1549,0.316,0,20,13,1,,,,unexpanded_shortcodes|tel_in_content,Missing SEO Elements | Errors/Placeholders,Missing SEO Elements,"شورت كود كيان غير مُفسَّر (أقسام ناقصة في HTML): [post_call], [post_features], [post_prices], [post_services], [post_steps]. ما زال هناك رابط اتصال هاتفي tel: داخل المحتوى."
726,post,شركة عزل حمامات في صلالة,https://rukn-eltatawer.com/om/bathroom-insulation-salalah/,bathroom-insulation-salalah,bathroom-insulation,salalah,2294,1527,0.334,0,20,13,1,,,,unexpanded_shortcodes|tel_in_content,Missing SEO Elements | Errors/Placeholders,Missing SEO Elements,"شورت كود كيان غير مُفسَّر (أقسام ناقصة في HTML): [post_call], [post_features], [post_prices], [post_services], [post_steps]. ما زال هناك رابط اتصال هاتفي tel: داخل المحتوى."
1334,post,شركة مكافحة النمل الأسود والأحمر في صلالة,https://rukn-eltatawer.com/om/ant-control-salalah/,ant-control-salalah,ant-control,salalah,2294,1472,0.358,0,20,13,1,,,,template_boilerplate|unexpanded_shortcodes|tel_in_content,Template/Boilerplate | Missing SEO Elements | Errors/Placeholders,Template/Boilerplate,"هيكل H2 مكرر على 1 مقالة، ونسبة الجمل المكررة 36%. شورت كود كيان غير مُفسَّر (أقسام ناقصة في HTML): [post_call], [post_features], [post_prices], [post_services], [post_steps]. ما زال هناك رابط اتصال هاتفي tel: داخل المحتوى."
1333,post,شركة مكافحة النمل الأسود والأحمر في مسقط,https://rukn-eltatawer.com/om/ant-control-muscat/,ant-control-muscat,ant-control,muscat,2413,1532,0.365,0,20,13,1,,,,template_boilerplate|unexpanded_shortcodes|tel_in_content,Template/Boilerplate | Missing SEO Elements | Errors/Placeholders,Template/Boilerplate,"هيكل H2 مكرر على 1 مقالة، ونسبة الجمل المكررة 36%. شورت كود كيان غير مُفسَّر (أقسام ناقصة في HTML): [post_call], [post_features], [post_prices], [post_services], [post_steps]. ما زال هناك رابط اتصال هاتفي tel: داخل المحتوى."
1364,post,شركة مكافحة الفئران والقوارض في البريمي,https://rukn-eltatawer.com/om/rodent-control-al-buraimi/,rodent-control-al-buraimi,rodent-control,al-buraimi,2217,1430,0.355,0,20,13,1,,,,template_boilerplate|unexpanded_shortcodes|tel_in_content,Template/Boilerplate | Missing SEO Elements | Errors/Placeholders,Template/Boilerplate,"هيكل H2 مكرر على 1 مقالة، ونسبة الجمل المكررة 36%. شورت كود كيان غير مُفسَّر (أقسام ناقصة في HTML): [post_call], [post_features], [post_prices], [post_services], [post_steps]. ما زال هناك رابط اتصال هاتفي tel: داخل المحتوى."
1362,post,شركة مكافحة الفئران والقوارض في عبري,https://rukn-eltatawer.com/om/rodent-control-ibri/,rodent-control-ibri,rodent-control,ibri,2222,1391,0.374,0,20,13,1,,,,template_boilerplate|unexpanded_shortcodes|tel_in_content,Template/Boilerplate | Missing SEO Elements | Errors/Placeholders,Template/Boilerplate,"هيكل H2 مكرر على 1 مقالة، ونسبة الجمل المكررة 37%. شورت كود كيان غير مُفسَّر (أقسام ناقصة في HTML): [post_call], [post_features], [post_prices], [post_services], [post_steps]. ما زال هناك رابط اتصال هاتفي tel: داخل المحتوى."
1363,post,شركة مكافحة الفئران والقوارض في الرستاق,https://rukn-eltatawer.com/om/rodent-control-rustaq/,rodent-control-rustaq,rodent-control,rustaq,2227,1404,0.37,0,20,13,1,,,,template_boilerplate|unexpanded_shortcodes|tel_in_content,Template/Boilerplate | Missing SEO Elements | Errors/Placeholders,Template/Boilerplate,"هيكل H2 مكرر على 1 مقالة، ونسبة الجمل المكررة 37%. شورت كود كيان غير مُفسَّر (أقسام ناقصة في HTML): [post_call], [post_features], [post_prices], [post_services], [post_steps]. ما زال هناك رابط اتصال هاتفي tel: داخل المحتوى."
725,post,شركة عزل حمامات في مسقط,https://rukn-eltatawer.com/om/bathroom-insulation-muscat/,bathroom-insulation-muscat,bathroom-insulation,muscat,2330,1407,0.396,0,20,13,1,,,,template_boilerplate|unexpanded_shortcodes|tel_in_content,Template/Boilerplate | Missing SEO Elements | Errors/Placeholders,Template/Boilerplate,"هيكل H2 مكرر على 1 مقالة، ونسبة الجمل المكررة 40%. شورت كود كيان غير مُفسَّر (أقسام ناقصة في HTML): [post_call], [post_features], [post_prices], [post_services], [post_steps]. ما زال هناك رابط اتصال هاتفي tel: داخل المحتوى."
1361,post,شركة مكافحة الفئران والقوارض في صور,https://rukn-eltatawer.com/om/rodent-control-sur/,rodent-control-sur,rodent-control,sur,2258,1412,0.375,0,20,13,1,,,,template_boilerplate|unexpanded_shortcodes|tel_in_content,Template/Boilerplate | Missing SEO Elements | Errors/Placeholders,Template/Boilerplate,"هيكل H2 مكرر على 1 مقالة، ونسبة الجمل المكررة 38%. شورت كود كيان غير مُفسَّر (أقسام ناقصة في HTML): [post_call], [post_features], [post_prices], [post_services], [post_steps]. ما زال هناك رابط اتصال هاتفي tel: داخل المحتوى."
1360,post,شركة مكافحة الفئران والقوارض في نزوى,https://rukn-eltatawer.com/om/rodent-control-nizwa/,rodent-control-nizwa,rodent-control,nizwa,2239,1320,0.41,0,20,13,1,,,,template_boilerplate|unexpanded_shortcodes|tel_in_content,Template/Boilerplate | Missing SEO Elements | Errors/Placeholders,Template/Boilerplate,"هيكل H2 مكرر على 1 مقالة، ونسبة الجمل المكررة 41%. شورت كود كيان غير مُفسَّر (أقسام ناقصة في HTML): [post_call], [post_features], [post_prices], [post_services], [post_steps]. ما زال هناك رابط اتصال هاتفي tel: داخل المحتوى."
1359,post,شركة مكافحة الفئران والقوارض في صحار,https://rukn-eltatawer.com/om/rodent-control-sohar/,rodent-control-sohar,rodent-control,sohar,2221,1344,0.395,0,20,13,1,,,,template_boilerplate|unexpanded_shortcodes|tel_in_content,Template/Boilerplate | Missing SEO Elements | Errors/Placeholders,Template/Boilerplate,"هيكل H2 مكرر على 1 مقالة، ونسبة الجمل المكررة 40%. شورت كود كيان غير مُفسَّر (أقسام ناقصة في HTML): [post_call], [post_features], [post_prices], [post_services], [post_steps]. ما زال هناك رابط اتصال هاتفي tel: داخل المحتوى."
1358,post,شركة مكافحة الفئران والقوارض في صلالة,https://rukn-eltatawer.com/om/rodent-control-salalah/,rodent-control-salalah,rodent-control,salalah,2300,1424,0.381,0,20,13,1,,,,template_boilerplate|unexpanded_shortcodes|tel_in_content,Template/Boilerplate | Missing SEO Elements | Errors/Placeholders,Template/Boilerplate,"هيكل H2 مكرر على 1 مقالة، ونسبة الجمل المكررة 38%. شورت كود كيان غير مُفسَّر (أقسام ناقصة في HTML): [post_call], [post_features], [post_prices], [post_services], [post_steps]. ما زال هناك رابط اتصال هاتفي tel: داخل المحتوى."
1357,post,شركة مكافحة الفئران والقوارض في مسقط,https://rukn-eltatawer.com/om/rodent-control-muscat/,rodent-control-muscat,rodent-control,muscat,2339,1452,0.379,0,20,13,1,,,,template_boilerplate|unexpanded_shortcodes|tel_in_content,Template/Boilerplate | Missing SEO Elements | Errors/Placeholders,Template/Boilerplate,"هيكل H2 مكرر على 1 مقالة، ونسبة الجمل المكررة 38%. شورت كود كيان غير مُفسَّر (أقسام ناقصة في HTML): [post_call], [post_features], [post_prices], [post_services], [post_steps]. ما زال هناك رابط اتصال هاتفي tel: داخل المحتوى."
772,post,شركة معالجة الرطوبة والعفن في البريمي,https://rukn-eltatawer.com/om/humidity-treatment-al-buraimi/,humidity-treatment-al-buraimi,humidity-treatment,al-buraimi,2233,1441,0.355,0,20,13,1,,,,template_boilerplate|unexpanded_shortcodes|tel_in_content,Template/Boilerplate | Missing SEO Elements | Errors/Placeholders,Template/Boilerplate,"هيكل H2 مكرر على 1 مقالة، ونسبة الجمل المكررة 36%. شورت كود كيان غير مُفسَّر (أقسام ناقصة في HTML): [post_call], [post_features], [post_prices], [post_services], [post_steps]. ما زال هناك رابط اتصال هاتفي tel: داخل المحتوى."
1356,post,شركة مكافحة بق الفراش في البريمي,https://rukn-eltatawer.com/om/bed-bug-control-al-buraimi/,bed-bug-control-al-buraimi,bed-bug-control,al-buraimi,2215,1376,0.379,0,20,13,1,,,,template_boilerplate|unexpanded_shortcodes|tel_in_content,Template/Boilerplate | Missing SEO Elements | Errors/Placeholders,Template/Boilerplate,"هيكل H2 مكرر على 1 مقالة، ونسبة الجمل المكررة 38%. شورت كود كيان غير مُفسَّر (أقسام ناقصة في HTML): [post_call], [post_features], [post_prices], [post_services], [post_steps]. ما زال هناك رابط اتصال هاتفي tel: داخل المحتوى."
1354,post,شركة مكافحة بق الفراش في عبري,https://rukn-eltatawer.com/om/bed-bug-control-ibri/,bed-bug-control-ibri,bed-bug-control,ibri,2220,1356,0.389,0,20,13,1,,,,template_boilerplate|unexpanded_shortcodes|tel_in_content,Template/Boilerplate | Missing SEO Elements | Errors/Placeholders,Template/Boilerplate,"هيكل H2 مكرر على 1 مقالة، ونسبة الجمل المكررة 39%. شورت كود كيان غير مُفسَّر (أقسام ناقصة في HTML): [post_call], [post_features], [post_prices], [post_services], [post_steps]. ما زال هناك رابط اتصال هاتفي tel: داخل المحتوى."
1355,post,شركة مكافحة بق الفراش في الرستاق,https://rukn-eltatawer.com/om/bed-bug-control-rustaq/,bed-bug-control-rustaq,bed-bug-control,rustaq,2270,1479,0.348,0,20,13,1,,,,unexpanded_shortcodes|tel_in_content,Missing SEO Elements | Errors/Placeholders,Missing SEO Elements,"شورت كود كيان غير مُفسَّر (أقسام ناقصة في HTML): [post_call], [post_features], [post_prices], [post_services], [post_steps]. ما زال هناك رابط اتصال هاتفي tel: داخل المحتوى."
1353,post,شركة مكافحة بق الفراش في صور,https://rukn-eltatawer.com/om/bed-bug-control-sur/,bed-bug-control-sur,bed-bug-control,sur,2253,1411,0.374,0,20,13,1,,,,template_boilerplate|unexpanded_shortcodes|tel_in_content,Template/Boilerplate | Missing SEO Elements | Errors/Placeholders,Template/Boilerplate,"هيكل H2 مكرر على 1 مقالة، ونسبة الجمل المكررة 37%. شورت كود كيان غير مُفسَّر (أقسام ناقصة في HTML): [post_call], [post_features], [post_prices], [post_services], [post_steps]. ما زال هناك رابط اتصال هاتفي tel: داخل المحتوى."
1352,post,شركة مكافحة بق الفراش في نزوى,https://rukn-eltatawer.com/om/bed-bug-control-nizwa/,bed-bug-control-nizwa,bed-bug-control,nizwa,2274,1484,0.347,0,20,13,1,,,,unexpanded_shortcodes|tel_in_content,Missing SEO Elements | Errors/Placeholders,Missing SEO Elements,"شورت كود كيان غير مُفسَّر (أقسام ناقصة في HTML): [post_call], [post_features], [post_prices], [post_services], [post_steps]. ما زال هناك رابط اتصال هاتفي tel: داخل المحتوى."
770,post,شركة معالجة الرطوبة والعفن في عبري,https://rukn-eltatawer.com/om/humidity-treatment-ibri/,humidity-treatment-ibri,humidity-treatment,ibri,2225,1464,0.342,0,20,13,1,,,,unexpanded_shortcodes|tel_in_content,Missing SEO Elements | Errors/Placeholders,Missing SEO Elements,"شورت كود كيان غير مُفسَّر (أقسام ناقصة في HTML): [post_call], [post_features], [post_prices], [post_services], [post_steps]. ما زال هناك رابط اتصال هاتفي tel: داخل المحتوى."
1351,post,شركة مكافحة بق الفراش في صحار,https://rukn-eltatawer.com/om/bed-bug-control-sohar/,bed-bug-control-sohar,bed-bug-control,sohar,2268,1487,0.344,0,20,13,1,,,,unexpanded_shortcodes|tel_in_content,Missing SEO Elements | Errors/Placeholders,Missing SEO Elements,"شورت كود كيان غير مُفسَّر (أقسام ناقصة في HTML): [post_call], [post_features], [post_prices], [post_services], [post_steps]. ما زال هناك رابط اتصال هاتفي tel: داخل المحتوى."
1350,post,شركة مكافحة بق الفراش في صلالة,https://rukn-eltatawer.com/om/bed-bug-control-salalah/,bed-bug-control-salalah,bed-bug-control,salalah,2319,1373,0.408,0,20,13,1,,,,template_boilerplate|unexpanded_shortcodes|tel_in_content,Template/Boilerplate | Missing SEO Elements | Errors/Placeholders,Template/Boilerplate,"هيكل H2 مكرر على 1 مقالة، ونسبة الجمل المكررة 41%. شورت كود كيان غير مُفسَّر (أقسام ناقصة في HTML): [post_call], [post_features], [post_prices], [post_services], [post_steps]. ما زال هناك رابط اتصال هاتفي tel: داخل المحتوى."
1349,post,شركة مكافحة بق الفراش في مسقط,https://rukn-eltatawer.com/om/bed-bug-control-muscat/,bed-bug-control-muscat,bed-bug-control,muscat,2349,1499,0.362,0,20,13,1,,,,template_boilerplate|unexpanded_shortcodes|tel_in_content,Template/Boilerplate | Missing SEO Elements | Errors/Placeholders,Template/Boilerplate,"هيكل H2 مكرر على 1 مقالة، ونسبة الجمل المكررة 36%. شورت كود كيان غير مُفسَّر (أقسام ناقصة في HTML): [post_call], [post_features], [post_prices], [post_services], [post_steps]. ما زال هناك رابط اتصال هاتفي tel: داخل المحتوى."
1332,post,شركة مكافحة النمل الأبيض (الرمة) في البريمي,https://rukn-eltatawer.com/om/termite-control-al-buraimi/,termite-control-al-buraimi,termite-control,al-buraimi,2270,1505,0.337,0,20,13,1,,,,unexpanded_shortcodes|tel_in_content,Missing SEO Elements | Errors/Placeholders,Missing SEO Elements,"شورت كود كيان غير مُفسَّر (أقسام ناقصة في HTML): [post_call], [post_features], [post_prices], [post_services], [post_steps]. ما زال هناك رابط اتصال هاتفي tel: داخل المحتوى."
1330,post,شركة مكافحة النمل الأبيض (الرمة) في عبري,https://rukn-eltatawer.com/om/termite-control-ibri/,termite-control-ibri,termite-control,ibri,2272,1454,0.36,0,20,13,1,,,,template_boilerplate|unexpanded_shortcodes|tel_in_content,Template/Boilerplate | Missing SEO Elements | Errors/Placeholders,Template/Boilerplate,"هيكل H2 مكرر على 1 مقالة، ونسبة الجمل المكررة 36%. شورت كود كيان غير مُفسَّر (أقسام ناقصة في HTML): [post_call], [post_features], [post_prices], [post_services], [post_steps]. ما زال هناك رابط اتصال هاتفي tel: داخل المحتوى."
771,post,شركة معالجة الرطوبة والعفن في الرستاق,https://rukn-eltatawer.com/om/humidity-treatment-rustaq/,humidity-treatment-rustaq,humidity-treatment,rustaq,2236,1446,0.353,0,20,13,1,,,,template_boilerplate|unexpanded_shortcodes|tel_in_content,Template/Boilerplate | Missing SEO Elements | Errors/Placeholders,Template/Boilerplate,"هيكل H2 مكرر على 1 مقالة، ونسبة الجمل المكررة 35%. شورت كود كيان غير مُفسَّر (أقسام ناقصة في HTML): [post_call], [post_features], [post_prices], [post_services], [post_steps]. ما زال هناك رابط اتصال هاتفي tel: داخل المحتوى."
1331,post,شركة مكافحة النمل الأبيض (الرمة) في الرستاق,https://rukn-eltatawer.com/om/termite-control-rustaq/,termite-control-rustaq,termite-control,rustaq,2262,1491,0.341,0,20,13,1,,,,unexpanded_shortcodes|tel_in_content,Missing SEO Elements | Errors/Placeholders,Missing SEO Elements,"شورت كود كيان غير مُفسَّر (أقسام ناقصة في HTML): [post_call], [post_features], [post_prices], [post_services], [post_steps]. ما زال هناك رابط اتصال هاتفي tel: داخل المحتوى."
1329,post,شركة مكافحة النمل الأبيض (الرمة) في صور,https://rukn-eltatawer.com/om/termite-control-sur/,termite-control-sur,termite-control,sur,2260,1470,0.35,0,20,13,1,,,,template_boilerplate|unexpanded_shortcodes|tel_in_content,Template/Boilerplate | Missing SEO Elements | Errors/Placeholders,Template/Boilerplate,"هيكل H2 مكرر على 1 مقالة، ونسبة الجمل المكررة 35%. شورت كود كيان غير مُفسَّر (أقسام ناقصة في HTML): [post_call], [post_features], [post_prices], [post_services], [post_steps]. ما زال هناك رابط اتصال هاتفي tel: داخل المحتوى."
1328,post,شركة مكافحة النمل الأبيض (الرمة) في نزوى,https://rukn-eltatawer.com/om/termite-control-nizwa/,termite-control-nizwa,termite-control,nizwa,2316,1465,0.367,0,20,13,1,https://rukn-eltatawer.com/om/tank-lining-maintenance-nizwa/,cross-service-duplicate,6,template_boilerplate|duplicate_similar|unexpanded_shortcodes|tel_in_content,Template/Boilerplate | Duplicate/Similar | Missing SEO Elements | Errors/Placeholders,Template/Boilerplate,"هيكل H2 مكرر على 1 مقالة، ونسبة الجمل المكررة 37%. تشابه مرتفع (hamming=6, cross-service-duplicate) مع https://rukn-eltatawer.com/om/tank-lining-maintenance-nizwa/. شورت كود كيان غير مُفسَّر (أقسام ناقصة في HTML): [post_call], [post_features], [post_prices], [post_services], [post_steps]. ما زال هناك رابط اتصال هاتفي tel: داخل المحتوى."
1327,post,شركة مكافحة النمل الأبيض (الرمة) في صحار,https://rukn-eltatawer.com/om/termite-control-sohar/,termite-control-sohar,termite-control,sohar,2276,1344,0.409,0,20,13,1,,,,template_boilerplate|unexpanded_shortcodes|tel_in_content|structural_error,Template/Boilerplate | Missing SEO Elements | Errors/Placeholders,Template/Boilerplate,"هيكل H2 مكرر على 1 مقالة، ونسبة الجمل المكررة 41%. شورت كود كيان غير مُفسَّر (أقسام ناقصة في HTML): [post_call], [post_features], [post_prices], [post_services], [post_steps]. ما زال هناك رابط اتصال هاتفي tel: داخل المحتوى. فقرتان متتاليتان متطابقتان."
1326,post,شركة مكافحة النمل الأبيض (الرمة) في صلالة,https://rukn-eltatawer.com/om/termite-control-salalah/,termite-control-salalah,termite-control,salalah,2305,1492,0.353,0,20,13,1,,,,template_boilerplate|unexpanded_shortcodes|tel_in_content,Template/Boilerplate | Missing SEO Elements | Errors/Placeholders,Template/Boilerplate,"هيكل H2 مكرر على 1 مقالة، ونسبة الجمل المكررة 35%. شورت كود كيان غير مُفسَّر (أقسام ناقصة في HTML): [post_call], [post_features], [post_prices], [post_services], [post_steps]. ما زال هناك رابط اتصال هاتفي tel: داخل المحتوى."
769,post,شركة معالجة الرطوبة والعفن في صور,https://rukn-eltatawer.com/om/humidity-treatment-sur/,humidity-treatment-sur,humidity-treatment,sur,2278,1502,0.341,0,20,13,1,,,,unexpanded_shortcodes|tel_in_content,Missing SEO Elements | Errors/Placeholders,Missing SEO Elements,"شورت كود كيان غير مُفسَّر (أقسام ناقصة في HTML): [post_call], [post_features], [post_prices], [post_services], [post_steps]. ما زال هناك رابط اتصال هاتفي tel: داخل المحتوى."
1325,post,شركة مكافحة النمل الأبيض (الرمة) في مسقط,https://rukn-eltatawer.com/om/termite-control-muscat/,termite-control-muscat,termite-control,muscat,2460,1588,0.354,0,20,13,1,,,,template_boilerplate|unexpanded_shortcodes|tel_in_content,Template/Boilerplate | Missing SEO Elements | Errors/Placeholders,Template/Boilerplate,"هيكل H2 مكرر على 1 مقالة، ونسبة الجمل المكررة 35%. شورت كود كيان غير مُفسَّر (أقسام ناقصة في HTML): [post_call], [post_features], [post_prices], [post_services], [post_steps]. ما زال هناك رابط اتصال هاتفي tel: داخل المحتوى."
1348,post,شركة مكافحة الصراصير في البريمي,https://rukn-eltatawer.com/om/cockroach-control-al-buraimi/,cockroach-control-al-buraimi,cockroach-control,al-buraimi,2215,1434,0.353,0,20,13,1,,,,template_boilerplate|unexpanded_shortcodes|tel_in_content,Template/Boilerplate | Missing SEO Elements | Errors/Placeholders,Template/Boilerplate,"هيكل H2 مكرر على 1 مقالة، ونسبة الجمل المكررة 35%. شورت كود كيان غير مُفسَّر (أقسام ناقصة في HTML): [post_call], [post_features], [post_prices], [post_services], [post_steps]. ما زال هناك رابط اتصال هاتفي tel: داخل المحتوى."
1346,post,شركة مكافحة الصراصير في عبري,https://rukn-eltatawer.com/om/cockroach-control-ibri/,cockroach-control-ibri,cockroach-control,ibri,2221,1391,0.374,0,20,13,1,,,,template_boilerplate|unexpanded_shortcodes|tel_in_content,Template/Boilerplate | Missing SEO Elements | Errors/Placeholders,Template/Boilerplate,"هيكل H2 مكرر على 1 مقالة، ونسبة الجمل المكررة 37%. شورت كود كيان غير مُفسَّر (أقسام ناقصة في HTML): [post_call], [post_features], [post_prices], [post_services], [post_steps]. ما زال هناك رابط اتصال هاتفي tel: داخل المحتوى."
1347,post,شركة مكافحة الصراصير في الرستاق,https://rukn-eltatawer.com/om/cockroach-control-rustaq/,cockroach-control-rustaq,cockroach-control,rustaq,2189,1359,0.379,0,20,13,1,,,,template_boilerplate|unexpanded_shortcodes|tel_in_content,Template/Boilerplate | Missing SEO Elements | Errors/Placeholders,Template/Boilerplate,"هيكل H2 مكرر على 1 مقالة، ونسبة الجمل المكررة 38%. شورت كود كيان غير مُفسَّر (أقسام ناقصة في HTML): [post_call], [post_features], [post_prices], [post_services], [post_steps]. ما زال هناك رابط اتصال هاتفي tel: داخل المحتوى."
1345,post,شركة مكافحة الصراصير في صور,https://rukn-eltatawer.com/om/cockroach-control-sur/,cockroach-control-sur,cockroach-control,sur,2236,1473,0.341,0,20,13,1,,,,unexpanded_shortcodes|tel_in_content,Missing SEO Elements | Errors/Placeholders,Missing SEO Elements,"شورت كود كيان غير مُفسَّر (أقسام ناقصة في HTML): [post_call], [post_features], [post_prices], [post_services], [post_steps]. ما زال هناك رابط اتصال هاتفي tel: داخل المحتوى."
768,post,شركة معالجة الرطوبة والعفن في نزوى,https://rukn-eltatawer.com/om/humidity-treatment-nizwa/,humidity-treatment-nizwa,humidity-treatment,nizwa,2261,1390,0.385,0,20,13,1,,,,template_boilerplate|unexpanded_shortcodes|tel_in_content,Template/Boilerplate | Missing SEO Elements | Errors/Placeholders,Template/Boilerplate,"هيكل H2 مكرر على 1 مقالة، ونسبة الجمل المكررة 38%. شورت كود كيان غير مُفسَّر (أقسام ناقصة في HTML): [post_call], [post_features], [post_prices], [post_services], [post_steps]. ما زال هناك رابط اتصال هاتفي tel: داخل المحتوى."
1344,post,شركة مكافحة الصراصير في نزوى,https://rukn-eltatawer.com/om/cockroach-control-nizwa/,cockroach-control-nizwa,cockroach-control,nizwa,2254,1457,0.354,0,20,13,1,,,,template_boilerplate|unexpanded_shortcodes|tel_in_content,Template/Boilerplate | Missing SEO Elements | Errors/Placeholders,Template/Boilerplate,"هيكل H2 مكرر على 1 مقالة، ونسبة الجمل المكررة 35%. شورت كود كيان غير مُفسَّر (أقسام ناقصة في HTML): [post_call], [post_features], [post_prices], [post_services], [post_steps]. ما زال هناك رابط اتصال هاتفي tel: داخل المحتوى."
1343,post,شركة مكافحة الصراصير في صحار,https://rukn-eltatawer.com/om/cockroach-control-sohar/,cockroach-control-sohar,cockroach-control,sohar,2224,1465,0.341,0,20,13,1,,,,unexpanded_shortcodes|tel_in_content|structural_error,Missing SEO Elements | Errors/Placeholders,Missing SEO Elements,"شورت كود كيان غير مُفسَّر (أقسام ناقصة في HTML): [post_call], [post_features], [post_prices], [post_services], [post_steps]. ما زال هناك رابط اتصال هاتفي tel: داخل المحتوى. فقرتان متتاليتان متطابقتان."
1342,post,شركة مكافحة الصراصير في صلالة,https://rukn-eltatawer.com/om/cockroach-control-salalah/,cockroach-control-salalah,cockroach-control,salalah,2263,1420,0.373,0,20,13,1,,,,template_boilerplate|unexpanded_shortcodes|tel_in_content,Template/Boilerplate | Missing SEO Elements | Errors/Placeholders,Template/Boilerplate,"هيكل H2 مكرر على 1 مقالة، ونسبة الجمل المكررة 37%. شورت كود كيان غير مُفسَّر (أقسام ناقصة في HTML): [post_call], [post_features], [post_prices], [post_services], [post_steps]. ما زال هناك رابط اتصال هاتفي tel: داخل المحتوى."
780,post,شركة تبطين وصيانة خزانات مياه في البريمي,https://rukn-eltatawer.com/om/tank-lining-maintenance-al-buraimi/,tank-lining-maintenance-al-buraimi,tank-lining-maintenance,al-buraimi,2328,1491,0.36,0,20,13,1,https://rukn-eltatawer.com/om/tank-lining-maintenance-nizwa/,city-variant-template,5,template_boilerplate|duplicate_similar|unexpanded_shortcodes|tel_in_content,Template/Boilerplate | Duplicate/Similar | Missing SEO Elements | Errors/Placeholders,Template/Boilerplate,"هيكل H2 مكرر على 1 مقالة، ونسبة الجمل المكررة 36%. تشابه مرتفع (hamming=5, city-variant-template) مع https://rukn-eltatawer.com/om/tank-lining-maintenance-nizwa/. شورت كود كيان غير مُفسَّر (أقسام ناقصة في HTML): [post_call], [post_features], [post_prices], [post_services], [post_steps]. ما زال هناك رابط اتصال هاتفي tel: داخل المحتوى."
1341,post,شركة مكافحة الصراصير في مسقط,https://rukn-eltatawer.com/om/cockroach-control-muscat/,cockroach-control-muscat,cockroach-control,muscat,2366,1520,0.358,0,20,13,1,,,,template_boilerplate|unexpanded_shortcodes|tel_in_content,Template/Boilerplate | Missing SEO Elements | Errors/Placeholders,Template/Boilerplate,"هيكل H2 مكرر على 1 مقالة، ونسبة الجمل المكررة 36%. شورت كود كيان غير مُفسَّر (أقسام ناقصة في HTML): [post_call], [post_features], [post_prices], [post_services], [post_steps]. ما زال هناك رابط اتصال هاتفي tel: داخل المحتوى."
767,post,شركة معالجة الرطوبة والعفن في صحار,https://rukn-eltatawer.com/om/humidity-treatment-sohar/,humidity-treatment-sohar,humidity-treatment,sohar,2220,1371,0.382,0,20,13,1,,,,template_boilerplate|unexpanded_shortcodes|tel_in_content,Template/Boilerplate | Missing SEO Elements | Errors/Placeholders,Template/Boilerplate,"هيكل H2 مكرر على 1 مقالة، ونسبة الجمل المكررة 38%. شورت كود كيان غير مُفسَّر (أقسام ناقصة في HTML): [post_call], [post_features], [post_prices], [post_services], [post_steps]. ما زال هناك رابط اتصال هاتفي tel: داخل المحتوى."
452,post,شركة تنظيف كراجات ومواقف سيارات في البريمي,https://rukn-eltatawer.com/om/garage-cleaning-al-buraimi/,garage-cleaning-al-buraimi,garage-cleaning,al-buraimi,2267,1268,0.441,0,20,13,1,,,,template_boilerplate|unexpanded_shortcodes|tel_in_content|missing_meta,Template/Boilerplate | Missing SEO Elements | Errors/Placeholders,Template/Boilerplate,"هيكل H2 مكرر على 1 مقالة، ونسبة الجمل المكررة 44%. شورت كود كيان غير مُفسَّر (أقسام ناقصة في HTML): [post_call], [post_features], [post_prices], [post_services], [post_steps]. ما زال هناك رابط اتصال هاتفي tel: داخل المحتوى. صورة بارزة مفقودة أو مكررة (id=246)."
766,post,شركة معالجة الرطوبة والعفن في صلالة,https://rukn-eltatawer.com/om/humidity-treatment-salalah/,humidity-treatment-salalah,humidity-treatment,salalah,2307,1554,0.326,0,20,13,1,,,,unexpanded_shortcodes|tel_in_content,Missing SEO Elements | Errors/Placeholders,Missing SEO Elements,"شورت كود كيان غير مُفسَّر (أقسام ناقصة في HTML): [post_call], [post_features], [post_prices], [post_services], [post_steps]. ما زال هناك رابط اتصال هاتفي tel: داخل المحتوى."
765,post,شركة معالجة الرطوبة والعفن في مسقط,https://rukn-eltatawer.com/om/humidity-treatment-muscat/,humidity-treatment-muscat,humidity-treatment,muscat,2379,1488,0.375,0,20,13,1,,,,template_boilerplate|unexpanded_shortcodes|tel_in_content,Template/Boilerplate | Missing SEO Elements | Errors/Placeholders,Template/Boilerplate,"هيكل H2 مكرر على 1 مقالة، ونسبة الجمل المكررة 38%. شورت كود كيان غير مُفسَّر (أقسام ناقصة في HTML): [post_call], [post_features], [post_prices], [post_services], [post_steps]. ما زال هناك رابط اتصال هاتفي tel: داخل المحتوى."
748,post,شركة عزل حراري في البريمي,https://rukn-eltatawer.com/om/thermal-insulation-al-buraimi/,thermal-insulation-al-buraimi,thermal-insulation,al-buraimi,2233,1374,0.385,0,20,13,1,https://rukn-eltatawer.com/om/thermal-insulation-sohar/,city-variant-template,6,template_boilerplate|duplicate_similar|unexpanded_shortcodes|tel_in_content,Template/Boilerplate | Duplicate/Similar | Missing SEO Elements | Errors/Placeholders,Template/Boilerplate,"هيكل H2 مكرر على 1 مقالة، ونسبة الجمل المكررة 38%. تشابه مرتفع (hamming=6, city-variant-template) مع https://rukn-eltatawer.com/om/thermal-insulation-sohar/. شورت كود كيان غير مُفسَّر (أقسام ناقصة في HTML): [post_call], [post_features], [post_prices], [post_services], [post_steps]. ما زال هناك رابط اتصال هاتفي tel: داخل المحتوى."
746,post,شركة عزل حراري في عبري,https://rukn-eltatawer.com/om/thermal-insulation-ibri/,thermal-insulation-ibri,thermal-insulation,ibri,2199,1399,0.364,0,20,13,1,https://rukn-eltatawer.com/om/tank-insulation-al-buraimi/,cross-service-duplicate,7,template_boilerplate|duplicate_similar|unexpanded_shortcodes|tel_in_content,Template/Boilerplate | Duplicate/Similar | Missing SEO Elements | Errors/Placeholders,Template/Boilerplate,"هيكل H2 مكرر على 1 مقالة، ونسبة الجمل المكررة 36%. تشابه مرتفع (hamming=7, cross-service-duplicate) مع https://rukn-eltatawer.com/om/tank-insulation-al-buraimi/. شورت كود كيان غير مُفسَّر (أقسام ناقصة في HTML): [post_call], [post_features], [post_prices], [post_services], [post_steps]. ما زال هناك رابط اتصال هاتفي tel: داخل المحتوى."
747,post,شركة عزل حراري في الرستاق,https://rukn-eltatawer.com/om/thermal-insulation-rustaq/,thermal-insulation-rustaq,thermal-insulation,rustaq,2254,1429,0.366,0,20,13,1,https://rukn-eltatawer.com/om/soundproofing-nizwa/,cross-service-duplicate,6,template_boilerplate|duplicate_similar|unexpanded_shortcodes|tel_in_content,Template/Boilerplate | Duplicate/Similar | Missing SEO Elements | Errors/Placeholders,Template/Boilerplate,"هيكل H2 مكرر على 1 مقالة، ونسبة الجمل المكررة 37%. تشابه مرتفع (hamming=6, cross-service-duplicate) مع https://rukn-eltatawer.com/om/soundproofing-nizwa/. شورت كود كيان غير مُفسَّر (أقسام ناقصة في HTML): [post_call], [post_features], [post_prices], [post_services], [post_steps]. ما زال هناك رابط اتصال هاتفي tel: داخل المحتوى."
745,post,شركة عزل حراري في صور,https://rukn-eltatawer.com/om/thermal-insulation-sur/,thermal-insulation-sur,thermal-insulation,sur,2220,1393,0.373,0,20,13,1,,,,template_boilerplate|unexpanded_shortcodes|tel_in_content,Template/Boilerplate | Missing SEO Elements | Errors/Placeholders,Template/Boilerplate,"هيكل H2 مكرر على 1 مقالة، ونسبة الجمل المكررة 37%. شورت كود كيان غير مُفسَّر (أقسام ناقصة في HTML): [post_call], [post_features], [post_prices], [post_services], [post_steps]. ما زال هناك رابط اتصال هاتفي tel: داخل المحتوى."
744,post,شركة عزل حراري في نزوى,https://rukn-eltatawer.com/om/thermal-insulation-nizwa/,thermal-insulation-nizwa,thermal-insulation,nizwa,2229,1377,0.382,0,20,13,1,,,,template_boilerplate|unexpanded_shortcodes|tel_in_content,Template/Boilerplate | Missing SEO Elements | Errors/Placeholders,Template/Boilerplate,"هيكل H2 مكرر على 1 مقالة، ونسبة الجمل المكررة 38%. شورت كود كيان غير مُفسَّر (أقسام ناقصة في HTML): [post_call], [post_features], [post_prices], [post_services], [post_steps]. ما زال هناك رابط اتصال هاتفي tel: داخل المحتوى."
743,post,شركة عزل حراري في صحار,https://rukn-eltatawer.com/om/thermal-insulation-sohar/,thermal-insulation-sohar,thermal-insulation,sohar,2204,1414,0.358,0,20,13,1,https://rukn-eltatawer.com/om/thermal-insulation-al-buraimi/,city-variant-template,6,template_boilerplate|duplicate_similar|unexpanded_shortcodes|tel_in_content,Template/Boilerplate | Duplicate/Similar | Missing SEO Elements | Errors/Placeholders,Template/Boilerplate,"هيكل H2 مكرر على 1 مقالة، ونسبة الجمل المكررة 36%. تشابه مرتفع (hamming=6, city-variant-template) مع https://rukn-eltatawer.com/om/thermal-insulation-al-buraimi/. شورت كود كيان غير مُفسَّر (أقسام ناقصة في HTML): [post_call], [post_features], [post_prices], [post_services], [post_steps]. ما زال هناك رابط اتصال هاتفي tel: داخل المحتوى."
742,post,شركة عزل حراري في صلالة,https://rukn-eltatawer.com/om/thermal-insulation-salalah/,thermal-insulation-salalah,thermal-insulation,salalah,2236,1451,0.351,0,20,13,1,,,,template_boilerplate|unexpanded_shortcodes|tel_in_content,Template/Boilerplate | Missing SEO Elements | Errors/Placeholders,Template/Boilerplate,"هيكل H2 مكرر على 1 مقالة، ونسبة الجمل المكررة 35%. شورت كود كيان غير مُفسَّر (أقسام ناقصة في HTML): [post_call], [post_features], [post_prices], [post_services], [post_steps]. ما زال هناك رابط اتصال هاتفي tel: داخل المحتوى."
741,post,شركة عزل حراري في مسقط,https://rukn-eltatawer.com/om/thermal-insulation-muscat/,thermal-insulation-muscat,thermal-insulation,muscat,2327,1376,0.409,0,20,13,1,,,,template_boilerplate|unexpanded_shortcodes|tel_in_content|structural_error,Template/Boilerplate | Missing SEO Elements | Errors/Placeholders,Template/Boilerplate,"هيكل H2 مكرر على 1 مقالة، ونسبة الجمل المكررة 41%. شورت كود كيان غير مُفسَّر (أقسام ناقصة في HTML): [post_call], [post_features], [post_prices], [post_services], [post_steps]. ما زال هناك رابط اتصال هاتفي tel: داخل المحتوى. فقرتان متتاليتان متطابقتان."
756,post,شركة عزل مائي في البريمي,https://rukn-eltatawer.com/om/waterproofing-al-buraimi/,waterproofing-al-buraimi,waterproofing,al-buraimi,2194,1381,0.371,0,20,13,1,,,,template_boilerplate|unexpanded_shortcodes|tel_in_content,Template/Boilerplate | Missing SEO Elements | Errors/Placeholders,Template/Boilerplate,"هيكل H2 مكرر على 1 مقالة، ونسبة الجمل المكررة 37%. شورت كود كيان غير مُفسَّر (أقسام ناقصة في HTML): [post_call], [post_features], [post_prices], [post_services], [post_steps]. ما زال هناك رابط اتصال هاتفي tel: داخل المحتوى."
754,post,شركة عزل مائي في عبري,https://rukn-eltatawer.com/om/waterproofing-ibri/,waterproofing-ibri,waterproofing,ibri,2212,1307,0.409,0,20,13,1,,,,template_boilerplate|unexpanded_shortcodes|tel_in_content,Template/Boilerplate | Missing SEO Elements | Errors/Placeholders,Template/Boilerplate,"هيكل H2 مكرر على 1 مقالة، ونسبة الجمل المكررة 41%. شورت كود كيان غير مُفسَّر (أقسام ناقصة في HTML): [post_call], [post_features], [post_prices], [post_services], [post_steps]. ما زال هناك رابط اتصال هاتفي tel: داخل المحتوى."
755,post,شركة عزل مائي في الرستاق,https://rukn-eltatawer.com/om/waterproofing-rustaq/,waterproofing-rustaq,waterproofing,rustaq,2200,1310,0.405,0,20,13,1,,,,template_boilerplate|unexpanded_shortcodes|tel_in_content,Template/Boilerplate | Missing SEO Elements | Errors/Placeholders,Template/Boilerplate,"هيكل H2 مكرر على 1 مقالة، ونسبة الجمل المكررة 40%. شورت كود كيان غير مُفسَّر (أقسام ناقصة في HTML): [post_call], [post_features], [post_prices], [post_services], [post_steps]. ما زال هناك رابط اتصال هاتفي tel: داخل المحتوى."
753,post,شركة عزل مائي في صور,https://rukn-eltatawer.com/om/waterproofing-sur/,waterproofing-sur,waterproofing,sur,2206,1362,0.383,0,20,13,1,https://rukn-eltatawer.com/om/bathroom-insulation-sur/,cross-service-duplicate,7,template_boilerplate|duplicate_similar|unexpanded_shortcodes|tel_in_content,Template/Boilerplate | Duplicate/Similar | Missing SEO Elements | Errors/Placeholders,Template/Boilerplate,"هيكل H2 مكرر على 1 مقالة، ونسبة الجمل المكررة 38%. تشابه مرتفع (hamming=7, cross-service-duplicate) مع https://rukn-eltatawer.com/om/bathroom-insulation-sur/. شورت كود كيان غير مُفسَّر (أقسام ناقصة في HTML): [post_call], [post_features], [post_prices], [post_services], [post_steps]. ما زال هناك رابط اتصال هاتفي tel: داخل المحتوى."
752,post,شركة عزل مائي في نزوى,https://rukn-eltatawer.com/om/waterproofing-nizwa/,waterproofing-nizwa,waterproofing,nizwa,2251,1295,0.425,0,20,13,1,,,,template_boilerplate|unexpanded_shortcodes|tel_in_content,Template/Boilerplate | Missing SEO Elements | Errors/Placeholders,Template/Boilerplate,"هيكل H2 مكرر على 1 مقالة، ونسبة الجمل المكررة 42%. شورت كود كيان غير مُفسَّر (أقسام ناقصة في HTML): [post_call], [post_features], [post_prices], [post_services], [post_steps]. ما زال هناك رابط اتصال هاتفي tel: داخل المحتوى."
751,post,شركة عزل مائي في صحار,https://rukn-eltatawer.com/om/waterproofing-sohar/,waterproofing-sohar,waterproofing,sohar,2232,1338,0.401,0,20,13,1,,,,template_boilerplate|unexpanded_shortcodes|tel_in_content,Template/Boilerplate | Missing SEO Elements | Errors/Placeholders,Template/Boilerplate,"هيكل H2 مكرر على 1 مقالة، ونسبة الجمل المكررة 40%. شورت كود كيان غير مُفسَّر (أقسام ناقصة في HTML): [post_call], [post_features], [post_prices], [post_services], [post_steps]. ما زال هناك رابط اتصال هاتفي tel: داخل المحتوى."
750,post,شركة عزل مائي في صلالة,https://rukn-eltatawer.com/om/waterproofing-salalah/,waterproofing-salalah,waterproofing,salalah,2252,1382,0.386,0,20,13,1,https://rukn-eltatawer.com/om/thermal-insulation-ibri/,cross-service-duplicate,8,template_boilerplate|duplicate_similar|unexpanded_shortcodes|tel_in_content,Template/Boilerplate | Duplicate/Similar | Missing SEO Elements | Errors/Placeholders,Template/Boilerplate,"هيكل H2 مكرر على 1 مقالة، ونسبة الجمل المكررة 39%. تشابه مرتفع (hamming=8, cross-service-duplicate) مع https://rukn-eltatawer.com/om/thermal-insulation-ibri/. شورت كود كيان غير مُفسَّر (أقسام ناقصة في HTML): [post_call], [post_features], [post_prices], [post_services], [post_steps]. ما زال هناك رابط اتصال هاتفي tel: داخل المحتوى."
749,post,شركة عزل مائي في مسقط,https://rukn-eltatawer.com/om/waterproofing-muscat/,waterproofing-muscat,waterproofing,muscat,2318,1519,0.345,0,20,13,1,https://rukn-eltatawer.com/om/bathroom-insulation-ibri/,cross-service-duplicate,6,duplicate_similar|unexpanded_shortcodes|tel_in_content,Duplicate/Similar | Missing SEO Elements | Errors/Placeholders,Duplicate/Similar,"تشابه مرتفع (hamming=6, cross-service-duplicate) مع https://rukn-eltatawer.com/om/bathroom-insulation-ibri/. شورت كود كيان غير مُفسَّر (أقسام ناقصة في HTML): [post_call], [post_features], [post_prices], [post_services], [post_steps]. ما زال هناك رابط اتصال هاتفي tel: داخل المحتوى."
716,post,شركة عزل أسطح في البريمي,https://rukn-eltatawer.com/om/roof-insulation-al-buraimi/,roof-insulation-al-buraimi,roof-insulation,al-buraimi,2334,1557,0.333,0,20,13,1,https://rukn-eltatawer.com/om/roof-insulation-painting-rustaq/,cross-service-duplicate,8,duplicate_similar|unexpanded_shortcodes|tel_in_content,Duplicate/Similar | Missing SEO Elements | Errors/Placeholders,Duplicate/Similar,"تشابه مرتفع (hamming=8, cross-service-duplicate) مع https://rukn-eltatawer.com/om/roof-insulation-painting-rustaq/. شورت كود كيان غير مُفسَّر (أقسام ناقصة في HTML): [post_call], [post_features], [post_prices], [post_services], [post_steps]. ما زال هناك رابط اتصال هاتفي tel: داخل المحتوى."
714,post,شركة عزل أسطح في عبري,https://rukn-eltatawer.com/om/roof-insulation-ibri/,roof-insulation-ibri,roof-insulation,ibri,2286,1493,0.347,0,20,13,1,https://rukn-eltatawer.com/om/roof-insulation-al-buraimi/,city-variant-template,8,duplicate_similar|unexpanded_shortcodes|tel_in_content,Duplicate/Similar | Missing SEO Elements | Errors/Placeholders,Duplicate/Similar,"تشابه مرتفع (hamming=8, city-variant-template) مع https://rukn-eltatawer.com/om/roof-insulation-al-buraimi/. شورت كود كيان غير مُفسَّر (أقسام ناقصة في HTML): [post_call], [post_features], [post_prices], [post_services], [post_steps]. ما زال هناك رابط اتصال هاتفي tel: داخل المحتوى."
715,post,شركة عزل أسطح في الرستاق,https://rukn-eltatawer.com/om/roof-insulation-rustaq/,roof-insulation-rustaq,roof-insulation,rustaq,2258,1434,0.365,0,20,13,1,https://rukn-eltatawer.com/om/tank-insulation-rustaq/,cross-service-duplicate,8,template_boilerplate|duplicate_similar|unexpanded_shortcodes|tel_in_content,Template/Boilerplate | Duplicate/Similar | Missing SEO Elements | Errors/Placeholders,Template/Boilerplate,"هيكل H2 مكرر على 1 مقالة، ونسبة الجمل المكررة 36%. تشابه مرتفع (hamming=8, cross-service-duplicate) مع https://rukn-eltatawer.com/om/tank-insulation-rustaq/. شورت كود كيان غير مُفسَّر (أقسام ناقصة في HTML): [post_call], [post_features], [post_prices], [post_services], [post_steps]. ما زال هناك رابط اتصال هاتفي tel: داخل المحتوى."
713,post,شركة عزل أسطح في صور,https://rukn-eltatawer.com/om/roof-insulation-sur/,roof-insulation-sur,roof-insulation,sur,2302,1419,0.384,0,20,13,1,,,,template_boilerplate|unexpanded_shortcodes|tel_in_content,Template/Boilerplate | Missing SEO Elements | Errors/Placeholders,Template/Boilerplate,"هيكل H2 مكرر على 1 مقالة، ونسبة الجمل المكررة 38%. شورت كود كيان غير مُفسَّر (أقسام ناقصة في HTML): [post_call], [post_features], [post_prices], [post_services], [post_steps]. ما زال هناك رابط اتصال هاتفي tel: داخل المحتوى."
712,post,شركة عزل أسطح في نزوى,https://rukn-eltatawer.com/om/roof-insulation-nizwa/,roof-insulation-nizwa,roof-insulation,nizwa,2320,1517,0.346,0,20,13,1,https://rukn-eltatawer.com/om/tank-insulation-sohar/,cross-service-duplicate,7,duplicate_similar|unexpanded_shortcodes|tel_in_content,Duplicate/Similar | Missing SEO Elements | Errors/Placeholders,Duplicate/Similar,"تشابه مرتفع (hamming=7, cross-service-duplicate) مع https://rukn-eltatawer.com/om/tank-insulation-sohar/. شورت كود كيان غير مُفسَّر (أقسام ناقصة في HTML): [post_call], [post_features], [post_prices], [post_services], [post_steps]. ما زال هناك رابط اتصال هاتفي tel: داخل المحتوى."
711,post,شركة عزل أسطح في صحار,https://rukn-eltatawer.com/om/roof-insulation-sohar/,roof-insulation-sohar,roof-insulation,sohar,2278,1492,0.345,0,20,13,1,,,,unexpanded_shortcodes|tel_in_content,Missing SEO Elements | Errors/Placeholders,Missing SEO Elements,"شورت كود كيان غير مُفسَّر (أقسام ناقصة في HTML): [post_call], [post_features], [post_prices], [post_services], [post_steps]. ما زال هناك رابط اتصال هاتفي tel: داخل المحتوى."
710,post,شركة عزل أسطح في صلالة,https://rukn-eltatawer.com/om/roof-insulation-salalah/,roof-insulation-salalah,roof-insulation,salalah,2339,1467,0.373,0,20,13,1,,,,template_boilerplate|unexpanded_shortcodes|tel_in_content,Template/Boilerplate | Missing SEO Elements | Errors/Placeholders,Template/Boilerplate,"هيكل H2 مكرر على 1 مقالة، ونسبة الجمل المكررة 37%. شورت كود كيان غير مُفسَّر (أقسام ناقصة في HTML): [post_call], [post_features], [post_prices], [post_services], [post_steps]. ما زال هناك رابط اتصال هاتفي tel: داخل المحتوى."
709,post,شركة عزل أسطح في مسقط,https://rukn-eltatawer.com/om/roof-insulation-muscat/,roof-insulation-muscat,roof-insulation,muscat,2413,1549,0.358,0,20,13,1,https://rukn-eltatawer.com/om/tank-insulation-sohar/,cross-service-duplicate,6,template_boilerplate|duplicate_similar|unexpanded_shortcodes|tel_in_content,Template/Boilerplate | Duplicate/Similar | Missing SEO Elements | Errors/Placeholders,Template/Boilerplate,"هيكل H2 مكرر على 1 مقالة، ونسبة الجمل المكررة 36%. تشابه مرتفع (hamming=6, cross-service-duplicate) مع https://rukn-eltatawer.com/om/tank-insulation-sohar/. شورت كود كيان غير مُفسَّر (أقسام ناقصة في HTML): [post_call], [post_features], [post_prices], [post_services], [post_steps]. ما زال هناك رابط اتصال هاتفي tel: داخل المحتوى."
1812,post,شركة تركيب أدوات صحية في البريمي,https://rukn-eltatawer.com/om/sanitary-fixtures-installation-al-buraimi/,sanitary-fixtures-installation-al-buraimi,sanitary-fixtures-installation,al-buraimi,2215,1349,0.391,0,20,13,1,,,,template_boilerplate|unexpanded_shortcodes|tel_in_content,Template/Boilerplate | Missing SEO Elements | Errors/Placeholders,Template/Boilerplate,"هيكل H2 مكرر على 1 مقالة، ونسبة الجمل المكررة 39%. شورت كود كيان غير مُفسَّر (أقسام ناقصة في HTML): [post_call], [post_features], [post_prices], [post_services], [post_steps]. ما زال هناك رابط اتصال هاتفي tel: داخل المحتوى."
1810,post,شركة تركيب أدوات صحية في عبري,https://rukn-eltatawer.com/om/sanitary-fixtures-installation-ibri/,sanitary-fixtures-installation-ibri,sanitary-fixtures-installation,ibri,2244,1387,0.382,0,20,13,1,,,,template_boilerplate|unexpanded_shortcodes|tel_in_content,Template/Boilerplate | Missing SEO Elements | Errors/Placeholders,Template/Boilerplate,"هيكل H2 مكرر على 1 مقالة، ونسبة الجمل المكررة 38%. شورت كود كيان غير مُفسَّر (أقسام ناقصة في HTML): [post_call], [post_features], [post_prices], [post_services], [post_steps]. ما زال هناك رابط اتصال هاتفي tel: داخل المحتوى."
1811,post,شركة تركيب أدوات صحية في الرستاق,https://rukn-eltatawer.com/om/sanitary-fixtures-installation-rustaq/,sanitary-fixtures-installation-rustaq,sanitary-fixtures-installation,rustaq,2263,1429,0.369,0,20,13,1,,,,template_boilerplate|unexpanded_shortcodes|tel_in_content,Template/Boilerplate | Missing SEO Elements | Errors/Placeholders,Template/Boilerplate,"هيكل H2 مكرر على 1 مقالة، ونسبة الجمل المكررة 37%. شورت كود كيان غير مُفسَّر (أقسام ناقصة في HTML): [post_call], [post_features], [post_prices], [post_services], [post_steps]. ما زال هناك رابط اتصال هاتفي tel: داخل المحتوى."
1809,post,شركة تركيب أدوات صحية في صور,https://rukn-eltatawer.com/om/sanitary-fixtures-installation-sur/,sanitary-fixtures-installation-sur,sanitary-fixtures-installation,sur,2250,1469,0.347,0,20,13,1,,,,unexpanded_shortcodes|tel_in_content|structural_error,Missing SEO Elements | Errors/Placeholders,Missing SEO Elements,"شورت كود كيان غير مُفسَّر (أقسام ناقصة في HTML): [post_call], [post_features], [post_prices], [post_services], [post_steps]. ما زال هناك رابط اتصال هاتفي tel: داخل المحتوى. فقرتان متتاليتان متطابقتان."
1808,post,شركة تركيب أدوات صحية في نزوى,https://rukn-eltatawer.com/om/sanitary-fixtures-installation-nizwa/,sanitary-fixtures-installation-nizwa,sanitary-fixtures-installation,nizwa,2283,1436,0.371,0,20,13,1,,,,template_boilerplate|unexpanded_shortcodes|tel_in_content,Template/Boilerplate | Missing SEO Elements | Errors/Placeholders,Template/Boilerplate,"هيكل H2 مكرر على 1 مقالة، ونسبة الجمل المكررة 37%. شورت كود كيان غير مُفسَّر (أقسام ناقصة في HTML): [post_call], [post_features], [post_prices], [post_services], [post_steps]. ما زال هناك رابط اتصال هاتفي tel: داخل المحتوى."
1807,post,شركة تركيب أدوات صحية في صحار,https://rukn-eltatawer.com/om/sanitary-fixtures-installation-sohar/,sanitary-fixtures-installation-sohar,sanitary-fixtures-installation,sohar,2252,1341,0.405,0,20,13,1,,,,template_boilerplate|unexpanded_shortcodes|tel_in_content|structural_error,Template/Boilerplate | Missing SEO Elements | Errors/Placeholders,Template/Boilerplate,"هيكل H2 مكرر على 1 مقالة، ونسبة الجمل المكررة 40%. شورت كود كيان غير مُفسَّر (أقسام ناقصة في HTML): [post_call], [post_features], [post_prices], [post_services], [post_steps]. ما زال هناك رابط اتصال هاتفي tel: داخل المحتوى. فقرتان متتاليتان متطابقتان."
1806,post,شركة تركيب أدوات صحية في صلالة,https://rukn-eltatawer.com/om/sanitary-fixtures-installation-salalah/,sanitary-fixtures-installation-salalah,sanitary-fixtures-installation,salalah,2302,1369,0.405,0,20,13,1,,,,template_boilerplate|unexpanded_shortcodes|tel_in_content,Template/Boilerplate | Missing SEO Elements | Errors/Placeholders,Template/Boilerplate,"هيكل H2 مكرر على 1 مقالة، ونسبة الجمل المكررة 40%. شورت كود كيان غير مُفسَّر (أقسام ناقصة في HTML): [post_call], [post_features], [post_prices], [post_services], [post_steps]. ما زال هناك رابط اتصال هاتفي tel: داخل المحتوى."
1805,post,شركة تركيب أدوات صحية في مسقط,https://rukn-eltatawer.com/om/sanitary-fixtures-installation-muscat/,sanitary-fixtures-installation-muscat,sanitary-fixtures-installation,muscat,2424,1560,0.356,0,20,13,1,,,,template_boilerplate|unexpanded_shortcodes|tel_in_content,Template/Boilerplate | Missing SEO Elements | Errors/Placeholders,Template/Boilerplate,"هيكل H2 مكرر على 1 مقالة، ونسبة الجمل المكررة 36%. شورت كود كيان غير مُفسَّر (أقسام ناقصة في HTML): [post_call], [post_features], [post_prices], [post_services], [post_steps]. ما زال هناك رابط اتصال هاتفي tel: داخل المحتوى."
508,post,شركة صيانة سباكة في البريمي,https://rukn-eltatawer.com/om/plumbing-maintenance-al-buraimi/,plumbing-maintenance-al-buraimi,plumbing-maintenance,al-buraimi,2254,1506,0.332,0,20,13,1,https://rukn-eltatawer.com/om/exterior-painting-al-buraimi/,cross-service-duplicate,8,duplicate_similar|unexpanded_shortcodes|tel_in_content,Duplicate/Similar | Missing SEO Elements | Errors/Placeholders,Duplicate/Similar,"تشابه مرتفع (hamming=8, cross-service-duplicate) مع https://rukn-eltatawer.com/om/exterior-painting-al-buraimi/. شورت كود كيان غير مُفسَّر (أقسام ناقصة في HTML): [post_call], [post_features], [post_prices], [post_services], [post_steps]. ما زال هناك رابط اتصال هاتفي tel: داخل المحتوى."
506,post,شركة صيانة سباكة في عبري,https://rukn-eltatawer.com/om/plumbing-maintenance-ibri/,plumbing-maintenance-ibri,plumbing-maintenance,ibri,2239,1450,0.352,0,20,13,1,,,,template_boilerplate|unexpanded_shortcodes|tel_in_content,Template/Boilerplate | Missing SEO Elements | Errors/Placeholders,Template/Boilerplate,"هيكل H2 مكرر على 1 مقالة، ونسبة الجمل المكررة 35%. شورت كود كيان غير مُفسَّر (أقسام ناقصة في HTML): [post_call], [post_features], [post_prices], [post_services], [post_steps]. ما زال هناك رابط اتصال هاتفي tel: داخل المحتوى."
507,post,شركة صيانة سباكة في الرستاق,https://rukn-eltatawer.com/om/plumbing-maintenance-rustaq/,plumbing-maintenance-rustaq,plumbing-maintenance,rustaq,2206,1475,0.331,0,20,13,1,,,,unexpanded_shortcodes|tel_in_content,Missing SEO Elements | Errors/Placeholders,Missing SEO Elements,"شورت كود كيان غير مُفسَّر (أقسام ناقصة في HTML): [post_call], [post_features], [post_prices], [post_services], [post_steps]. ما زال هناك رابط اتصال هاتفي tel: داخل المحتوى."
505,post,شركة صيانة سباكة في صور,https://rukn-eltatawer.com/om/plumbing-maintenance-sur/,plumbing-maintenance-sur,plumbing-maintenance,sur,2224,1400,0.371,0,20,13,1,,,,template_boilerplate|unexpanded_shortcodes|tel_in_content,Template/Boilerplate | Missing SEO Elements | Errors/Placeholders,Template/Boilerplate,"هيكل H2 مكرر على 1 مقالة، ونسبة الجمل المكررة 37%. شورت كود كيان غير مُفسَّر (أقسام ناقصة في HTML): [post_call], [post_features], [post_prices], [post_services], [post_steps]. ما زال هناك رابط اتصال هاتفي tel: داخل المحتوى."
504,post,شركة صيانة سباكة في نزوى,https://rukn-eltatawer.com/om/plumbing-maintenance-nizwa/,plumbing-maintenance-nizwa,plumbing-maintenance,nizwa,2265,1490,0.342,0,20,13,1,https://rukn-eltatawer.com/om/elevator-maintenance-nizwa/,cross-service-duplicate,6,duplicate_similar|unexpanded_shortcodes|tel_in_content,Duplicate/Similar | Missing SEO Elements | Errors/Placeholders,Duplicate/Similar,"تشابه مرتفع (hamming=6, cross-service-duplicate) مع https://rukn-eltatawer.com/om/elevator-maintenance-nizwa/. شورت كود كيان غير مُفسَّر (أقسام ناقصة في HTML): [post_call], [post_features], [post_prices], [post_services], [post_steps]. ما زال هناك رابط اتصال هاتفي tel: داخل المحتوى."
503,post,شركة صيانة سباكة في صحار,https://rukn-eltatawer.com/om/plumbing-maintenance-sohar/,plumbing-maintenance-sohar,plumbing-maintenance,sohar,2230,1455,0.348,0,20,13,1,,,,unexpanded_shortcodes|tel_in_content|structural_error,Missing SEO Elements | Errors/Placeholders,Missing SEO Elements,"شورت كود كيان غير مُفسَّر (أقسام ناقصة في HTML): [post_call], [post_features], [post_prices], [post_services], [post_steps]. ما زال هناك رابط اتصال هاتفي tel: داخل المحتوى. فقرتان متتاليتان متطابقتان."
502,post,شركة صيانة سباكة في صلالة,https://rukn-eltatawer.com/om/plumbing-maintenance-salalah/,plumbing-maintenance-salalah,plumbing-maintenance,salalah,2303,1480,0.357,0,20,13,1,,,,template_boilerplate|unexpanded_shortcodes|tel_in_content,Template/Boilerplate | Missing SEO Elements | Errors/Placeholders,Template/Boilerplate,"هيكل H2 مكرر على 1 مقالة، ونسبة الجمل المكررة 36%. شورت كود كيان غير مُفسَّر (أقسام ناقصة في HTML): [post_call], [post_features], [post_prices], [post_services], [post_steps]. ما زال هناك رابط اتصال هاتفي tel: داخل المحتوى."
501,post,شركة صيانة سباكة في مسقط,https://rukn-eltatawer.com/om/plumbing-maintenance-muscat/,plumbing-maintenance-muscat,plumbing-maintenance,muscat,2362,1394,0.41,0,20,13,1,,,,template_boilerplate|unexpanded_shortcodes|tel_in_content,Template/Boilerplate | Missing SEO Elements | Errors/Placeholders,Template/Boilerplate,"هيكل H2 مكرر على 1 مقالة، ونسبة الجمل المكررة 41%. شورت كود كيان غير مُفسَّر (أقسام ناقصة في HTML): [post_call], [post_features], [post_prices], [post_services], [post_steps]. ما زال هناك رابط اتصال هاتفي tel: داخل المحتوى."
652,post,شركة تركيب وصيانة مضخات مياه وصرف صحي في البريمي,https://rukn-eltatawer.com/om/water-pumps-al-buraimi/,water-pumps-al-buraimi,water-pumps,al-buraimi,2342,1531,0.346,0,20,13,1,,,,unexpanded_shortcodes|tel_in_content,Missing SEO Elements | Errors/Placeholders,Missing SEO Elements,"شورت كود كيان غير مُفسَّر (أقسام ناقصة في HTML): [post_call], [post_features], [post_prices], [post_services], [post_steps]. ما زال هناك رابط اتصال هاتفي tel: داخل المحتوى."
650,post,شركة تركيب وصيانة مضخات مياه وصرف صحي في عبري,https://rukn-eltatawer.com/om/water-pumps-ibri/,water-pumps-ibri,water-pumps,ibri,2325,1553,0.332,0,20,13,1,,,,unexpanded_shortcodes|tel_in_content,Missing SEO Elements | Errors/Placeholders,Missing SEO Elements,"شورت كود كيان غير مُفسَّر (أقسام ناقصة في HTML): [post_call], [post_features], [post_prices], [post_services], [post_steps]. ما زال هناك رابط اتصال هاتفي tel: داخل المحتوى."
651,post,شركة تركيب وصيانة مضخات مياه وصرف صحي في الرستاق,https://rukn-eltatawer.com/om/water-pumps-rustaq/,water-pumps-rustaq,water-pumps,rustaq,2346,1509,0.357,0,20,13,1,,,,template_boilerplate|unexpanded_shortcodes|tel_in_content,Template/Boilerplate | Missing SEO Elements | Errors/Placeholders,Template/Boilerplate,"هيكل H2 مكرر على 1 مقالة، ونسبة الجمل المكررة 36%. شورت كود كيان غير مُفسَّر (أقسام ناقصة في HTML): [post_call], [post_features], [post_prices], [post_services], [post_steps]. ما زال هناك رابط اتصال هاتفي tel: داخل المحتوى."
649,post,شركة تركيب وصيانة مضخات مياه وصرف صحي في صور,https://rukn-eltatawer.com/om/water-pumps-sur/,water-pumps-sur,water-pumps,sur,2339,1467,0.373,0,20,13,1,,,,template_boilerplate|unexpanded_shortcodes|tel_in_content,Template/Boilerplate | Missing SEO Elements | Errors/Placeholders,Template/Boilerplate,"هيكل H2 مكرر على 1 مقالة، ونسبة الجمل المكررة 37%. شورت كود كيان غير مُفسَّر (أقسام ناقصة في HTML): [post_call], [post_features], [post_prices], [post_services], [post_steps]. ما زال هناك رابط اتصال هاتفي tel: داخل المحتوى."
648,post,شركة تركيب وصيانة مضخات مياه وصرف صحي في نزوى,https://rukn-eltatawer.com/om/water-pumps-nizwa/,water-pumps-nizwa,water-pumps,nizwa,2359,1559,0.339,0,20,13,1,,,,unexpanded_shortcodes|tel_in_content,Missing SEO Elements | Errors/Placeholders,Missing SEO Elements,"شورت كود كيان غير مُفسَّر (أقسام ناقصة في HTML): [post_call], [post_features], [post_prices], [post_services], [post_steps]. ما زال هناك رابط اتصال هاتفي tel: داخل المحتوى."
647,post,شركة تركيب وصيانة مضخات مياه وصرف صحي في صحار,https://rukn-eltatawer.com/om/water-pumps-sohar/,water-pumps-sohar,water-pumps,sohar,2386,1566,0.344,0,20,13,1,,,,unexpanded_shortcodes|tel_in_content,Missing SEO Elements | Errors/Placeholders,Missing SEO Elements,"شورت كود كيان غير مُفسَّر (أقسام ناقصة في HTML): [post_call], [post_features], [post_prices], [post_services], [post_steps]. ما زال هناك رابط اتصال هاتفي tel: داخل المحتوى."
646,post,شركة تركيب وصيانة مضخات مياه وصرف صحي في صلالة,https://rukn-eltatawer.com/om/water-pumps-salalah/,water-pumps-salalah,water-pumps,salalah,2408,1600,0.336,0,20,13,1,,,,unexpanded_shortcodes|tel_in_content,Missing SEO Elements | Errors/Placeholders,Missing SEO Elements,"شورت كود كيان غير مُفسَّر (أقسام ناقصة في HTML): [post_call], [post_features], [post_prices], [post_services], [post_steps]. ما زال هناك رابط اتصال هاتفي tel: داخل المحتوى."
645,post,شركة تركيب وصيانة مضخات مياه وصرف صحي في مسقط,https://rukn-eltatawer.com/om/water-pumps-muscat/,water-pumps-muscat,water-pumps,muscat,2491,1647,0.339,0,20,13,1,,,,unexpanded_shortcodes|tel_in_content,Missing SEO Elements | Errors/Placeholders,Missing SEO Elements,"شورت كود كيان غير مُفسَّر (أقسام ناقصة في HTML): [post_call], [post_features], [post_prices], [post_services], [post_steps]. ما زال هناك رابط اتصال هاتفي tel: داخل المحتوى."
1836,post,شركة صيانة مضخات مياه في البريمي,https://rukn-eltatawer.com/om/water-pump-maintenance-al-buraimi/,water-pump-maintenance-al-buraimi,water-pump-maintenance,al-buraimi,2299,1562,0.321,0,20,13,1,,,,unexpanded_shortcodes|tel_in_content,Missing SEO Elements | Errors/Placeholders,Missing SEO Elements,"شورت كود كيان غير مُفسَّر (أقسام ناقصة في HTML): [post_call], [post_features], [post_prices], [post_services], [post_steps]. ما زال هناك رابط اتصال هاتفي tel: داخل المحتوى."
1834,post,شركة صيانة مضخات مياه في عبري,https://rukn-eltatawer.com/om/water-pump-maintenance-ibri/,water-pump-maintenance-ibri,water-pump-maintenance,ibri,2230,1404,0.37,0,20,13,1,,,,template_boilerplate|unexpanded_shortcodes|tel_in_content,Template/Boilerplate | Missing SEO Elements | Errors/Placeholders,Template/Boilerplate,"هيكل H2 مكرر على 1 مقالة، ونسبة الجمل المكررة 37%. شورت كود كيان غير مُفسَّر (أقسام ناقصة في HTML): [post_call], [post_features], [post_prices], [post_services], [post_steps]. ما زال هناك رابط اتصال هاتفي tel: داخل المحتوى."
1835,post,شركة صيانة مضخات مياه في الرستاق,https://rukn-eltatawer.com/om/water-pump-maintenance-rustaq/,water-pump-maintenance-rustaq,water-pump-maintenance,rustaq,2268,1475,0.35,0,20,13,1,,,,template_boilerplate|unexpanded_shortcodes|tel_in_content,Template/Boilerplate | Missing SEO Elements | Errors/Placeholders,Template/Boilerplate,"هيكل H2 مكرر على 1 مقالة، ونسبة الجمل المكررة 35%. شورت كود كيان غير مُفسَّر (أقسام ناقصة في HTML): [post_call], [post_features], [post_prices], [post_services], [post_steps]. ما زال هناك رابط اتصال هاتفي tel: داخل المحتوى."
1833,post,شركة صيانة مضخات مياه في صور,https://rukn-eltatawer.com/om/water-pump-maintenance-sur/,water-pump-maintenance-sur,water-pump-maintenance,sur,2280,1490,0.346,0,20,13,1,,,,unexpanded_shortcodes|tel_in_content,Missing SEO Elements | Errors/Placeholders,Missing SEO Elements,"شورت كود كيان غير مُفسَّر (أقسام ناقصة في HTML): [post_call], [post_features], [post_prices], [post_services], [post_steps]. ما زال هناك رابط اتصال هاتفي tel: داخل المحتوى."
1832,post,شركة صيانة مضخات مياه في نزوى,https://rukn-eltatawer.com/om/water-pump-maintenance-nizwa/,water-pump-maintenance-nizwa,water-pump-maintenance,nizwa,2320,1471,0.366,0,20,13,1,,,,template_boilerplate|unexpanded_shortcodes|tel_in_content,Template/Boilerplate | Missing SEO Elements | Errors/Placeholders,Template/Boilerplate,"هيكل H2 مكرر على 1 مقالة، ونسبة الجمل المكررة 37%. شورت كود كيان غير مُفسَّر (أقسام ناقصة في HTML): [post_call], [post_features], [post_prices], [post_services], [post_steps]. ما زال هناك رابط اتصال هاتفي tel: داخل المحتوى."
1831,post,شركة صيانة مضخات مياه في صحار,https://rukn-eltatawer.com/om/water-pump-maintenance-sohar/,water-pump-maintenance-sohar,water-pump-maintenance,sohar,2276,1458,0.359,0,20,13,1,,,,template_boilerplate|unexpanded_shortcodes|tel_in_content,Template/Boilerplate | Missing SEO Elements | Errors/Placeholders,Template/Boilerplate,"هيكل H2 مكرر على 1 مقالة، ونسبة الجمل المكررة 36%. شورت كود كيان غير مُفسَّر (أقسام ناقصة في HTML): [post_call], [post_features], [post_prices], [post_services], [post_steps]. ما زال هناك رابط اتصال هاتفي tel: داخل المحتوى."
1830,post,شركة صيانة مضخات مياه في صلالة,https://rukn-eltatawer.com/om/water-pump-maintenance-salalah/,water-pump-maintenance-salalah,water-pump-maintenance,salalah,2320,1519,0.345,0,20,13,1,,,,unexpanded_shortcodes|tel_in_content,Missing SEO Elements | Errors/Placeholders,Missing SEO Elements,"شورت كود كيان غير مُفسَّر (أقسام ناقصة في HTML): [post_call], [post_features], [post_prices], [post_services], [post_steps]. ما زال هناك رابط اتصال هاتفي tel: داخل المحتوى."
1829,post,شركة صيانة مضخات مياه في مسقط,https://rukn-eltatawer.com/om/water-pump-maintenance-muscat/,water-pump-maintenance-muscat,water-pump-maintenance,muscat,2386,1497,0.373,0,20,13,1,,,,template_boilerplate|unexpanded_shortcodes|tel_in_content,Template/Boilerplate | Missing SEO Elements | Errors/Placeholders,Template/Boilerplate,"هيكل H2 مكرر على 1 مقالة، ونسبة الجمل المكررة 37%. شورت كود كيان غير مُفسَّر (أقسام ناقصة في HTML): [post_call], [post_features], [post_prices], [post_services], [post_steps]. ما زال هناك رابط اتصال هاتفي tel: داخل المحتوى."
620,post,شركة صيانة سخانات في البريمي,https://rukn-eltatawer.com/om/water-heater-maintenance-al-buraimi/,water-heater-maintenance-al-buraimi,water-heater-maintenance,al-buraimi,2200,1408,0.36,0,20,13,1,,,,template_boilerplate|unexpanded_shortcodes|tel_in_content,Template/Boilerplate | Missing SEO Elements | Errors/Placeholders,Template/Boilerplate,"هيكل H2 مكرر على 1 مقالة، ونسبة الجمل المكررة 36%. شورت كود كيان غير مُفسَّر (أقسام ناقصة في HTML): [post_call], [post_features], [post_prices], [post_services], [post_steps]. ما زال هناك رابط اتصال هاتفي tel: داخل المحتوى."
618,post,شركة صيانة سخانات في عبري,https://rukn-eltatawer.com/om/water-heater-maintenance-ibri/,water-heater-maintenance-ibri,water-heater-maintenance,ibri,2182,1319,0.396,0,20,13,1,,,,template_boilerplate|unexpanded_shortcodes|tel_in_content,Template/Boilerplate | Missing SEO Elements | Errors/Placeholders,Template/Boilerplate,"هيكل H2 مكرر على 1 مقالة، ونسبة الجمل المكررة 40%. شورت كود كيان غير مُفسَّر (أقسام ناقصة في HTML): [post_call], [post_features], [post_prices], [post_services], [post_steps]. ما زال هناك رابط اتصال هاتفي tel: داخل المحتوى."
619,post,شركة صيانة سخانات في الرستاق,https://rukn-eltatawer.com/om/water-heater-maintenance-rustaq/,water-heater-maintenance-rustaq,water-heater-maintenance,rustaq,2220,1423,0.359,0,20,13,1,,,,template_boilerplate|unexpanded_shortcodes|tel_in_content,Template/Boilerplate | Missing SEO Elements | Errors/Placeholders,Template/Boilerplate,"هيكل H2 مكرر على 1 مقالة، ونسبة الجمل المكررة 36%. شورت كود كيان غير مُفسَّر (أقسام ناقصة في HTML): [post_call], [post_features], [post_prices], [post_services], [post_steps]. ما زال هناك رابط اتصال هاتفي tel: داخل المحتوى."
617,post,شركة صيانة سخانات في صور,https://rukn-eltatawer.com/om/water-heater-maintenance-sur/,water-heater-maintenance-sur,water-heater-maintenance,sur,2214,1454,0.343,0,20,13,1,,,,unexpanded_shortcodes|tel_in_content,Missing SEO Elements | Errors/Placeholders,Missing SEO Elements,"شورت كود كيان غير مُفسَّر (أقسام ناقصة في HTML): [post_call], [post_features], [post_prices], [post_services], [post_steps]. ما زال هناك رابط اتصال هاتفي tel: داخل المحتوى."
616,post,شركة صيانة سخانات في نزوى,https://rukn-eltatawer.com/om/water-heater-maintenance-nizwa/,water-heater-maintenance-nizwa,water-heater-maintenance,nizwa,2227,1350,0.394,0,20,13,1,,,,template_boilerplate|unexpanded_shortcodes|tel_in_content,Template/Boilerplate | Missing SEO Elements | Errors/Placeholders,Template/Boilerplate,"هيكل H2 مكرر على 1 مقالة، ونسبة الجمل المكررة 39%. شورت كود كيان غير مُفسَّر (أقسام ناقصة في HTML): [post_call], [post_features], [post_prices], [post_services], [post_steps]. ما زال هناك رابط اتصال هاتفي tel: داخل المحتوى."
615,post,شركة صيانة سخانات في صحار,https://rukn-eltatawer.com/om/water-heater-maintenance-sohar/,water-heater-maintenance-sohar,water-heater-maintenance,sohar,2205,1395,0.367,0,20,13,1,https://rukn-eltatawer.com/om/drain-unclogging-nizwa/,cross-service-duplicate,8,template_boilerplate|duplicate_similar|unexpanded_shortcodes|tel_in_content,Template/Boilerplate | Duplicate/Similar | Missing SEO Elements | Errors/Placeholders,Template/Boilerplate,"هيكل H2 مكرر على 1 مقالة، ونسبة الجمل المكررة 37%. تشابه مرتفع (hamming=8, cross-service-duplicate) مع https://rukn-eltatawer.com/om/drain-unclogging-nizwa/. شورت كود كيان غير مُفسَّر (أقسام ناقصة في HTML): [post_call], [post_features], [post_prices], [post_services], [post_steps]. ما زال هناك رابط اتصال هاتفي tel: داخل المحتوى."
614,post,شركة صيانة سخانات في صلالة,https://rukn-eltatawer.com/om/water-heater-maintenance-salalah/,water-heater-maintenance-salalah,water-heater-maintenance,salalah,2275,1458,0.359,0,20,13,1,,,,template_boilerplate|unexpanded_shortcodes|tel_in_content,Template/Boilerplate | Missing SEO Elements | Errors/Placeholders,Template/Boilerplate,"هيكل H2 مكرر على 1 مقالة، ونسبة الجمل المكررة 36%. شورت كود كيان غير مُفسَّر (أقسام ناقصة في HTML): [post_call], [post_features], [post_prices], [post_services], [post_steps]. ما زال هناك رابط اتصال هاتفي tel: داخل المحتوى."
613,post,شركة صيانة سخانات في مسقط,https://rukn-eltatawer.com/om/water-heater-maintenance-muscat/,water-heater-maintenance-muscat,water-heater-maintenance,muscat,2333,1472,0.369,0,20,13,1,,,,template_boilerplate|unexpanded_shortcodes|tel_in_content,Template/Boilerplate | Missing SEO Elements | Errors/Placeholders,Template/Boilerplate,"هيكل H2 مكرر على 1 مقالة، ونسبة الجمل المكررة 37%. شورت كود كيان غير مُفسَّر (أقسام ناقصة في HTML): [post_call], [post_features], [post_prices], [post_services], [post_steps]. ما زال هناك رابط اتصال هاتفي tel: داخل المحتوى."
1796,post,شركة تركيب سخانات مياه في البريمي,https://rukn-eltatawer.com/om/water-heater-installation-al-buraimi/,water-heater-installation-al-buraimi,water-heater-installation,al-buraimi,2216,1381,0.377,0,20,13,1,,,,template_boilerplate|unexpanded_shortcodes|tel_in_content,Template/Boilerplate | Missing SEO Elements | Errors/Placeholders,Template/Boilerplate,"هيكل H2 مكرر على 1 مقالة، ونسبة الجمل المكررة 38%. شورت كود كيان غير مُفسَّر (أقسام ناقصة في HTML): [post_call], [post_features], [post_prices], [post_services], [post_steps]. ما زال هناك رابط اتصال هاتفي tel: داخل المحتوى."
1794,post,شركة تركيب سخانات مياه في عبري,https://rukn-eltatawer.com/om/water-heater-installation-ibri/,water-heater-installation-ibri,water-heater-installation,ibri,2227,1305,0.414,0,20,13,1,,,,template_boilerplate|unexpanded_shortcodes|tel_in_content,Template/Boilerplate | Missing SEO Elements | Errors/Placeholders,Template/Boilerplate,"هيكل H2 مكرر على 1 مقالة، ونسبة الجمل المكررة 41%. شورت كود كيان غير مُفسَّر (أقسام ناقصة في HTML): [post_call], [post_features], [post_prices], [post_services], [post_steps]. ما زال هناك رابط اتصال هاتفي tel: داخل المحتوى."
1795,post,شركة تركيب سخانات مياه في الرستاق,https://rukn-eltatawer.com/om/water-heater-installation-rustaq/,water-heater-installation-rustaq,water-heater-installation,rustaq,2256,1515,0.328,0,20,13,1,,,,unexpanded_shortcodes|tel_in_content,Missing SEO Elements | Errors/Placeholders,Missing SEO Elements,"شورت كود كيان غير مُفسَّر (أقسام ناقصة في HTML): [post_call], [post_features], [post_prices], [post_services], [post_steps]. ما زال هناك رابط اتصال هاتفي tel: داخل المحتوى."
1793,post,شركة تركيب سخانات مياه في صور,https://rukn-eltatawer.com/om/water-heater-installation-sur/,water-heater-installation-sur,water-heater-installation,sur,2231,1219,0.454,0,20,13,1,,,,template_boilerplate|unexpanded_shortcodes|tel_in_content,Template/Boilerplate | Missing SEO Elements | Errors/Placeholders,Template/Boilerplate,"هيكل H2 مكرر على 1 مقالة، ونسبة الجمل المكررة 45%. شورت كود كيان غير مُفسَّر (أقسام ناقصة في HTML): [post_call], [post_features], [post_prices], [post_services], [post_steps]. ما زال هناك رابط اتصال هاتفي tel: داخل المحتوى."
1792,post,شركة تركيب سخانات مياه في نزوى,https://rukn-eltatawer.com/om/water-heater-installation-nizwa/,water-heater-installation-nizwa,water-heater-installation,nizwa,2240,1452,0.352,0,20,13,1,,,,template_boilerplate|unexpanded_shortcodes|tel_in_content,Template/Boilerplate | Missing SEO Elements | Errors/Placeholders,Template/Boilerplate,"هيكل H2 مكرر على 1 مقالة، ونسبة الجمل المكررة 35%. شورت كود كيان غير مُفسَّر (أقسام ناقصة في HTML): [post_call], [post_features], [post_prices], [post_services], [post_steps]. ما زال هناك رابط اتصال هاتفي tel: داخل المحتوى."
1791,post,شركة تركيب سخانات مياه في صحار,https://rukn-eltatawer.com/om/water-heater-installation-sohar/,water-heater-installation-sohar,water-heater-installation,sohar,2253,1472,0.347,0,20,13,1,,,,unexpanded_shortcodes|tel_in_content,Missing SEO Elements | Errors/Placeholders,Missing SEO Elements,"شورت كود كيان غير مُفسَّر (أقسام ناقصة في HTML): [post_call], [post_features], [post_prices], [post_services], [post_steps]. ما زال هناك رابط اتصال هاتفي tel: داخل المحتوى."
1790,post,شركة تركيب سخانات مياه في صلالة,https://rukn-eltatawer.com/om/water-heater-installation-salalah/,water-heater-installation-salalah,water-heater-installation,salalah,2300,1486,0.354,0,20,13,1,https://rukn-eltatawer.com/om/solar-water-heaters-salalah/,cross-service-duplicate,8,template_boilerplate|duplicate_similar|unexpanded_shortcodes|tel_in_content,Template/Boilerplate | Duplicate/Similar | Missing SEO Elements | Errors/Placeholders,Template/Boilerplate,"هيكل H2 مكرر على 1 مقالة، ونسبة الجمل المكررة 35%. تشابه مرتفع (hamming=8, cross-service-duplicate) مع https://rukn-eltatawer.com/om/solar-water-heaters-salalah/. شورت كود كيان غير مُفسَّر (أقسام ناقصة في HTML): [post_call], [post_features], [post_prices], [post_services], [post_steps]. ما زال هناك رابط اتصال هاتفي tel: داخل المحتوى."
1789,post,شركة تركيب سخانات مياه في مسقط,https://rukn-eltatawer.com/om/water-heater-installation-muscat/,water-heater-installation-muscat,water-heater-installation,muscat,2368,1457,0.385,0,20,13,1,,,,template_boilerplate|unexpanded_shortcodes|tel_in_content,Template/Boilerplate | Missing SEO Elements | Errors/Placeholders,Template/Boilerplate,"هيكل H2 مكرر على 1 مقالة، ونسبة الجمل المكررة 38%. شورت كود كيان غير مُفسَّر (أقسام ناقصة في HTML): [post_call], [post_features], [post_prices], [post_services], [post_steps]. ما زال هناك رابط اتصال هاتفي tel: داخل المحتوى."
836,post,شركة شفط بيارات في البريمي,https://rukn-eltatawer.com/om/septic-tank-emptying-al-buraimi/,septic-tank-emptying-al-buraimi,septic-tank-emptying,al-buraimi,2209,1465,0.337,0,20,13,1,,,,unexpanded_shortcodes|tel_in_content,Missing SEO Elements | Errors/Placeholders,Missing SEO Elements,"شورت كود كيان غير مُفسَّر (أقسام ناقصة في HTML): [post_call], [post_features], [post_prices], [post_services], [post_steps]. ما زال هناك رابط اتصال هاتفي tel: داخل المحتوى."
834,post,شركة شفط بيارات في عبري,https://rukn-eltatawer.com/om/septic-tank-emptying-ibri/,septic-tank-emptying-ibri,septic-tank-emptying,ibri,2187,1442,0.341,0,20,13,1,,,,unexpanded_shortcodes|tel_in_content,Missing SEO Elements | Errors/Placeholders,Missing SEO Elements,"شورت كود كيان غير مُفسَّر (أقسام ناقصة في HTML): [post_call], [post_features], [post_prices], [post_services], [post_steps]. ما زال هناك رابط اتصال هاتفي tel: داخل المحتوى."
835,post,شركة شفط بيارات في الرستاق,https://rukn-eltatawer.com/om/septic-tank-emptying-rustaq/,septic-tank-emptying-rustaq,septic-tank-emptying,rustaq,2223,1414,0.364,0,20,13,1,https://rukn-eltatawer.com/om/solar-ac-installation-nizwa/,cross-service-duplicate,7,template_boilerplate|duplicate_similar|unexpanded_shortcodes|tel_in_content,Template/Boilerplate | Duplicate/Similar | Missing SEO Elements | Errors/Placeholders,Template/Boilerplate,"هيكل H2 مكرر على 1 مقالة، ونسبة الجمل المكررة 36%. تشابه مرتفع (hamming=7, cross-service-duplicate) مع https://rukn-eltatawer.com/om/solar-ac-installation-nizwa/. شورت كود كيان غير مُفسَّر (أقسام ناقصة في HTML): [post_call], [post_features], [post_prices], [post_services], [post_steps]. ما زال هناك رابط اتصال هاتفي tel: داخل المحتوى."
833,post,شركة شفط بيارات في صور,https://rukn-eltatawer.com/om/septic-tank-emptying-sur/,septic-tank-emptying-sur,septic-tank-emptying,sur,2271,1452,0.361,0,20,13,1,,,,template_boilerplate|unexpanded_shortcodes|tel_in_content,Template/Boilerplate | Missing SEO Elements | Errors/Placeholders,Template/Boilerplate,"هيكل H2 مكرر على 1 مقالة، ونسبة الجمل المكررة 36%. شورت كود كيان غير مُفسَّر (أقسام ناقصة في HTML): [post_call], [post_features], [post_prices], [post_services], [post_steps]. ما زال هناك رابط اتصال هاتفي tel: داخل المحتوى."
832,post,شركة شفط بيارات في نزوى,https://rukn-eltatawer.com/om/septic-tank-emptying-nizwa/,septic-tank-emptying-nizwa,septic-tank-emptying,nizwa,2268,1481,0.347,0,20,13,1,,,,unexpanded_shortcodes|tel_in_content,Missing SEO Elements | Errors/Placeholders,Missing SEO Elements,"شورت كود كيان غير مُفسَّر (أقسام ناقصة في HTML): [post_call], [post_features], [post_prices], [post_services], [post_steps]. ما زال هناك رابط اتصال هاتفي tel: داخل المحتوى."
831,post,شركة شفط بيارات في صحار,https://rukn-eltatawer.com/om/septic-tank-emptying-sohar/,septic-tank-emptying-sohar,septic-tank-emptying,sohar,2254,1423,0.369,0,20,13,1,,,,template_boilerplate|unexpanded_shortcodes|tel_in_content,Template/Boilerplate | Missing SEO Elements | Errors/Placeholders,Template/Boilerplate,"هيكل H2 مكرر على 1 مقالة، ونسبة الجمل المكررة 37%. شورت كود كيان غير مُفسَّر (أقسام ناقصة في HTML): [post_call], [post_features], [post_prices], [post_services], [post_steps]. ما زال هناك رابط اتصال هاتفي tel: داخل المحتوى."
830,post,شركة شفط بيارات في صلالة,https://rukn-eltatawer.com/om/septic-tank-emptying-salalah/,septic-tank-emptying-salalah,septic-tank-emptying,salalah,2294,1428,0.378,0,20,13,1,,,,template_boilerplate|unexpanded_shortcodes|tel_in_content,Template/Boilerplate | Missing SEO Elements | Errors/Placeholders,Template/Boilerplate,"هيكل H2 مكرر على 1 مقالة، ونسبة الجمل المكررة 38%. شورت كود كيان غير مُفسَّر (أقسام ناقصة في HTML): [post_call], [post_features], [post_prices], [post_services], [post_steps]. ما زال هناك رابط اتصال هاتفي tel: داخل المحتوى."
829,post,شركة شفط بيارات في مسقط,https://rukn-eltatawer.com/om/septic-tank-emptying-muscat/,septic-tank-emptying-muscat,septic-tank-emptying,muscat,2346,1494,0.363,0,20,13,1,,,,template_boilerplate|unexpanded_shortcodes|tel_in_content,Template/Boilerplate | Missing SEO Elements | Errors/Placeholders,Template/Boilerplate,"هيكل H2 مكرر على 1 مقالة، ونسبة الجمل المكررة 36%. شورت كود كيان غير مُفسَّر (أقسام ناقصة في HTML): [post_call], [post_features], [post_prices], [post_services], [post_steps]. ما زال هناك رابط اتصال هاتفي tel: داخل المحتوى."
1804,post,شركة صيانة مواسير صرف صحي في البريمي,https://rukn-eltatawer.com/om/drainage-pipe-maintenance-al-buraimi/,drainage-pipe-maintenance-al-buraimi,drainage-pipe-maintenance,al-buraimi,2286,1467,0.358,0,20,13,1,https://rukn-eltatawer.com/om/drainage-pipe-maintenance-salalah/,city-variant-template,8,template_boilerplate|duplicate_similar|unexpanded_shortcodes|tel_in_content,Template/Boilerplate | Duplicate/Similar | Missing SEO Elements | Errors/Placeholders,Template/Boilerplate,"هيكل H2 مكرر على 1 مقالة، ونسبة الجمل المكررة 36%. تشابه مرتفع (hamming=8, city-variant-template) مع https://rukn-eltatawer.com/om/drainage-pipe-maintenance-salalah/. شورت كود كيان غير مُفسَّر (أقسام ناقصة في HTML): [post_call], [post_features], [post_prices], [post_services], [post_steps]. ما زال هناك رابط اتصال هاتفي tel: داخل المحتوى."
1802,post,شركة صيانة مواسير صرف صحي في عبري,https://rukn-eltatawer.com/om/drainage-pipe-maintenance-ibri/,drainage-pipe-maintenance-ibri,drainage-pipe-maintenance,ibri,2275,1470,0.354,0,20,13,1,,,,template_boilerplate|unexpanded_shortcodes|tel_in_content,Template/Boilerplate | Missing SEO Elements | Errors/Placeholders,Template/Boilerplate,"هيكل H2 مكرر على 1 مقالة، ونسبة الجمل المكررة 35%. شورت كود كيان غير مُفسَّر (أقسام ناقصة في HTML): [post_call], [post_features], [post_prices], [post_services], [post_steps]. ما زال هناك رابط اتصال هاتفي tel: داخل المحتوى."
1803,post,شركة صيانة مواسير صرف صحي في الرستاق,https://rukn-eltatawer.com/om/drainage-pipe-maintenance-rustaq/,drainage-pipe-maintenance-rustaq,drainage-pipe-maintenance,rustaq,2317,1526,0.341,0,20,13,1,,,,unexpanded_shortcodes|tel_in_content,Missing SEO Elements | Errors/Placeholders,Missing SEO Elements,"شورت كود كيان غير مُفسَّر (أقسام ناقصة في HTML): [post_call], [post_features], [post_prices], [post_services], [post_steps]. ما زال هناك رابط اتصال هاتفي tel: داخل المحتوى."
1801,post,شركة صيانة مواسير صرف صحي في صور,https://rukn-eltatawer.com/om/drainage-pipe-maintenance-sur/,drainage-pipe-maintenance-sur,drainage-pipe-maintenance,sur,2312,1478,0.361,0,20,13,1,,,,template_boilerplate|unexpanded_shortcodes|tel_in_content,Template/Boilerplate | Missing SEO Elements | Errors/Placeholders,Template/Boilerplate,"هيكل H2 مكرر على 1 مقالة، ونسبة الجمل المكررة 36%. شورت كود كيان غير مُفسَّر (أقسام ناقصة في HTML): [post_call], [post_features], [post_prices], [post_services], [post_steps]. ما زال هناك رابط اتصال هاتفي tel: داخل المحتوى."
1800,post,شركة صيانة مواسير صرف صحي في نزوى,https://rukn-eltatawer.com/om/drainage-pipe-maintenance-nizwa/,drainage-pipe-maintenance-nizwa,drainage-pipe-maintenance,nizwa,2306,1372,0.405,0,20,13,1,,,,template_boilerplate|unexpanded_shortcodes|tel_in_content,Template/Boilerplate | Missing SEO Elements | Errors/Placeholders,Template/Boilerplate,"هيكل H2 مكرر على 1 مقالة، ونسبة الجمل المكررة 40%. شورت كود كيان غير مُفسَّر (أقسام ناقصة في HTML): [post_call], [post_features], [post_prices], [post_services], [post_steps]. ما زال هناك رابط اتصال هاتفي tel: داخل المحتوى."
1799,post,شركة صيانة مواسير صرف صحي في صحار,https://rukn-eltatawer.com/om/drainage-pipe-maintenance-sohar/,drainage-pipe-maintenance-sohar,drainage-pipe-maintenance,sohar,2281,1514,0.336,0,20,13,1,,,,unexpanded_shortcodes|tel_in_content,Missing SEO Elements | Errors/Placeholders,Missing SEO Elements,"شورت كود كيان غير مُفسَّر (أقسام ناقصة في HTML): [post_call], [post_features], [post_prices], [post_services], [post_steps]. ما زال هناك رابط اتصال هاتفي tel: داخل المحتوى."
1798,post,شركة صيانة مواسير صرف صحي في صلالة,https://rukn-eltatawer.com/om/drainage-pipe-maintenance-salalah/,drainage-pipe-maintenance-salalah,drainage-pipe-maintenance,salalah,2351,1455,0.381,0,20,13,1,https://rukn-eltatawer.com/om/drainage-pipe-maintenance-al-buraimi/,city-variant-template,8,template_boilerplate|duplicate_similar|unexpanded_shortcodes|tel_in_content,Template/Boilerplate | Duplicate/Similar | Missing SEO Elements | Errors/Placeholders,Template/Boilerplate,"هيكل H2 مكرر على 1 مقالة، ونسبة الجمل المكررة 38%. تشابه مرتفع (hamming=8, city-variant-template) مع https://rukn-eltatawer.com/om/drainage-pipe-maintenance-al-buraimi/. شورت كود كيان غير مُفسَّر (أقسام ناقصة في HTML): [post_call], [post_features], [post_prices], [post_services], [post_steps]. ما زال هناك رابط اتصال هاتفي tel: داخل المحتوى."
1797,post,شركة صيانة مواسير صرف صحي في مسقط,https://rukn-eltatawer.com/om/drainage-pipe-maintenance-muscat/,drainage-pipe-maintenance-muscat,drainage-pipe-maintenance,muscat,2479,1599,0.355,0,20,13,1,,,,template_boilerplate|unexpanded_shortcodes|tel_in_content,Template/Boilerplate | Missing SEO Elements | Errors/Placeholders,Template/Boilerplate,"هيكل H2 مكرر على 1 مقالة، ونسبة الجمل المكررة 36%. شورت كود كيان غير مُفسَّر (أقسام ناقصة في HTML): [post_call], [post_features], [post_prices], [post_services], [post_steps]. ما زال هناك رابط اتصال هاتفي tel: داخل المحتوى."
844,post,شركة تسليك مجاري في البريمي,https://rukn-eltatawer.com/om/drain-unclogging-al-buraimi/,drain-unclogging-al-buraimi,drain-unclogging,al-buraimi,2183,1427,0.346,0,20,13,1,,,,unexpanded_shortcodes|tel_in_content,Missing SEO Elements | Errors/Placeholders,Missing SEO Elements,"شورت كود كيان غير مُفسَّر (أقسام ناقصة في HTML): [post_call], [post_features], [post_prices], [post_services], [post_steps]. ما زال هناك رابط اتصال هاتفي tel: داخل المحتوى."
842,post,شركة تسليك مجاري في عبري,https://rukn-eltatawer.com/om/drain-unclogging-ibri/,drain-unclogging-ibri,drain-unclogging,ibri,2201,1371,0.377,0,20,13,1,,,,template_boilerplate|unexpanded_shortcodes|tel_in_content,Template/Boilerplate | Missing SEO Elements | Errors/Placeholders,Template/Boilerplate,"هيكل H2 مكرر على 1 مقالة، ونسبة الجمل المكررة 38%. شورت كود كيان غير مُفسَّر (أقسام ناقصة في HTML): [post_call], [post_features], [post_prices], [post_services], [post_steps]. ما زال هناك رابط اتصال هاتفي tel: داخل المحتوى."
843,post,شركة تسليك مجاري في الرستاق,https://rukn-eltatawer.com/om/drain-unclogging-rustaq/,drain-unclogging-rustaq,drain-unclogging,rustaq,2205,1380,0.374,0,20,13,1,,,,template_boilerplate|unexpanded_shortcodes|tel_in_content,Template/Boilerplate | Missing SEO Elements | Errors/Placeholders,Template/Boilerplate,"هيكل H2 مكرر على 1 مقالة، ونسبة الجمل المكررة 37%. شورت كود كيان غير مُفسَّر (أقسام ناقصة في HTML): [post_call], [post_features], [post_prices], [post_services], [post_steps]. ما زال هناك رابط اتصال هاتفي tel: داخل المحتوى."
841,post,شركة تسليك مجاري في صور,https://rukn-eltatawer.com/om/drain-unclogging-sur/,drain-unclogging-sur,drain-unclogging,sur,2207,1506,0.318,0,20,13,1,,,,unexpanded_shortcodes|tel_in_content|structural_error,Missing SEO Elements | Errors/Placeholders,Missing SEO Elements,"شورت كود كيان غير مُفسَّر (أقسام ناقصة في HTML): [post_call], [post_features], [post_prices], [post_services], [post_steps]. ما زال هناك رابط اتصال هاتفي tel: داخل المحتوى. فقرتان متتاليتان متطابقتان."
840,post,شركة تسليك مجاري في نزوى,https://rukn-eltatawer.com/om/drain-unclogging-nizwa/,drain-unclogging-nizwa,drain-unclogging,nizwa,2220,1429,0.356,0,20,13,1,https://rukn-eltatawer.com/om/stove-maintenance-al-buraimi/,cross-service-duplicate,8,template_boilerplate|duplicate_similar|unexpanded_shortcodes|tel_in_content,Template/Boilerplate | Duplicate/Similar | Missing SEO Elements | Errors/Placeholders,Template/Boilerplate,"هيكل H2 مكرر على 1 مقالة، ونسبة الجمل المكررة 36%. تشابه مرتفع (hamming=8, cross-service-duplicate) مع https://rukn-eltatawer.com/om/stove-maintenance-al-buraimi/. شورت كود كيان غير مُفسَّر (أقسام ناقصة في HTML): [post_call], [post_features], [post_prices], [post_services], [post_steps]. ما زال هناك رابط اتصال هاتفي tel: داخل المحتوى."
839,post,شركة تسليك مجاري في صحار,https://rukn-eltatawer.com/om/drain-unclogging-sohar/,drain-unclogging-sohar,drain-unclogging,sohar,2219,1472,0.337,0,20,13,1,,,,unexpanded_shortcodes|tel_in_content,Missing SEO Elements | Errors/Placeholders,Missing SEO Elements,"شورت كود كيان غير مُفسَّر (أقسام ناقصة في HTML): [post_call], [post_features], [post_prices], [post_services], [post_steps]. ما زال هناك رابط اتصال هاتفي tel: داخل المحتوى."
838,post,شركة تسليك مجاري في صلالة,https://rukn-eltatawer.com/om/drain-unclogging-salalah/,drain-unclogging-salalah,drain-unclogging,salalah,2265,1427,0.37,0,20,13,1,,,,template_boilerplate|unexpanded_shortcodes|tel_in_content,Template/Boilerplate | Missing SEO Elements | Errors/Placeholders,Template/Boilerplate,"هيكل H2 مكرر على 1 مقالة، ونسبة الجمل المكررة 37%. شورت كود كيان غير مُفسَّر (أقسام ناقصة في HTML): [post_call], [post_features], [post_prices], [post_services], [post_steps]. ما زال هناك رابط اتصال هاتفي tel: داخل المحتوى."
837,post,شركة تسليك مجاري في مسقط,https://rukn-eltatawer.com/om/drain-unclogging-muscat/,drain-unclogging-muscat,drain-unclogging,muscat,2343,1508,0.356,0,20,13,1,,,,template_boilerplate|unexpanded_shortcodes|tel_in_content,Template/Boilerplate | Missing SEO Elements | Errors/Placeholders,Template/Boilerplate,"هيكل H2 مكرر على 1 مقالة، ونسبة الجمل المكررة 36%. شورت كود كيان غير مُفسَّر (أقسام ناقصة في HTML): [post_call], [post_features], [post_prices], [post_services], [post_steps]. ما زال هناك رابط اتصال هاتفي tel: داخل المحتوى."
1780,post,شركة سباك منازل في البريمي,https://rukn-eltatawer.com/om/home-plumber-elec-al-buraimi/,home-plumber-elec-al-buraimi,home-plumber-elec,al-buraimi,2198,1405,0.361,0,20,13,1,,,,template_boilerplate|unexpanded_shortcodes|tel_in_content,Template/Boilerplate | Missing SEO Elements | Errors/Placeholders,Template/Boilerplate,"هيكل H2 مكرر على 1 مقالة، ونسبة الجمل المكررة 36%. شورت كود كيان غير مُفسَّر (أقسام ناقصة في HTML): [post_call], [post_features], [post_prices], [post_services], [post_steps]. ما زال هناك رابط اتصال هاتفي tel: داخل المحتوى."
1778,post,شركة سباك منازل في عبري,https://rukn-eltatawer.com/om/home-plumber-elec-ibri/,home-plumber-elec-ibri,home-plumber-elec,ibri,2218,1295,0.416,0,20,13,1,,,,template_boilerplate|unexpanded_shortcodes|tel_in_content,Template/Boilerplate | Missing SEO Elements | Errors/Placeholders,Template/Boilerplate,"هيكل H2 مكرر على 1 مقالة، ونسبة الجمل المكررة 42%. شورت كود كيان غير مُفسَّر (أقسام ناقصة في HTML): [post_call], [post_features], [post_prices], [post_services], [post_steps]. ما زال هناك رابط اتصال هاتفي tel: داخل المحتوى."
1779,post,شركة سباك منازل في الرستاق,https://rukn-eltatawer.com/om/home-plumber-elec-rustaq/,home-plumber-elec-rustaq,home-plumber-elec,rustaq,2229,1472,0.34,0,20,13,1,,,,unexpanded_shortcodes|tel_in_content,Missing SEO Elements | Errors/Placeholders,Missing SEO Elements,"شورت كود كيان غير مُفسَّر (أقسام ناقصة في HTML): [post_call], [post_features], [post_prices], [post_services], [post_steps]. ما زال هناك رابط اتصال هاتفي tel: داخل المحتوى."
1777,post,شركة سباك منازل في صور,https://rukn-eltatawer.com/om/home-plumber-elec-sur/,home-plumber-elec-sur,home-plumber-elec,sur,2224,1430,0.357,0,20,13,1,,,,template_boilerplate|unexpanded_shortcodes|tel_in_content,Template/Boilerplate | Missing SEO Elements | Errors/Placeholders,Template/Boilerplate,"هيكل H2 مكرر على 1 مقالة، ونسبة الجمل المكررة 36%. شورت كود كيان غير مُفسَّر (أقسام ناقصة في HTML): [post_call], [post_features], [post_prices], [post_services], [post_steps]. ما زال هناك رابط اتصال هاتفي tel: داخل المحتوى."
1776,post,شركة سباك منازل في نزوى,https://rukn-eltatawer.com/om/home-plumber-elec-nizwa/,home-plumber-elec-nizwa,home-plumber-elec,nizwa,2252,1469,0.348,0,20,13,1,,,,unexpanded_shortcodes|tel_in_content,Missing SEO Elements | Errors/Placeholders,Missing SEO Elements,"شورت كود كيان غير مُفسَّر (أقسام ناقصة في HTML): [post_call], [post_features], [post_prices], [post_services], [post_steps]. ما زال هناك رابط اتصال هاتفي tel: داخل المحتوى."
1775,post,شركة سباك منازل في صحار,https://rukn-eltatawer.com/om/home-plumber-elec-sohar/,home-plumber-elec-sohar,home-plumber-elec,sohar,2222,1390,0.374,0,20,13,1,,,,template_boilerplate|unexpanded_shortcodes|tel_in_content,Template/Boilerplate | Missing SEO Elements | Errors/Placeholders,Template/Boilerplate,"هيكل H2 مكرر على 1 مقالة، ونسبة الجمل المكررة 37%. شورت كود كيان غير مُفسَّر (أقسام ناقصة في HTML): [post_call], [post_features], [post_prices], [post_services], [post_steps]. ما زال هناك رابط اتصال هاتفي tel: داخل المحتوى."
1774,post,شركة سباك منازل في صلالة,https://rukn-eltatawer.com/om/home-plumber-elec-salalah/,home-plumber-elec-salalah,home-plumber-elec,salalah,2283,1429,0.374,0,20,13,1,,,,template_boilerplate|unexpanded_shortcodes|tel_in_content,Template/Boilerplate | Missing SEO Elements | Errors/Placeholders,Template/Boilerplate,"هيكل H2 مكرر على 1 مقالة، ونسبة الجمل المكررة 37%. شورت كود كيان غير مُفسَّر (أقسام ناقصة في HTML): [post_call], [post_features], [post_prices], [post_services], [post_steps]. ما زال هناك رابط اتصال هاتفي tel: داخل المحتوى."
1773,post,شركة سباك منازل في مسقط,https://rukn-eltatawer.com/om/home-plumber-elec-muscat/,home-plumber-elec-muscat,home-plumber-elec,muscat,2352,1475,0.373,0,20,13,1,,,,template_boilerplate|unexpanded_shortcodes|tel_in_content,Template/Boilerplate | Missing SEO Elements | Errors/Placeholders,Template/Boilerplate,"هيكل H2 مكرر على 1 مقالة، ونسبة الجمل المكررة 37%. شورت كود كيان غير مُفسَّر (أقسام ناقصة في HTML): [post_call], [post_features], [post_prices], [post_services], [post_steps]. ما زال هناك رابط اتصال هاتفي tel: داخل المحتوى."
1468,post,سباك منازل في البريمي,https://rukn-eltatawer.com/om/home-plumber-al-buraimi/,home-plumber-al-buraimi,home-plumber,al-buraimi,2172,1388,0.361,0,20,13,1,,,,template_boilerplate|unexpanded_shortcodes|tel_in_content,Template/Boilerplate | Missing SEO Elements | Errors/Placeholders,Template/Boilerplate,"هيكل H2 مكرر على 1 مقالة، ونسبة الجمل المكررة 36%. شورت كود كيان غير مُفسَّر (أقسام ناقصة في HTML): [post_call], [post_features], [post_prices], [post_services], [post_steps]. ما زال هناك رابط اتصال هاتفي tel: داخل المحتوى."
1466,post,سباك منازل في عبري,https://rukn-eltatawer.com/om/home-plumber-ibri/,home-plumber-ibri,home-plumber,ibri,2192,1333,0.392,0,20,13,1,,,,template_boilerplate|unexpanded_shortcodes|tel_in_content,Template/Boilerplate | Missing SEO Elements | Errors/Placeholders,Template/Boilerplate,"هيكل H2 مكرر على 1 مقالة، ونسبة الجمل المكررة 39%. شورت كود كيان غير مُفسَّر (أقسام ناقصة في HTML): [post_call], [post_features], [post_prices], [post_services], [post_steps]. ما زال هناك رابط اتصال هاتفي tel: داخل المحتوى."
1467,post,سباك منازل في الرستاق,https://rukn-eltatawer.com/om/home-plumber-rustaq/,home-plumber-rustaq,home-plumber,rustaq,2203,1436,0.348,0,20,13,1,,,,unexpanded_shortcodes|tel_in_content,Missing SEO Elements | Errors/Placeholders,Missing SEO Elements,"شورت كود كيان غير مُفسَّر (أقسام ناقصة في HTML): [post_call], [post_features], [post_prices], [post_services], [post_steps]. ما زال هناك رابط اتصال هاتفي tel: داخل المحتوى."
1465,post,سباك منازل في صور,https://rukn-eltatawer.com/om/home-plumber-sur/,home-plumber-sur,home-plumber,sur,2198,1482,0.326,0,20,13,1,,,,unexpanded_shortcodes|tel_in_content,Missing SEO Elements | Errors/Placeholders,Missing SEO Elements,"شورت كود كيان غير مُفسَّر (أقسام ناقصة في HTML): [post_call], [post_features], [post_prices], [post_services], [post_steps]. ما زال هناك رابط اتصال هاتفي tel: داخل المحتوى."
1464,post,سباك منازل في نزوى,https://rukn-eltatawer.com/om/home-plumber-nizwa/,home-plumber-nizwa,home-plumber,nizwa,2230,1377,0.383,0,20,13,1,,,,template_boilerplate|unexpanded_shortcodes|tel_in_content,Template/Boilerplate | Missing SEO Elements | Errors/Placeholders,Template/Boilerplate,"هيكل H2 مكرر على 1 مقالة، ونسبة الجمل المكررة 38%. شورت كود كيان غير مُفسَّر (أقسام ناقصة في HTML): [post_call], [post_features], [post_prices], [post_services], [post_steps]. ما زال هناك رابط اتصال هاتفي tel: داخل المحتوى."
1463,post,سباك منازل في صحار,https://rukn-eltatawer.com/om/home-plumber-sohar/,home-plumber-sohar,home-plumber,sohar,2177,1418,0.349,0,20,13,1,,,,unexpanded_shortcodes|tel_in_content,Missing SEO Elements | Errors/Placeholders,Missing SEO Elements,"شورت كود كيان غير مُفسَّر (أقسام ناقصة في HTML): [post_call], [post_features], [post_prices], [post_services], [post_steps]. ما زال هناك رابط اتصال هاتفي tel: داخل المحتوى."
1462,post,سباك منازل في صلالة,https://rukn-eltatawer.com/om/home-plumber-salalah/,home-plumber-salalah,home-plumber,salalah,2276,1409,0.381,0,20,13,1,,,,template_boilerplate|unexpanded_shortcodes|tel_in_content,Template/Boilerplate | Missing SEO Elements | Errors/Placeholders,Template/Boilerplate,"هيكل H2 مكرر على 1 مقالة، ونسبة الجمل المكررة 38%. شورت كود كيان غير مُفسَّر (أقسام ناقصة في HTML): [post_call], [post_features], [post_prices], [post_services], [post_steps]. ما زال هناك رابط اتصال هاتفي tel: داخل المحتوى."
1461,post,سباك منازل في مسقط,https://rukn-eltatawer.com/om/home-plumber-muscat/,home-plumber-muscat,home-plumber,muscat,2302,1475,0.359,0,20,13,1,,,,template_boilerplate|unexpanded_shortcodes|tel_in_content,Template/Boilerplate | Missing SEO Elements | Errors/Placeholders,Template/Boilerplate,"هيكل H2 مكرر على 1 مقالة، ونسبة الجمل المكررة 36%. شورت كود كيان غير مُفسَّر (أقسام ناقصة في HTML): [post_call], [post_features], [post_prices], [post_services], [post_steps]. ما زال هناك رابط اتصال هاتفي tel: داخل المحتوى."
1852,post,شركة كشف وإصلاح أعطال السباكة في البريمي,https://rukn-eltatawer.com/om/plumbing-fault-repair-al-buraimi/,plumbing-fault-repair-al-buraimi,plumbing-fault-repair,al-buraimi,2234,1414,0.367,0,20,13,1,,,,template_boilerplate|unexpanded_shortcodes|tel_in_content,Template/Boilerplate | Missing SEO Elements | Errors/Placeholders,Template/Boilerplate,"هيكل H2 مكرر على 1 مقالة، ونسبة الجمل المكررة 37%. شورت كود كيان غير مُفسَّر (أقسام ناقصة في HTML): [post_call], [post_features], [post_prices], [post_services], [post_steps]. ما زال هناك رابط اتصال هاتفي tel: داخل المحتوى."
1850,post,شركة كشف وإصلاح أعطال السباكة في عبري,https://rukn-eltatawer.com/om/plumbing-fault-repair-ibri/,plumbing-fault-repair-ibri,plumbing-fault-repair,ibri,2274,1456,0.36,0,20,13,1,,,,template_boilerplate|unexpanded_shortcodes|tel_in_content,Template/Boilerplate | Missing SEO Elements | Errors/Placeholders,Template/Boilerplate,"هيكل H2 مكرر على 1 مقالة، ونسبة الجمل المكررة 36%. شورت كود كيان غير مُفسَّر (أقسام ناقصة في HTML): [post_call], [post_features], [post_prices], [post_services], [post_steps]. ما زال هناك رابط اتصال هاتفي tel: داخل المحتوى."
1851,post,شركة كشف وإصلاح أعطال السباكة في الرستاق,https://rukn-eltatawer.com/om/plumbing-fault-repair-rustaq/,plumbing-fault-repair-rustaq,plumbing-fault-repair,rustaq,2280,1442,0.368,0,20,13,1,,,,template_boilerplate|unexpanded_shortcodes|tel_in_content,Template/Boilerplate | Missing SEO Elements | Errors/Placeholders,Template/Boilerplate,"هيكل H2 مكرر على 1 مقالة، ونسبة الجمل المكررة 37%. شورت كود كيان غير مُفسَّر (أقسام ناقصة في HTML): [post_call], [post_features], [post_prices], [post_services], [post_steps]. ما زال هناك رابط اتصال هاتفي tel: داخل المحتوى."
1849,post,شركة كشف وإصلاح أعطال السباكة في صور,https://rukn-eltatawer.com/om/plumbing-fault-repair-sur/,plumbing-fault-repair-sur,plumbing-fault-repair,sur,2278,1494,0.344,0,20,13,1,,,,unexpanded_shortcodes|tel_in_content,Missing SEO Elements | Errors/Placeholders,Missing SEO Elements,"شورت كود كيان غير مُفسَّر (أقسام ناقصة في HTML): [post_call], [post_features], [post_prices], [post_services], [post_steps]. ما زال هناك رابط اتصال هاتفي tel: داخل المحتوى."
1848,post,شركة كشف وإصلاح أعطال السباكة في نزوى,https://rukn-eltatawer.com/om/plumbing-fault-repair-nizwa/,plumbing-fault-repair-nizwa,plumbing-fault-repair,nizwa,2294,1506,0.344,0,20,13,1,,,,unexpanded_shortcodes|tel_in_content,Missing SEO Elements | Errors/Placeholders,Missing SEO Elements,"شورت كود كيان غير مُفسَّر (أقسام ناقصة في HTML): [post_call], [post_features], [post_prices], [post_services], [post_steps]. ما زال هناك رابط اتصال هاتفي tel: داخل المحتوى."
1847,post,شركة كشف وإصلاح أعطال السباكة في صحار,https://rukn-eltatawer.com/om/plumbing-fault-repair-sohar/,plumbing-fault-repair-sohar,plumbing-fault-repair,sohar,2275,1495,0.343,0,20,13,1,,,,unexpanded_shortcodes|tel_in_content,Missing SEO Elements | Errors/Placeholders,Missing SEO Elements,"شورت كود كيان غير مُفسَّر (أقسام ناقصة في HTML): [post_call], [post_features], [post_prices], [post_services], [post_steps]. ما زال هناك رابط اتصال هاتفي tel: داخل المحتوى."
1846,post,شركة كشف وإصلاح أعطال السباكة في صلالة,https://rukn-eltatawer.com/om/plumbing-fault-repair-salalah/,plumbing-fault-repair-salalah,plumbing-fault-repair,salalah,2329,1501,0.356,0,20,13,1,,,,template_boilerplate|unexpanded_shortcodes|tel_in_content,Template/Boilerplate | Missing SEO Elements | Errors/Placeholders,Template/Boilerplate,"هيكل H2 مكرر على 1 مقالة، ونسبة الجمل المكررة 36%. شورت كود كيان غير مُفسَّر (أقسام ناقصة في HTML): [post_call], [post_features], [post_prices], [post_services], [post_steps]. ما زال هناك رابط اتصال هاتفي tel: داخل المحتوى."
1845,post,شركة كشف وإصلاح أعطال السباكة في مسقط,https://rukn-eltatawer.com/om/plumbing-fault-repair-muscat/,plumbing-fault-repair-muscat,plumbing-fault-repair,muscat,2411,1520,0.37,0,20,13,1,,,,template_boilerplate|unexpanded_shortcodes|tel_in_content,Template/Boilerplate | Missing SEO Elements | Errors/Placeholders,Template/Boilerplate,"هيكل H2 مكرر على 1 مقالة، ونسبة الجمل المكررة 37%. شورت كود كيان غير مُفسَّر (أقسام ناقصة في HTML): [post_call], [post_features], [post_prices], [post_services], [post_steps]. ما زال هناك رابط اتصال هاتفي tel: داخل المحتوى."
1532,post,فني تركيب وصيانة تكييف في البريمي,https://rukn-eltatawer.com/om/ac-tech-al-buraimi/,ac-tech-al-buraimi,ac-tech,al-buraimi,2254,1211,0.463,0,20,13,1,,,,template_boilerplate|unexpanded_shortcodes|tel_in_content,Template/Boilerplate | Missing SEO Elements | Errors/Placeholders,Template/Boilerplate,"هيكل H2 مكرر على 1 مقالة، ونسبة الجمل المكررة 46%. شورت كود كيان غير مُفسَّر (أقسام ناقصة في HTML): [post_call], [post_features], [post_prices], [post_services], [post_steps]. ما زال هناك رابط اتصال هاتفي tel: داخل المحتوى."
1530,post,فني تركيب وصيانة تكييف في عبري,https://rukn-eltatawer.com/om/ac-tech-ibri/,ac-tech-ibri,ac-tech,ibri,2245,1290,0.425,0,20,13,1,,,,template_boilerplate|unexpanded_shortcodes|tel_in_content,Template/Boilerplate | Missing SEO Elements | Errors/Placeholders,Template/Boilerplate,"هيكل H2 مكرر على 1 مقالة، ونسبة الجمل المكررة 42%. شورت كود كيان غير مُفسَّر (أقسام ناقصة في HTML): [post_call], [post_features], [post_prices], [post_services], [post_steps]. ما زال هناك رابط اتصال هاتفي tel: داخل المحتوى."
1531,post,فني تركيب وصيانة تكييف في الرستاق,https://rukn-eltatawer.com/om/ac-tech-rustaq/,ac-tech-rustaq,ac-tech,rustaq,2263,1324,0.415,0,20,13,1,https://rukn-eltatawer.com/om/ac-tech-nizwa/,city-variant-template,8,template_boilerplate|duplicate_similar|unexpanded_shortcodes|tel_in_content,Template/Boilerplate | Duplicate/Similar | Missing SEO Elements | Errors/Placeholders,Template/Boilerplate,"هيكل H2 مكرر على 1 مقالة، ونسبة الجمل المكررة 42%. تشابه مرتفع (hamming=8, city-variant-template) مع https://rukn-eltatawer.com/om/ac-tech-nizwa/. شورت كود كيان غير مُفسَّر (أقسام ناقصة في HTML): [post_call], [post_features], [post_prices], [post_services], [post_steps]. ما زال هناك رابط اتصال هاتفي tel: داخل المحتوى."
1529,post,فني تركيب وصيانة تكييف في صور,https://rukn-eltatawer.com/om/ac-tech-sur/,ac-tech-sur,ac-tech,sur,2264,1328,0.413,0,20,13,1,,,,template_boilerplate|unexpanded_shortcodes|tel_in_content,Template/Boilerplate | Missing SEO Elements | Errors/Placeholders,Template/Boilerplate,"هيكل H2 مكرر على 1 مقالة، ونسبة الجمل المكررة 41%. شورت كود كيان غير مُفسَّر (أقسام ناقصة في HTML): [post_call], [post_features], [post_prices], [post_services], [post_steps]. ما زال هناك رابط اتصال هاتفي tel: داخل المحتوى."
1528,post,فني تركيب وصيانة تكييف في نزوى,https://rukn-eltatawer.com/om/ac-tech-nizwa/,ac-tech-nizwa,ac-tech,nizwa,2292,1408,0.386,0,20,13,1,https://rukn-eltatawer.com/om/ac-tech-rustaq/,city-variant-template,8,template_boilerplate|duplicate_similar|unexpanded_shortcodes|tel_in_content,Template/Boilerplate | Duplicate/Similar | Missing SEO Elements | Errors/Placeholders,Template/Boilerplate,"هيكل H2 مكرر على 1 مقالة، ونسبة الجمل المكررة 39%. تشابه مرتفع (hamming=8, city-variant-template) مع https://rukn-eltatawer.com/om/ac-tech-rustaq/. شورت كود كيان غير مُفسَّر (أقسام ناقصة في HTML): [post_call], [post_features], [post_prices], [post_services], [post_steps]. ما زال هناك رابط اتصال هاتفي tel: داخل المحتوى."
1527,post,فني تركيب وصيانة تكييف في صحار,https://rukn-eltatawer.com/om/ac-tech-sohar/,ac-tech-sohar,ac-tech,sohar,2278,1379,0.395,0,20,13,1,,,,template_boilerplate|unexpanded_shortcodes|tel_in_content,Template/Boilerplate | Missing SEO Elements | Errors/Placeholders,Template/Boilerplate,"هيكل H2 مكرر على 1 مقالة، ونسبة الجمل المكررة 40%. شورت كود كيان غير مُفسَّر (أقسام ناقصة في HTML): [post_call], [post_features], [post_prices], [post_services], [post_steps]. ما زال هناك رابط اتصال هاتفي tel: داخل المحتوى."
1526,post,فني تركيب وصيانة تكييف في صلالة,https://rukn-eltatawer.com/om/ac-tech-salalah/,ac-tech-salalah,ac-tech,salalah,2307,1328,0.424,0,20,13,1,,,,template_boilerplate|unexpanded_shortcodes|tel_in_content,Template/Boilerplate | Missing SEO Elements | Errors/Placeholders,Template/Boilerplate,"هيكل H2 مكرر على 1 مقالة، ونسبة الجمل المكررة 42%. شورت كود كيان غير مُفسَّر (أقسام ناقصة في HTML): [post_call], [post_features], [post_prices], [post_services], [post_steps]. ما زال هناك رابط اتصال هاتفي tel: داخل المحتوى."
1525,post,فني تركيب وصيانة تكييف في مسقط,https://rukn-eltatawer.com/om/ac-tech-muscat/,ac-tech-muscat,ac-tech,muscat,2386,1343,0.437,0,20,13,1,,,,template_boilerplate|unexpanded_shortcodes|tel_in_content,Template/Boilerplate | Missing SEO Elements | Errors/Placeholders,Template/Boilerplate,"هيكل H2 مكرر على 1 مقالة، ونسبة الجمل المكررة 44%. شورت كود كيان غير مُفسَّر (أقسام ناقصة في HTML): [post_call], [post_features], [post_prices], [post_services], [post_steps]. ما زال هناك رابط اتصال هاتفي tel: داخل المحتوى."
5108,post,شركة عقود صيانة تكييف دورية في البريمي,https://rukn-eltatawer.com/om/ac-periodic-maintenance-contracts-al-buraimi/,ac-periodic-maintenance-contracts-al-buraimi,ac-periodic-maintenance-contracts,al-buraimi,2309,1478,0.36,0,20,13,1,https://rukn-eltatawer.com/om/ac-periodic-maintenance-contracts-sohar/,city-variant-template,6,template_boilerplate|duplicate_similar|unexpanded_shortcodes|tel_in_content,Template/Boilerplate | Duplicate/Similar | Missing SEO Elements | Errors/Placeholders,Template/Boilerplate,"هيكل H2 مكرر على 1 مقالة، ونسبة الجمل المكررة 36%. تشابه مرتفع (hamming=6, city-variant-template) مع https://rukn-eltatawer.com/om/ac-periodic-maintenance-contracts-sohar/. شورت كود كيان غير مُفسَّر (أقسام ناقصة في HTML): [post_call], [post_features], [post_prices], [post_services], [post_steps]. ما زال هناك رابط اتصال هاتفي tel: داخل المحتوى."
5106,post,شركة عقود صيانة تكييف دورية في عبري,https://rukn-eltatawer.com/om/ac-periodic-maintenance-contracts-ibri/,ac-periodic-maintenance-contracts-ibri,ac-periodic-maintenance-contracts,ibri,2242,1339,0.403,0,20,13,1,,,,template_boilerplate|unexpanded_shortcodes|tel_in_content,Template/Boilerplate | Missing SEO Elements | Errors/Placeholders,Template/Boilerplate,"هيكل H2 مكرر على 1 مقالة، ونسبة الجمل المكررة 40%. شورت كود كيان غير مُفسَّر (أقسام ناقصة في HTML): [post_call], [post_features], [post_prices], [post_services], [post_steps]. ما زال هناك رابط اتصال هاتفي tel: داخل المحتوى."
5107,post,شركة عقود صيانة تكييف دورية في الرستاق,https://rukn-eltatawer.com/om/ac-periodic-maintenance-contracts-rustaq/,ac-periodic-maintenance-contracts-rustaq,ac-periodic-maintenance-contracts,rustaq,2273,1239,0.455,0,20,13,1,,,,template_boilerplate|unexpanded_shortcodes|tel_in_content,Template/Boilerplate | Missing SEO Elements | Errors/Placeholders,Template/Boilerplate,"هيكل H2 مكرر على 1 مقالة، ونسبة الجمل المكررة 46%. شورت كود كيان غير مُفسَّر (أقسام ناقصة في HTML): [post_call], [post_features], [post_prices], [post_services], [post_steps]. ما زال هناك رابط اتصال هاتفي tel: داخل المحتوى."
5105,post,شركة عقود صيانة تكييف دورية في صور,https://rukn-eltatawer.com/om/ac-periodic-maintenance-contracts-sur/,ac-periodic-maintenance-contracts-sur,ac-periodic-maintenance-contracts,sur,2269,1306,0.424,0,20,13,1,,,,template_boilerplate|unexpanded_shortcodes|tel_in_content,Template/Boilerplate | Missing SEO Elements | Errors/Placeholders,Template/Boilerplate,"هيكل H2 مكرر على 1 مقالة، ونسبة الجمل المكررة 42%. شورت كود كيان غير مُفسَّر (أقسام ناقصة في HTML): [post_call], [post_features], [post_prices], [post_services], [post_steps]. ما زال هناك رابط اتصال هاتفي tel: داخل المحتوى."
5104,post,شركة عقود صيانة تكييف دورية في نزوى,https://rukn-eltatawer.com/om/ac-periodic-maintenance-contracts-nizwa/,ac-periodic-maintenance-contracts-nizwa,ac-periodic-maintenance-contracts,nizwa,2284,1374,0.398,0,20,13,1,,,,template_boilerplate|unexpanded_shortcodes|tel_in_content,Template/Boilerplate | Missing SEO Elements | Errors/Placeholders,Template/Boilerplate,"هيكل H2 مكرر على 1 مقالة، ونسبة الجمل المكررة 40%. شورت كود كيان غير مُفسَّر (أقسام ناقصة في HTML): [post_call], [post_features], [post_prices], [post_services], [post_steps]. ما زال هناك رابط اتصال هاتفي tel: داخل المحتوى."
5103,post,شركة عقود صيانة تكييف دورية في صحار,https://rukn-eltatawer.com/om/ac-periodic-maintenance-contracts-sohar/,ac-periodic-maintenance-contracts-sohar,ac-periodic-maintenance-contracts,sohar,2344,1435,0.388,0,20,13,1,https://rukn-eltatawer.com/om/ac-periodic-maintenance-contracts-al-buraimi/,city-variant-template,6,template_boilerplate|duplicate_similar|unexpanded_shortcodes|tel_in_content,Template/Boilerplate | Duplicate/Similar | Missing SEO Elements | Errors/Placeholders,Template/Boilerplate,"هيكل H2 مكرر على 1 مقالة، ونسبة الجمل المكررة 39%. تشابه مرتفع (hamming=6, city-variant-template) مع https://rukn-eltatawer.com/om/ac-periodic-maintenance-contracts-al-buraimi/. شورت كود كيان غير مُفسَّر (أقسام ناقصة في HTML): [post_call], [post_features], [post_prices], [post_services], [post_steps]. ما زال هناك رابط اتصال هاتفي tel: داخل المحتوى."
5102,post,شركة عقود صيانة تكييف دورية في صلالة,https://rukn-eltatawer.com/om/ac-periodic-maintenance-contracts-salalah/,ac-periodic-maintenance-contracts-salalah,ac-periodic-maintenance-contracts,salalah,2360,1443,0.389,0,20,13,1,,,,template_boilerplate|unexpanded_shortcodes|tel_in_content,Template/Boilerplate | Missing SEO Elements | Errors/Placeholders,Template/Boilerplate,"هيكل H2 مكرر على 1 مقالة، ونسبة الجمل المكررة 39%. شورت كود كيان غير مُفسَّر (أقسام ناقصة في HTML): [post_call], [post_features], [post_prices], [post_services], [post_steps]. ما زال هناك رابط اتصال هاتفي tel: داخل المحتوى."
5101,post,شركة عقود صيانة تكييف دورية في مسقط,https://rukn-eltatawer.com/om/ac-periodic-maintenance-contracts-muscat/,ac-periodic-maintenance-contracts-muscat,ac-periodic-maintenance-contracts,muscat,2450,1457,0.405,0,20,13,1,,,,template_boilerplate|unexpanded_shortcodes|tel_in_content,Template/Boilerplate | Missing SEO Elements | Errors/Placeholders,Template/Boilerplate,"هيكل H2 مكرر على 1 مقالة، ونسبة الجمل المكررة 40%. شورت كود كيان غير مُفسَّر (أقسام ناقصة في HTML): [post_call], [post_features], [post_prices], [post_services], [post_steps]. ما زال هناك رابط اتصال هاتفي tel: داخل المحتوى."
5100,post,شركة صيانة ثلاجات وتبريد تجاري في البريمي,https://rukn-eltatawer.com/om/commercial-refrigeration-maintenance-al-buraimi/,commercial-refrigeration-maintenance-al-buraimi,commercial-refrigeration-maintenance,al-buraimi,2239,1325,0.408,0,20,13,1,,,,template_boilerplate|unexpanded_shortcodes|tel_in_content,Template/Boilerplate | Missing SEO Elements | Errors/Placeholders,Template/Boilerplate,"هيكل H2 مكرر على 1 مقالة، ونسبة الجمل المكررة 41%. شورت كود كيان غير مُفسَّر (أقسام ناقصة في HTML): [post_call], [post_features], [post_prices], [post_services], [post_steps]. ما زال هناك رابط اتصال هاتفي tel: داخل المحتوى."
5098,post,شركة صيانة ثلاجات وتبريد تجاري في عبري,https://rukn-eltatawer.com/om/commercial-refrigeration-maintenance-ibri/,commercial-refrigeration-maintenance-ibri,commercial-refrigeration-maintenance,ibri,2241,1355,0.395,0,20,13,1,https://rukn-eltatawer.com/om/pool-maintenance-ibri/,cross-service-duplicate,7,template_boilerplate|duplicate_similar|unexpanded_shortcodes|tel_in_content,Template/Boilerplate | Duplicate/Similar | Missing SEO Elements | Errors/Placeholders,Template/Boilerplate,"هيكل H2 مكرر على 1 مقالة، ونسبة الجمل المكررة 40%. تشابه مرتفع (hamming=7, cross-service-duplicate) مع https://rukn-eltatawer.com/om/pool-maintenance-ibri/. شورت كود كيان غير مُفسَّر (أقسام ناقصة في HTML): [post_call], [post_features], [post_prices], [post_services], [post_steps]. ما زال هناك رابط اتصال هاتفي tel: داخل المحتوى."
5099,post,شركة صيانة ثلاجات وتبريد تجاري في الرستاق,https://rukn-eltatawer.com/om/commercial-refrigeration-maintenance-rustaq/,commercial-refrigeration-maintenance-rustaq,commercial-refrigeration-maintenance,rustaq,2283,1389,0.392,0,20,13,1,,,,template_boilerplate|unexpanded_shortcodes|tel_in_content,Template/Boilerplate | Missing SEO Elements | Errors/Placeholders,Template/Boilerplate,"هيكل H2 مكرر على 1 مقالة، ونسبة الجمل المكررة 39%. شورت كود كيان غير مُفسَّر (أقسام ناقصة في HTML): [post_call], [post_features], [post_prices], [post_services], [post_steps]. ما زال هناك رابط اتصال هاتفي tel: داخل المحتوى."
5097,post,شركة صيانة ثلاجات وتبريد تجاري في صور,https://rukn-eltatawer.com/om/commercial-refrigeration-maintenance-sur/,commercial-refrigeration-maintenance-sur,commercial-refrigeration-maintenance,sur,2284,1332,0.417,0,20,13,1,,,,template_boilerplate|unexpanded_shortcodes|tel_in_content,Template/Boilerplate | Missing SEO Elements | Errors/Placeholders,Template/Boilerplate,"هيكل H2 مكرر على 1 مقالة، ونسبة الجمل المكررة 42%. شورت كود كيان غير مُفسَّر (أقسام ناقصة في HTML): [post_call], [post_features], [post_prices], [post_services], [post_steps]. ما زال هناك رابط اتصال هاتفي tel: داخل المحتوى."
5096,post,شركة صيانة ثلاجات وتبريد تجاري في نزوى,https://rukn-eltatawer.com/om/commercial-refrigeration-maintenance-nizwa/,commercial-refrigeration-maintenance-nizwa,commercial-refrigeration-maintenance,nizwa,2296,1408,0.387,0,20,13,1,,,,template_boilerplate|unexpanded_shortcodes|tel_in_content,Template/Boilerplate | Missing SEO Elements | Errors/Placeholders,Template/Boilerplate,"هيكل H2 مكرر على 1 مقالة، ونسبة الجمل المكررة 39%. شورت كود كيان غير مُفسَّر (أقسام ناقصة في HTML): [post_call], [post_features], [post_prices], [post_services], [post_steps]. ما زال هناك رابط اتصال هاتفي tel: داخل المحتوى."
5095,post,شركة صيانة ثلاجات وتبريد تجاري في صحار,https://rukn-eltatawer.com/om/commercial-refrigeration-maintenance-sohar/,commercial-refrigeration-maintenance-sohar,commercial-refrigeration-maintenance,sohar,2283,1354,0.407,0,20,13,1,,,,template_boilerplate|unexpanded_shortcodes|tel_in_content,Template/Boilerplate | Missing SEO Elements | Errors/Placeholders,Template/Boilerplate,"هيكل H2 مكرر على 1 مقالة، ونسبة الجمل المكررة 41%. شورت كود كيان غير مُفسَّر (أقسام ناقصة في HTML): [post_call], [post_features], [post_prices], [post_services], [post_steps]. ما زال هناك رابط اتصال هاتفي tel: داخل المحتوى."
5094,post,شركة صيانة ثلاجات وتبريد تجاري في صلالة,https://rukn-eltatawer.com/om/commercial-refrigeration-maintenance-salalah/,commercial-refrigeration-maintenance-salalah,commercial-refrigeration-maintenance,salalah,2321,1390,0.401,0,20,13,1,,,,template_boilerplate|unexpanded_shortcodes|tel_in_content,Template/Boilerplate | Missing SEO Elements | Errors/Placeholders,Template/Boilerplate,"هيكل H2 مكرر على 1 مقالة، ونسبة الجمل المكررة 40%. شورت كود كيان غير مُفسَّر (أقسام ناقصة في HTML): [post_call], [post_features], [post_prices], [post_services], [post_steps]. ما زال هناك رابط اتصال هاتفي tel: داخل المحتوى."
5093,post,شركة صيانة ثلاجات وتبريد تجاري في مسقط,https://rukn-eltatawer.com/om/commercial-refrigeration-maintenance-muscat/,commercial-refrigeration-maintenance-muscat,commercial-refrigeration-maintenance,muscat,2428,1456,0.4,0,20,13,1,,,,template_boilerplate|unexpanded_shortcodes|tel_in_content,Template/Boilerplate | Missing SEO Elements | Errors/Placeholders,Template/Boilerplate,"هيكل H2 مكرر على 1 مقالة، ونسبة الجمل المكررة 40%. شورت كود كيان غير مُفسَّر (أقسام ناقصة في HTML): [post_call], [post_features], [post_prices], [post_services], [post_steps]. ما زال هناك رابط اتصال هاتفي tel: داخل المحتوى."
5092,post,شركة كشف أعطال تبريد في البريمي,https://rukn-eltatawer.com/om/cooling-fault-detection-al-buraimi/,cooling-fault-detection-al-buraimi,cooling-fault-detection,al-buraimi,2217,1345,0.393,0,20,13,1,,,,template_boilerplate|unexpanded_shortcodes|tel_in_content,Template/Boilerplate | Missing SEO Elements | Errors/Placeholders,Template/Boilerplate,"هيكل H2 مكرر على 1 مقالة، ونسبة الجمل المكررة 39%. شورت كود كيان غير مُفسَّر (أقسام ناقصة في HTML): [post_call], [post_features], [post_prices], [post_services], [post_steps]. ما زال هناك رابط اتصال هاتفي tel: داخل المحتوى."
5090,post,شركة كشف أعطال تبريد في عبري,https://rukn-eltatawer.com/om/cooling-fault-detection-ibri/,cooling-fault-detection-ibri,cooling-fault-detection,ibri,2237,1129,0.495,0,20,13,1,,,,template_boilerplate|unexpanded_shortcodes|tel_in_content,Template/Boilerplate | Missing SEO Elements | Errors/Placeholders,Template/Boilerplate,"هيكل H2 مكرر على 1 مقالة، ونسبة الجمل المكررة 50%. شورت كود كيان غير مُفسَّر (أقسام ناقصة في HTML): [post_call], [post_features], [post_prices], [post_services], [post_steps]. ما زال هناك رابط اتصال هاتفي tel: داخل المحتوى."
5091,post,شركة كشف أعطال تبريد في الرستاق,https://rukn-eltatawer.com/om/cooling-fault-detection-rustaq/,cooling-fault-detection-rustaq,cooling-fault-detection,rustaq,2243,1349,0.399,0,20,13,1,,,,template_boilerplate|unexpanded_shortcodes|tel_in_content,Template/Boilerplate | Missing SEO Elements | Errors/Placeholders,Template/Boilerplate,"هيكل H2 مكرر على 1 مقالة، ونسبة الجمل المكررة 40%. شورت كود كيان غير مُفسَّر (أقسام ناقصة في HTML): [post_call], [post_features], [post_prices], [post_services], [post_steps]. ما زال هناك رابط اتصال هاتفي tel: داخل المحتوى."
5089,post,شركة كشف أعطال تبريد في صور,https://rukn-eltatawer.com/om/cooling-fault-detection-sur/,cooling-fault-detection-sur,cooling-fault-detection,sur,2254,1386,0.385,0,20,13,1,,,,template_boilerplate|unexpanded_shortcodes|tel_in_content,Template/Boilerplate | Missing SEO Elements | Errors/Placeholders,Template/Boilerplate,"هيكل H2 مكرر على 1 مقالة، ونسبة الجمل المكررة 38%. شورت كود كيان غير مُفسَّر (أقسام ناقصة في HTML): [post_call], [post_features], [post_prices], [post_services], [post_steps]. ما زال هناك رابط اتصال هاتفي tel: داخل المحتوى."
5088,post,شركة كشف أعطال تبريد في نزوى,https://rukn-eltatawer.com/om/cooling-fault-detection-nizwa/,cooling-fault-detection-nizwa,cooling-fault-detection,nizwa,2262,1320,0.416,0,20,13,1,,,,template_boilerplate|unexpanded_shortcodes|tel_in_content,Template/Boilerplate | Missing SEO Elements | Errors/Placeholders,Template/Boilerplate,"هيكل H2 مكرر على 1 مقالة، ونسبة الجمل المكررة 42%. شورت كود كيان غير مُفسَّر (أقسام ناقصة في HTML): [post_call], [post_features], [post_prices], [post_services], [post_steps]. ما زال هناك رابط اتصال هاتفي tel: داخل المحتوى."
5087,post,شركة كشف أعطال تبريد في صحار,https://rukn-eltatawer.com/om/cooling-fault-detection-sohar/,cooling-fault-detection-sohar,cooling-fault-detection,sohar,2269,1356,0.402,0,20,13,1,,,,template_boilerplate|unexpanded_shortcodes|tel_in_content,Template/Boilerplate | Missing SEO Elements | Errors/Placeholders,Template/Boilerplate,"هيكل H2 مكرر على 1 مقالة، ونسبة الجمل المكررة 40%. شورت كود كيان غير مُفسَّر (أقسام ناقصة في HTML): [post_call], [post_features], [post_prices], [post_services], [post_steps]. ما زال هناك رابط اتصال هاتفي tel: داخل المحتوى."
5086,post,شركة كشف أعطال تبريد في صلالة,https://rukn-eltatawer.com/om/cooling-fault-detection-salalah/,cooling-fault-detection-salalah,cooling-fault-detection,salalah,2284,1311,0.426,0,20,13,1,,,,template_boilerplate|unexpanded_shortcodes|tel_in_content,Template/Boilerplate | Missing SEO Elements | Errors/Placeholders,Template/Boilerplate,"هيكل H2 مكرر على 1 مقالة، ونسبة الجمل المكررة 43%. شورت كود كيان غير مُفسَّر (أقسام ناقصة في HTML): [post_call], [post_features], [post_prices], [post_services], [post_steps]. ما زال هناك رابط اتصال هاتفي tel: داخل المحتوى."
5085,post,شركة كشف أعطال تبريد في مسقط,https://rukn-eltatawer.com/om/cooling-fault-detection-muscat/,cooling-fault-detection-muscat,cooling-fault-detection,muscat,2413,1384,0.426,0,20,13,1,,,,template_boilerplate|unexpanded_shortcodes|tel_in_content,Template/Boilerplate | Missing SEO Elements | Errors/Placeholders,Template/Boilerplate,"هيكل H2 مكرر على 1 مقالة، ونسبة الجمل المكررة 43%. شورت كود كيان غير مُفسَّر (أقسام ناقصة في HTML): [post_call], [post_features], [post_prices], [post_services], [post_steps]. ما زال هناك رابط اتصال هاتفي tel: داخل المحتوى."
5084,post,شركة تركيب تكييف مركزي جديد في البريمي,https://rukn-eltatawer.com/om/new-central-ac-installation-al-buraimi/,new-central-ac-installation-al-buraimi,new-central-ac-installation,al-buraimi,2307,1434,0.378,0,20,13,1,,,,template_boilerplate|unexpanded_shortcodes|tel_in_content,Template/Boilerplate | Missing SEO Elements | Errors/Placeholders,Template/Boilerplate,"هيكل H2 مكرر على 1 مقالة، ونسبة الجمل المكررة 38%. شورت كود كيان غير مُفسَّر (أقسام ناقصة في HTML): [post_call], [post_features], [post_prices], [post_services], [post_steps]. ما زال هناك رابط اتصال هاتفي tel: داخل المحتوى."
5082,post,شركة تركيب تكييف مركزي جديد في عبري,https://rukn-eltatawer.com/om/new-central-ac-installation-ibri/,new-central-ac-installation-ibri,new-central-ac-installation,ibri,2276,1345,0.409,0,20,13,1,,,,template_boilerplate|unexpanded_shortcodes|tel_in_content,Template/Boilerplate | Missing SEO Elements | Errors/Placeholders,Template/Boilerplate,"هيكل H2 مكرر على 1 مقالة، ونسبة الجمل المكررة 41%. شورت كود كيان غير مُفسَّر (أقسام ناقصة في HTML): [post_call], [post_features], [post_prices], [post_services], [post_steps]. ما زال هناك رابط اتصال هاتفي tel: داخل المحتوى."
5083,post,شركة تركيب تكييف مركزي جديد في الرستاق,https://rukn-eltatawer.com/om/new-central-ac-installation-rustaq/,new-central-ac-installation-rustaq,new-central-ac-installation,rustaq,2283,1238,0.458,0,20,13,1,,,,template_boilerplate|unexpanded_shortcodes|tel_in_content,Template/Boilerplate | Missing SEO Elements | Errors/Placeholders,Template/Boilerplate,"هيكل H2 مكرر على 1 مقالة، ونسبة الجمل المكررة 46%. شورت كود كيان غير مُفسَّر (أقسام ناقصة في HTML): [post_call], [post_features], [post_prices], [post_services], [post_steps]. ما زال هناك رابط اتصال هاتفي tel: داخل المحتوى."
5081,post,شركة تركيب تكييف مركزي جديد في صور,https://rukn-eltatawer.com/om/new-central-ac-installation-sur/,new-central-ac-installation-sur,new-central-ac-installation,sur,2299,1434,0.376,0,20,13,1,,,,template_boilerplate|unexpanded_shortcodes|tel_in_content,Template/Boilerplate | Missing SEO Elements | Errors/Placeholders,Template/Boilerplate,"هيكل H2 مكرر على 1 مقالة، ونسبة الجمل المكررة 38%. شورت كود كيان غير مُفسَّر (أقسام ناقصة في HTML): [post_call], [post_features], [post_prices], [post_services], [post_steps]. ما زال هناك رابط اتصال هاتفي tel: داخل المحتوى."
5080,post,شركة تركيب تكييف مركزي جديد في نزوى,https://rukn-eltatawer.com/om/new-central-ac-installation-nizwa/,new-central-ac-installation-nizwa,new-central-ac-installation,nizwa,2324,1377,0.407,0,20,13,1,,,,template_boilerplate|unexpanded_shortcodes|tel_in_content,Template/Boilerplate | Missing SEO Elements | Errors/Placeholders,Template/Boilerplate,"هيكل H2 مكرر على 1 مقالة، ونسبة الجمل المكررة 41%. شورت كود كيان غير مُفسَّر (أقسام ناقصة في HTML): [post_call], [post_features], [post_prices], [post_services], [post_steps]. ما زال هناك رابط اتصال هاتفي tel: داخل المحتوى."
5079,post,شركة تركيب تكييف مركزي جديد في صحار,https://rukn-eltatawer.com/om/new-central-ac-installation-sohar/,new-central-ac-installation-sohar,new-central-ac-installation,sohar,2325,1403,0.397,0,20,13,1,,,,template_boilerplate|unexpanded_shortcodes|tel_in_content,Template/Boilerplate | Missing SEO Elements | Errors/Placeholders,Template/Boilerplate,"هيكل H2 مكرر على 1 مقالة، ونسبة الجمل المكررة 40%. شورت كود كيان غير مُفسَّر (أقسام ناقصة في HTML): [post_call], [post_features], [post_prices], [post_services], [post_steps]. ما زال هناك رابط اتصال هاتفي tel: داخل المحتوى."
5078,post,شركة تركيب تكييف مركزي جديد في صلالة,https://rukn-eltatawer.com/om/new-central-ac-installation-salalah/,new-central-ac-installation-salalah,new-central-ac-installation,salalah,2317,1417,0.388,0,20,13,1,,,,template_boilerplate|unexpanded_shortcodes|tel_in_content,Template/Boilerplate | Missing SEO Elements | Errors/Placeholders,Template/Boilerplate,"هيكل H2 مكرر على 1 مقالة، ونسبة الجمل المكررة 39%. شورت كود كيان غير مُفسَّر (أقسام ناقصة في HTML): [post_call], [post_features], [post_prices], [post_services], [post_steps]. ما زال هناك رابط اتصال هاتفي tel: داخل المحتوى."
5077,post,شركة تركيب تكييف مركزي جديد في مسقط,https://rukn-eltatawer.com/om/new-central-ac-installation-muscat/,new-central-ac-installation-muscat,new-central-ac-installation,muscat,2410,1524,0.368,0,20,13,1,,,,template_boilerplate|unexpanded_shortcodes|tel_in_content,Template/Boilerplate | Missing SEO Elements | Errors/Placeholders,Template/Boilerplate,"هيكل H2 مكرر على 1 مقالة، ونسبة الجمل المكررة 37%. شورت كود كيان غير مُفسَّر (أقسام ناقصة في HTML): [post_call], [post_features], [post_prices], [post_services], [post_steps]. ما زال هناك رابط اتصال هاتفي tel: داخل المحتوى."
5044,post,شركة تركيب وحدات تكييف نافذة في البريمي,https://rukn-eltatawer.com/om/window-ac-installation-al-buraimi/,window-ac-installation-al-buraimi,window-ac-installation,al-buraimi,2271,1400,0.384,0,20,13,1,https://rukn-eltatawer.com/om/water-cooler-maintenance-rustaq/,cross-service-duplicate,8,template_boilerplate|duplicate_similar|unexpanded_shortcodes|tel_in_content,Template/Boilerplate | Duplicate/Similar | Missing SEO Elements | Errors/Placeholders,Template/Boilerplate,"هيكل H2 مكرر على 1 مقالة، ونسبة الجمل المكررة 38%. تشابه مرتفع (hamming=8, cross-service-duplicate) مع https://rukn-eltatawer.com/om/water-cooler-maintenance-rustaq/. شورت كود كيان غير مُفسَّر (أقسام ناقصة في HTML): [post_call], [post_features], [post_prices], [post_services], [post_steps]. ما زال هناك رابط اتصال هاتفي tel: داخل المحتوى."
5042,post,شركة تركيب وحدات تكييف نافذة في عبري,https://rukn-eltatawer.com/om/window-ac-installation-ibri/,window-ac-installation-ibri,window-ac-installation,ibri,2269,1319,0.419,0,20,13,1,,,,template_boilerplate|unexpanded_shortcodes|tel_in_content,Template/Boilerplate | Missing SEO Elements | Errors/Placeholders,Template/Boilerplate,"هيكل H2 مكرر على 1 مقالة، ونسبة الجمل المكررة 42%. شورت كود كيان غير مُفسَّر (أقسام ناقصة في HTML): [post_call], [post_features], [post_prices], [post_services], [post_steps]. ما زال هناك رابط اتصال هاتفي tel: داخل المحتوى."
5043,post,شركة تركيب وحدات تكييف نافذة في الرستاق,https://rukn-eltatawer.com/om/window-ac-installation-rustaq/,window-ac-installation-rustaq,window-ac-installation,rustaq,2281,1379,0.395,0,20,13,1,,,,template_boilerplate|unexpanded_shortcodes|tel_in_content,Template/Boilerplate | Missing SEO Elements | Errors/Placeholders,Template/Boilerplate,"هيكل H2 مكرر على 1 مقالة، ونسبة الجمل المكررة 40%. شورت كود كيان غير مُفسَّر (أقسام ناقصة في HTML): [post_call], [post_features], [post_prices], [post_services], [post_steps]. ما زال هناك رابط اتصال هاتفي tel: داخل المحتوى."
5041,post,شركة تركيب وحدات تكييف نافذة في صور,https://rukn-eltatawer.com/om/window-ac-installation-sur/,window-ac-installation-sur,window-ac-installation,sur,2292,1388,0.394,0,20,13,1,,,,template_boilerplate|unexpanded_shortcodes|tel_in_content,Template/Boilerplate | Missing SEO Elements | Errors/Placeholders,Template/Boilerplate,"هيكل H2 مكرر على 1 مقالة، ونسبة الجمل المكررة 39%. شورت كود كيان غير مُفسَّر (أقسام ناقصة في HTML): [post_call], [post_features], [post_prices], [post_services], [post_steps]. ما زال هناك رابط اتصال هاتفي tel: داخل المحتوى."
5040,post,شركة تركيب وحدات تكييف نافذة في نزوى,https://rukn-eltatawer.com/om/window-ac-installation-nizwa/,window-ac-installation-nizwa,window-ac-installation,nizwa,2318,1470,0.366,0,20,13,1,,,,template_boilerplate|unexpanded_shortcodes|tel_in_content,Template/Boilerplate | Missing SEO Elements | Errors/Placeholders,Template/Boilerplate,"هيكل H2 مكرر على 1 مقالة، ونسبة الجمل المكررة 37%. شورت كود كيان غير مُفسَّر (أقسام ناقصة في HTML): [post_call], [post_features], [post_prices], [post_services], [post_steps]. ما زال هناك رابط اتصال هاتفي tel: داخل المحتوى."
5039,post,شركة تركيب وحدات تكييف نافذة في صحار,https://rukn-eltatawer.com/om/window-ac-installation-sohar/,window-ac-installation-sohar,window-ac-installation,sohar,2337,1416,0.394,0,20,13,1,,,,template_boilerplate|unexpanded_shortcodes|tel_in_content,Template/Boilerplate | Missing SEO Elements | Errors/Placeholders,Template/Boilerplate,"هيكل H2 مكرر على 1 مقالة، ونسبة الجمل المكررة 39%. شورت كود كيان غير مُفسَّر (أقسام ناقصة في HTML): [post_call], [post_features], [post_prices], [post_services], [post_steps]. ما زال هناك رابط اتصال هاتفي tel: داخل المحتوى."
5038,post,شركة تركيب وحدات تكييف نافذة في صلالة,https://rukn-eltatawer.com/om/window-ac-installation-salalah/,window-ac-installation-salalah,window-ac-installation,salalah,2371,1382,0.417,0,20,13,1,,,,template_boilerplate|unexpanded_shortcodes|tel_in_content,Template/Boilerplate | Missing SEO Elements | Errors/Placeholders,Template/Boilerplate,"هيكل H2 مكرر على 1 مقالة، ونسبة الجمل المكررة 42%. شورت كود كيان غير مُفسَّر (أقسام ناقصة في HTML): [post_call], [post_features], [post_prices], [post_services], [post_steps]. ما زال هناك رابط اتصال هاتفي tel: داخل المحتوى."
5037,post,شركة تركيب وحدات تكييف نافذة في مسقط,https://rukn-eltatawer.com/om/window-ac-installation-muscat/,window-ac-installation-muscat,window-ac-installation,muscat,2414,1520,0.37,0,20,13,1,,,,template_boilerplate|unexpanded_shortcodes|tel_in_content,Template/Boilerplate | Missing SEO Elements | Errors/Placeholders,Template/Boilerplate,"هيكل H2 مكرر على 1 مقالة، ونسبة الجمل المكررة 37%. شورت كود كيان غير مُفسَّر (أقسام ناقصة في HTML): [post_call], [post_features], [post_prices], [post_services], [post_steps]. ما زال هناك رابط اتصال هاتفي tel: داخل المحتوى."
5068,post,شركة نقل وتركيب مكيفات في البريمي,https://rukn-eltatawer.com/om/ac-relocation-installation-al-buraimi/,ac-relocation-installation-al-buraimi,ac-relocation-installation,al-buraimi,2255,1332,0.409,0,20,13,1,,,,template_boilerplate|unexpanded_shortcodes|tel_in_content,Template/Boilerplate | Missing SEO Elements | Errors/Placeholders,Template/Boilerplate,"هيكل H2 مكرر على 1 مقالة، ونسبة الجمل المكررة 41%. شورت كود كيان غير مُفسَّر (أقسام ناقصة في HTML): [post_call], [post_features], [post_prices], [post_services], [post_steps]. ما زال هناك رابط اتصال هاتفي tel: داخل المحتوى."
5066,post,شركة نقل وتركيب مكيفات في عبري,https://rukn-eltatawer.com/om/ac-relocation-installation-ibri/,ac-relocation-installation-ibri,ac-relocation-installation,ibri,2230,1282,0.425,0,20,13,1,,,,template_boilerplate|unexpanded_shortcodes|tel_in_content,Template/Boilerplate | Missing SEO Elements | Errors/Placeholders,Template/Boilerplate,"هيكل H2 مكرر على 1 مقالة، ونسبة الجمل المكررة 42%. شورت كود كيان غير مُفسَّر (أقسام ناقصة في HTML): [post_call], [post_features], [post_prices], [post_services], [post_steps]. ما زال هناك رابط اتصال هاتفي tel: داخل المحتوى."
5067,post,شركة نقل وتركيب مكيفات في الرستاق,https://rukn-eltatawer.com/om/ac-relocation-installation-rustaq/,ac-relocation-installation-rustaq,ac-relocation-installation,rustaq,2245,1262,0.438,0,20,13,1,,,,template_boilerplate|unexpanded_shortcodes|tel_in_content,Template/Boilerplate | Missing SEO Elements | Errors/Placeholders,Template/Boilerplate,"هيكل H2 مكرر على 1 مقالة، ونسبة الجمل المكررة 44%. شورت كود كيان غير مُفسَّر (أقسام ناقصة في HTML): [post_call], [post_features], [post_prices], [post_services], [post_steps]. ما زال هناك رابط اتصال هاتفي tel: داخل المحتوى."
5065,post,شركة نقل وتركيب مكيفات في صور,https://rukn-eltatawer.com/om/ac-relocation-installation-sur/,ac-relocation-installation-sur,ac-relocation-installation,sur,2247,1316,0.414,0,20,13,1,,,,template_boilerplate|unexpanded_shortcodes|tel_in_content,Template/Boilerplate | Missing SEO Elements | Errors/Placeholders,Template/Boilerplate,"هيكل H2 مكرر على 1 مقالة، ونسبة الجمل المكررة 41%. شورت كود كيان غير مُفسَّر (أقسام ناقصة في HTML): [post_call], [post_features], [post_prices], [post_services], [post_steps]. ما زال هناك رابط اتصال هاتفي tel: داخل المحتوى."
5064,post,شركة نقل وتركيب مكيفات في نزوى,https://rukn-eltatawer.com/om/ac-relocation-installation-nizwa/,ac-relocation-installation-nizwa,ac-relocation-installation,nizwa,2279,1364,0.401,0,20,13,1,,,,template_boilerplate|unexpanded_shortcodes|tel_in_content,Template/Boilerplate | Missing SEO Elements | Errors/Placeholders,Template/Boilerplate,"هيكل H2 مكرر على 1 مقالة، ونسبة الجمل المكررة 40%. شورت كود كيان غير مُفسَّر (أقسام ناقصة في HTML): [post_call], [post_features], [post_prices], [post_services], [post_steps]. ما زال هناك رابط اتصال هاتفي tel: داخل المحتوى."
5063,post,شركة نقل وتركيب مكيفات في صحار,https://rukn-eltatawer.com/om/ac-relocation-installation-sohar/,ac-relocation-installation-sohar,ac-relocation-installation,sohar,2239,1297,0.421,0,20,13,1,,,,template_boilerplate|unexpanded_shortcodes|tel_in_content,Template/Boilerplate | Missing SEO Elements | Errors/Placeholders,Template/Boilerplate,"هيكل H2 مكرر على 1 مقالة، ونسبة الجمل المكررة 42%. شورت كود كيان غير مُفسَّر (أقسام ناقصة في HTML): [post_call], [post_features], [post_prices], [post_services], [post_steps]. ما زال هناك رابط اتصال هاتفي tel: داخل المحتوى."
5062,post,شركة نقل وتركيب مكيفات في صلالة,https://rukn-eltatawer.com/om/ac-relocation-installation-salalah/,ac-relocation-installation-salalah,ac-relocation-installation,salalah,2321,1438,0.38,0,20,13,1,,,,template_boilerplate|unexpanded_shortcodes|tel_in_content,Template/Boilerplate | Missing SEO Elements | Errors/Placeholders,Template/Boilerplate,"هيكل H2 مكرر على 1 مقالة، ونسبة الجمل المكررة 38%. شورت كود كيان غير مُفسَّر (أقسام ناقصة في HTML): [post_call], [post_features], [post_prices], [post_services], [post_steps]. ما زال هناك رابط اتصال هاتفي tel: داخل المحتوى."
5061,post,شركة نقل وتركيب مكيفات في مسقط,https://rukn-eltatawer.com/om/ac-relocation-installation-muscat/,ac-relocation-installation-muscat,ac-relocation-installation,muscat,2381,1410,0.408,0,20,13,1,,,,template_boilerplate|unexpanded_shortcodes|tel_in_content,Template/Boilerplate | Missing SEO Elements | Errors/Placeholders,Template/Boilerplate,"هيكل H2 مكرر على 1 مقالة، ونسبة الجمل المكررة 41%. شورت كود كيان غير مُفسَّر (أقسام ناقصة في HTML): [post_call], [post_features], [post_prices], [post_services], [post_steps]. ما زال هناك رابط اتصال هاتفي tel: داخل المحتوى."
5076,post,شركة صيانة دكتات التكييف في البريمي,https://rukn-eltatawer.com/om/ac-duct-maintenance-al-buraimi/,ac-duct-maintenance-al-buraimi,ac-duct-maintenance,al-buraimi,2257,1340,0.406,0,20,13,1,,,,template_boilerplate|unexpanded_shortcodes|tel_in_content,Template/Boilerplate | Missing SEO Elements | Errors/Placeholders,Template/Boilerplate,"هيكل H2 مكرر على 1 مقالة، ونسبة الجمل المكررة 41%. شورت كود كيان غير مُفسَّر (أقسام ناقصة في HTML): [post_call], [post_features], [post_prices], [post_services], [post_steps]. ما زال هناك رابط اتصال هاتفي tel: داخل المحتوى."
5074,post,شركة صيانة دكتات التكييف في عبري,https://rukn-eltatawer.com/om/ac-duct-maintenance-ibri/,ac-duct-maintenance-ibri,ac-duct-maintenance,ibri,2229,1289,0.422,0,20,13,1,,,,template_boilerplate|unexpanded_shortcodes|tel_in_content,Template/Boilerplate | Missing SEO Elements | Errors/Placeholders,Template/Boilerplate,"هيكل H2 مكرر على 1 مقالة، ونسبة الجمل المكررة 42%. شورت كود كيان غير مُفسَّر (أقسام ناقصة في HTML): [post_call], [post_features], [post_prices], [post_services], [post_steps]. ما زال هناك رابط اتصال هاتفي tel: داخل المحتوى."
5075,post,شركة صيانة دكتات التكييف في الرستاق,https://rukn-eltatawer.com/om/ac-duct-maintenance-rustaq/,ac-duct-maintenance-rustaq,ac-duct-maintenance,rustaq,2255,1310,0.419,0,20,13,1,,,,template_boilerplate|unexpanded_shortcodes|tel_in_content,Template/Boilerplate | Missing SEO Elements | Errors/Placeholders,Template/Boilerplate,"هيكل H2 مكرر على 1 مقالة، ونسبة الجمل المكررة 42%. شورت كود كيان غير مُفسَّر (أقسام ناقصة في HTML): [post_call], [post_features], [post_prices], [post_services], [post_steps]. ما زال هناك رابط اتصال هاتفي tel: داخل المحتوى."
5073,post,شركة صيانة دكتات التكييف في صور,https://rukn-eltatawer.com/om/ac-duct-maintenance-sur/,ac-duct-maintenance-sur,ac-duct-maintenance,sur,2300,1269,0.448,0,20,13,1,,,,template_boilerplate|unexpanded_shortcodes|tel_in_content,Template/Boilerplate | Missing SEO Elements | Errors/Placeholders,Template/Boilerplate,"هيكل H2 مكرر على 1 مقالة، ونسبة الجمل المكررة 45%. شورت كود كيان غير مُفسَّر (أقسام ناقصة في HTML): [post_call], [post_features], [post_prices], [post_services], [post_steps]. ما زال هناك رابط اتصال هاتفي tel: داخل المحتوى."
5072,post,شركة صيانة دكتات التكييف في نزوى,https://rukn-eltatawer.com/om/ac-duct-maintenance-nizwa/,ac-duct-maintenance-nizwa,ac-duct-maintenance,nizwa,2294,1222,0.467,0,20,13,1,,,,template_boilerplate|unexpanded_shortcodes|tel_in_content,Template/Boilerplate | Missing SEO Elements | Errors/Placeholders,Template/Boilerplate,"هيكل H2 مكرر على 1 مقالة، ونسبة الجمل المكررة 47%. شورت كود كيان غير مُفسَّر (أقسام ناقصة في HTML): [post_call], [post_features], [post_prices], [post_services], [post_steps]. ما زال هناك رابط اتصال هاتفي tel: داخل المحتوى."
5071,post,شركة صيانة دكتات التكييف في صحار,https://rukn-eltatawer.com/om/ac-duct-maintenance-sohar/,ac-duct-maintenance-sohar,ac-duct-maintenance,sohar,2264,1339,0.409,0,20,13,1,,,,template_boilerplate|unexpanded_shortcodes|tel_in_content,Template/Boilerplate | Missing SEO Elements | Errors/Placeholders,Template/Boilerplate,"هيكل H2 مكرر على 1 مقالة، ونسبة الجمل المكررة 41%. شورت كود كيان غير مُفسَّر (أقسام ناقصة في HTML): [post_call], [post_features], [post_prices], [post_services], [post_steps]. ما زال هناك رابط اتصال هاتفي tel: داخل المحتوى."
5070,post,شركة صيانة دكتات التكييف في صلالة,https://rukn-eltatawer.com/om/ac-duct-maintenance-salalah/,ac-duct-maintenance-salalah,ac-duct-maintenance,salalah,2323,1338,0.424,0,20,13,1,https://rukn-eltatawer.com/om/central-ac-maintenance-salalah/,cross-service-duplicate,4,template_boilerplate|duplicate_similar|unexpanded_shortcodes|tel_in_content,Template/Boilerplate | Duplicate/Similar | Missing SEO Elements | Errors/Placeholders,Template/Boilerplate,"هيكل H2 مكرر على 1 مقالة، ونسبة الجمل المكررة 42%. تشابه مرتفع (hamming=4, cross-service-duplicate) مع https://rukn-eltatawer.com/om/central-ac-maintenance-salalah/. شورت كود كيان غير مُفسَّر (أقسام ناقصة في HTML): [post_call], [post_features], [post_prices], [post_services], [post_steps]. ما زال هناك رابط اتصال هاتفي tel: داخل المحتوى."
5069,post,شركة صيانة دكتات التكييف في مسقط,https://rukn-eltatawer.com/om/ac-duct-maintenance-muscat/,ac-duct-maintenance-muscat,ac-duct-maintenance,muscat,2388,1404,0.412,0,20,13,1,,,,template_boilerplate|unexpanded_shortcodes|tel_in_content,Template/Boilerplate | Missing SEO Elements | Errors/Placeholders,Template/Boilerplate,"هيكل H2 مكرر على 1 مقالة، ونسبة الجمل المكررة 41%. شورت كود كيان غير مُفسَّر (أقسام ناقصة في HTML): [post_call], [post_features], [post_prices], [post_services], [post_steps]. ما زال هناك رابط اتصال هاتفي tel: داخل المحتوى."
5052,post,شركة تعبئة فريون مكيفات في البريمي,https://rukn-eltatawer.com/om/ac-freon-refill-al-buraimi/,ac-freon-refill-al-buraimi,ac-freon-refill,al-buraimi,2220,1236,0.443,0,20,13,1,,,,template_boilerplate|unexpanded_shortcodes|tel_in_content,Template/Boilerplate | Missing SEO Elements | Errors/Placeholders,Template/Boilerplate,"هيكل H2 مكرر على 1 مقالة، ونسبة الجمل المكررة 44%. شورت كود كيان غير مُفسَّر (أقسام ناقصة في HTML): [post_call], [post_features], [post_prices], [post_services], [post_steps]. ما زال هناك رابط اتصال هاتفي tel: داخل المحتوى."
5050,post,شركة تعبئة فريون مكيفات في عبري,https://rukn-eltatawer.com/om/ac-freon-refill-ibri/,ac-freon-refill-ibri,ac-freon-refill,ibri,2193,1319,0.399,0,20,13,1,,,,template_boilerplate|unexpanded_shortcodes|tel_in_content,Template/Boilerplate | Missing SEO Elements | Errors/Placeholders,Template/Boilerplate,"هيكل H2 مكرر على 1 مقالة، ونسبة الجمل المكررة 40%. شورت كود كيان غير مُفسَّر (أقسام ناقصة في HTML): [post_call], [post_features], [post_prices], [post_services], [post_steps]. ما زال هناك رابط اتصال هاتفي tel: داخل المحتوى."
5051,post,شركة تعبئة فريون مكيفات في الرستاق,https://rukn-eltatawer.com/om/ac-freon-refill-rustaq/,ac-freon-refill-rustaq,ac-freon-refill,rustaq,2261,1374,0.392,0,20,13,1,,,,template_boilerplate|unexpanded_shortcodes|tel_in_content,Template/Boilerplate | Missing SEO Elements | Errors/Placeholders,Template/Boilerplate,"هيكل H2 مكرر على 1 مقالة، ونسبة الجمل المكررة 39%. شورت كود كيان غير مُفسَّر (أقسام ناقصة في HTML): [post_call], [post_features], [post_prices], [post_services], [post_steps]. ما زال هناك رابط اتصال هاتفي tel: داخل المحتوى."
5049,post,شركة تعبئة فريون مكيفات في صور,https://rukn-eltatawer.com/om/ac-freon-refill-sur/,ac-freon-refill-sur,ac-freon-refill,sur,2265,1343,0.407,0,20,13,1,,,,template_boilerplate|unexpanded_shortcodes|tel_in_content,Template/Boilerplate | Missing SEO Elements | Errors/Placeholders,Template/Boilerplate,"هيكل H2 مكرر على 1 مقالة، ونسبة الجمل المكررة 41%. شورت كود كيان غير مُفسَّر (أقسام ناقصة في HTML): [post_call], [post_features], [post_prices], [post_services], [post_steps]. ما زال هناك رابط اتصال هاتفي tel: داخل المحتوى."
5048,post,شركة تعبئة فريون مكيفات في نزوى,https://rukn-eltatawer.com/om/ac-freon-refill-nizwa/,ac-freon-refill-nizwa,ac-freon-refill,nizwa,2262,1350,0.403,0,20,13,1,,,,template_boilerplate|unexpanded_shortcodes|tel_in_content,Template/Boilerplate | Missing SEO Elements | Errors/Placeholders,Template/Boilerplate,"هيكل H2 مكرر على 1 مقالة، ونسبة الجمل المكررة 40%. شورت كود كيان غير مُفسَّر (أقسام ناقصة في HTML): [post_call], [post_features], [post_prices], [post_services], [post_steps]. ما زال هناك رابط اتصال هاتفي tel: داخل المحتوى."
5047,post,شركة تعبئة فريون مكيفات في صحار,https://rukn-eltatawer.com/om/ac-freon-refill-sohar/,ac-freon-refill-sohar,ac-freon-refill,sohar,2231,1309,0.413,0,20,13,1,,,,template_boilerplate|unexpanded_shortcodes|tel_in_content,Template/Boilerplate | Missing SEO Elements | Errors/Placeholders,Template/Boilerplate,"هيكل H2 مكرر على 1 مقالة، ونسبة الجمل المكررة 41%. شورت كود كيان غير مُفسَّر (أقسام ناقصة في HTML): [post_call], [post_features], [post_prices], [post_services], [post_steps]. ما زال هناك رابط اتصال هاتفي tel: داخل المحتوى."
5046,post,شركة تعبئة فريون مكيفات في صلالة,https://rukn-eltatawer.com/om/ac-freon-refill-salalah/,ac-freon-refill-salalah,ac-freon-refill,salalah,2290,1283,0.44,0,20,13,1,,,,template_boilerplate|unexpanded_shortcodes|tel_in_content,Template/Boilerplate | Missing SEO Elements | Errors/Placeholders,Template/Boilerplate,"هيكل H2 مكرر على 1 مقالة، ونسبة الجمل المكررة 44%. شورت كود كيان غير مُفسَّر (أقسام ناقصة في HTML): [post_call], [post_features], [post_prices], [post_services], [post_steps]. ما زال هناك رابط اتصال هاتفي tel: داخل المحتوى."
5045,post,شركة تعبئة فريون مكيفات في مسقط,https://rukn-eltatawer.com/om/ac-freon-refill-muscat/,ac-freon-refill-muscat,ac-freon-refill,muscat,2368,1374,0.42,0,20,13,1,,,,template_boilerplate|unexpanded_shortcodes|tel_in_content,Template/Boilerplate | Missing SEO Elements | Errors/Placeholders,Template/Boilerplate,"هيكل H2 مكرر على 1 مقالة، ونسبة الجمل المكررة 42%. شورت كود كيان غير مُفسَّر (أقسام ناقصة في HTML): [post_call], [post_features], [post_prices], [post_services], [post_steps]. ما زال هناك رابط اتصال هاتفي tel: داخل المحتوى."
5060,post,شركة غسيل وتنظيف مكيفات في البريمي,https://rukn-eltatawer.com/om/ac-cleaning-washing-al-buraimi/,ac-cleaning-washing-al-buraimi,ac-cleaning-washing,al-buraimi,2254,1307,0.42,0,20,13,1,,,,template_boilerplate|unexpanded_shortcodes|tel_in_content,Template/Boilerplate | Missing SEO Elements | Errors/Placeholders,Template/Boilerplate,"هيكل H2 مكرر على 1 مقالة، ونسبة الجمل المكررة 42%. شورت كود كيان غير مُفسَّر (أقسام ناقصة في HTML): [post_call], [post_features], [post_prices], [post_services], [post_steps]. ما زال هناك رابط اتصال هاتفي tel: داخل المحتوى."
5058,post,شركة غسيل وتنظيف مكيفات في عبري,https://rukn-eltatawer.com/om/ac-cleaning-washing-ibri/,ac-cleaning-washing-ibri,ac-cleaning-washing,ibri,2208,1207,0.453,0,20,13,1,,,,template_boilerplate|unexpanded_shortcodes|tel_in_content,Template/Boilerplate | Missing SEO Elements | Errors/Placeholders,Template/Boilerplate,"هيكل H2 مكرر على 1 مقالة، ونسبة الجمل المكررة 45%. شورت كود كيان غير مُفسَّر (أقسام ناقصة في HTML): [post_call], [post_features], [post_prices], [post_services], [post_steps]. ما زال هناك رابط اتصال هاتفي tel: داخل المحتوى."
5059,post,شركة غسيل وتنظيف مكيفات في الرستاق,https://rukn-eltatawer.com/om/ac-cleaning-washing-rustaq/,ac-cleaning-washing-rustaq,ac-cleaning-washing,rustaq,2249,1317,0.414,0,20,13,1,,,,template_boilerplate|unexpanded_shortcodes|tel_in_content,Template/Boilerplate | Missing SEO Elements | Errors/Placeholders,Template/Boilerplate,"هيكل H2 مكرر على 1 مقالة، ونسبة الجمل المكررة 41%. شورت كود كيان غير مُفسَّر (أقسام ناقصة في HTML): [post_call], [post_features], [post_prices], [post_services], [post_steps]. ما زال هناك رابط اتصال هاتفي tel: داخل المحتوى."
5057,post,شركة غسيل وتنظيف مكيفات في صور,https://rukn-eltatawer.com/om/ac-cleaning-washing-sur/,ac-cleaning-washing-sur,ac-cleaning-washing,sur,2238,1231,0.45,0,20,13,1,,,,template_boilerplate|unexpanded_shortcodes|tel_in_content,Template/Boilerplate | Missing SEO Elements | Errors/Placeholders,Template/Boilerplate,"هيكل H2 مكرر على 1 مقالة، ونسبة الجمل المكررة 45%. شورت كود كيان غير مُفسَّر (أقسام ناقصة في HTML): [post_call], [post_features], [post_prices], [post_services], [post_steps]. ما زال هناك رابط اتصال هاتفي tel: داخل المحتوى."
5056,post,شركة غسيل وتنظيف مكيفات في نزوى,https://rukn-eltatawer.com/om/ac-cleaning-washing-nizwa/,ac-cleaning-washing-nizwa,ac-cleaning-washing,nizwa,2255,1345,0.404,0,20,13,1,,,,template_boilerplate|unexpanded_shortcodes|tel_in_content,Template/Boilerplate | Missing SEO Elements | Errors/Placeholders,Template/Boilerplate,"هيكل H2 مكرر على 1 مقالة، ونسبة الجمل المكررة 40%. شورت كود كيان غير مُفسَّر (أقسام ناقصة في HTML): [post_call], [post_features], [post_prices], [post_services], [post_steps]. ما زال هناك رابط اتصال هاتفي tel: داخل المحتوى."
5055,post,شركة غسيل وتنظيف مكيفات في صحار,https://rukn-eltatawer.com/om/ac-cleaning-washing-sohar/,ac-cleaning-washing-sohar,ac-cleaning-washing,sohar,2261,1320,0.416,0,20,13,1,,,,template_boilerplate|unexpanded_shortcodes|tel_in_content,Template/Boilerplate | Missing SEO Elements | Errors/Placeholders,Template/Boilerplate,"هيكل H2 مكرر على 1 مقالة، ونسبة الجمل المكررة 42%. شورت كود كيان غير مُفسَّر (أقسام ناقصة في HTML): [post_call], [post_features], [post_prices], [post_services], [post_steps]. ما زال هناك رابط اتصال هاتفي tel: داخل المحتوى."
5054,post,شركة غسيل وتنظيف مكيفات في صلالة,https://rukn-eltatawer.com/om/ac-cleaning-washing-salalah/,ac-cleaning-washing-salalah,ac-cleaning-washing,salalah,2308,1301,0.436,0,20,13,1,,,,template_boilerplate|unexpanded_shortcodes|tel_in_content,Template/Boilerplate | Missing SEO Elements | Errors/Placeholders,Template/Boilerplate,"هيكل H2 مكرر على 1 مقالة، ونسبة الجمل المكررة 44%. شورت كود كيان غير مُفسَّر (أقسام ناقصة في HTML): [post_call], [post_features], [post_prices], [post_services], [post_steps]. ما زال هناك رابط اتصال هاتفي tel: داخل المحتوى."
5053,post,شركة غسيل وتنظيف مكيفات في مسقط,https://rukn-eltatawer.com/om/ac-cleaning-washing-muscat/,ac-cleaning-washing-muscat,ac-cleaning-washing,muscat,2368,1417,0.402,0,20,13,1,,,,template_boilerplate|unexpanded_shortcodes|tel_in_content,Template/Boilerplate | Missing SEO Elements | Errors/Placeholders,Template/Boilerplate,"هيكل H2 مكرر على 1 مقالة، ونسبة الجمل المكررة 40%. شورت كود كيان غير مُفسَّر (أقسام ناقصة في HTML): [post_call], [post_features], [post_prices], [post_services], [post_steps]. ما زال هناك رابط اتصال هاتفي tel: داخل المحتوى."
5036,post,شركة تركيب مكيفات سبليت في البريمي,https://rukn-eltatawer.com/om/split-ac-installation-al-buraimi/,split-ac-installation-al-buraimi,split-ac-installation,al-buraimi,2239,1289,0.424,0,20,13,1,,,,template_boilerplate|unexpanded_shortcodes|tel_in_content,Template/Boilerplate | Missing SEO Elements | Errors/Placeholders,Template/Boilerplate,"هيكل H2 مكرر على 1 مقالة، ونسبة الجمل المكررة 42%. شورت كود كيان غير مُفسَّر (أقسام ناقصة في HTML): [post_call], [post_features], [post_prices], [post_services], [post_steps]. ما زال هناك رابط اتصال هاتفي tel: داخل المحتوى."
5034,post,شركة تركيب مكيفات سبليت في عبري,https://rukn-eltatawer.com/om/split-ac-installation-ibri/,split-ac-installation-ibri,split-ac-installation,ibri,2257,1274,0.436,0,20,13,1,,,,template_boilerplate|unexpanded_shortcodes|tel_in_content,Template/Boilerplate | Missing SEO Elements | Errors/Placeholders,Template/Boilerplate,"هيكل H2 مكرر على 1 مقالة، ونسبة الجمل المكررة 44%. شورت كود كيان غير مُفسَّر (أقسام ناقصة في HTML): [post_call], [post_features], [post_prices], [post_services], [post_steps]. ما زال هناك رابط اتصال هاتفي tel: داخل المحتوى."
5035,post,شركة تركيب مكيفات سبليت في الرستاق,https://rukn-eltatawer.com/om/split-ac-installation-rustaq/,split-ac-installation-rustaq,split-ac-installation,rustaq,2240,1344,0.4,0,20,13,1,,,,template_boilerplate|unexpanded_shortcodes|tel_in_content,Template/Boilerplate | Missing SEO Elements | Errors/Placeholders,Template/Boilerplate,"هيكل H2 مكرر على 1 مقالة، ونسبة الجمل المكررة 40%. شورت كود كيان غير مُفسَّر (أقسام ناقصة في HTML): [post_call], [post_features], [post_prices], [post_services], [post_steps]. ما زال هناك رابط اتصال هاتفي tel: داخل المحتوى."
5033,post,شركة تركيب مكيفات سبليت في صور,https://rukn-eltatawer.com/om/split-ac-installation-sur/,split-ac-installation-sur,split-ac-installation,sur,2289,1358,0.407,0,20,13,1,,,,template_boilerplate|unexpanded_shortcodes|tel_in_content,Template/Boilerplate | Missing SEO Elements | Errors/Placeholders,Template/Boilerplate,"هيكل H2 مكرر على 1 مقالة، ونسبة الجمل المكررة 41%. شورت كود كيان غير مُفسَّر (أقسام ناقصة في HTML): [post_call], [post_features], [post_prices], [post_services], [post_steps]. ما زال هناك رابط اتصال هاتفي tel: داخل المحتوى."
5032,post,شركة تركيب مكيفات سبليت في نزوى,https://rukn-eltatawer.com/om/split-ac-installation-nizwa/,split-ac-installation-nizwa,split-ac-installation,nizwa,2263,1313,0.42,0,20,13,1,,,,template_boilerplate|unexpanded_shortcodes|tel_in_content,Template/Boilerplate | Missing SEO Elements | Errors/Placeholders,Template/Boilerplate,"هيكل H2 مكرر على 1 مقالة، ونسبة الجمل المكررة 42%. شورت كود كيان غير مُفسَّر (أقسام ناقصة في HTML): [post_call], [post_features], [post_prices], [post_services], [post_steps]. ما زال هناك رابط اتصال هاتفي tel: داخل المحتوى."
5031,post,شركة تركيب مكيفات سبليت في صحار,https://rukn-eltatawer.com/om/split-ac-installation-sohar/,split-ac-installation-sohar,split-ac-installation,sohar,2240,1378,0.385,0,20,13,1,,,,template_boilerplate|unexpanded_shortcodes|tel_in_content|structural_error,Template/Boilerplate | Missing SEO Elements | Errors/Placeholders,Template/Boilerplate,"هيكل H2 مكرر على 1 مقالة، ونسبة الجمل المكررة 38%. شورت كود كيان غير مُفسَّر (أقسام ناقصة في HTML): [post_call], [post_features], [post_prices], [post_services], [post_steps]. ما زال هناك رابط اتصال هاتفي tel: داخل المحتوى. فقرتان متتاليتان متطابقتان."
5030,post,شركة تركيب مكيفات سبليت في صلالة,https://rukn-eltatawer.com/om/split-ac-installation-salalah/,split-ac-installation-salalah,split-ac-installation,salalah,2290,1360,0.406,0,20,13,1,,,,template_boilerplate|unexpanded_shortcodes|tel_in_content,Template/Boilerplate | Missing SEO Elements | Errors/Placeholders,Template/Boilerplate,"هيكل H2 مكرر على 1 مقالة، ونسبة الجمل المكررة 41%. شورت كود كيان غير مُفسَّر (أقسام ناقصة في HTML): [post_call], [post_features], [post_prices], [post_services], [post_steps]. ما زال هناك رابط اتصال هاتفي tel: داخل المحتوى."
1853,post,شركة تركيب مكيفات سبليت في مسقط,https://rukn-eltatawer.com/om/split-ac-installation-muscat/,split-ac-installation-muscat,split-ac-installation,muscat,2400,1526,0.364,0,20,13,1,,,,template_boilerplate|unexpanded_shortcodes|tel_in_content,Template/Boilerplate | Missing SEO Elements | Errors/Placeholders,Template/Boilerplate,"هيكل H2 مكرر على 1 مقالة، ونسبة الجمل المكررة 36%. شورت كود كيان غير مُفسَّر (أقسام ناقصة في HTML): [post_call], [post_features], [post_prices], [post_services], [post_steps]. ما زال هناك رابط اتصال هاتفي tel: داخل المحتوى."
8452,page,خريطة الموقع,https://rukn-eltatawer.com/om/html-sitemap/,html-sitemap,html-sitemap,,16350,16350,0.0,0,1,9,1,,,,,OK,OK,No major content issues detected.
6778,page,الشروط والأحكام,https://rukn-eltatawer.com/om/terms/,terms,terms,,62,62,0.0,0,1,4,1,,,,thin_raw,Thin Content,Thin Content,عدد الكلمات 62 أقل من 1000.
6777,page,الأسئلة الشائعة,https://rukn-eltatawer.com/om/faq/,faq,faq,,71,71,0.0,0,1,5,1,,,,thin_raw,Thin Content,Thin Content,عدد الكلمات 71 أقل من 1000.
6776,page,المدن,https://rukn-eltatawer.com/om/cities/,cities,cities,,75,75,0.0,0,1,0,1,,,,thin_raw,Thin Content,Thin Content,عدد الكلمات 75 أقل من 1000.
6775,page,خدماتنا,https://rukn-eltatawer.com/om/our-services/,our-services,our-services,,98,98,0.0,0,1,2,2,,,,thin_raw,Thin Content,Thin Content,عدد الكلمات 98 أقل من 1000.
6774,page,اتصل بنا,https://rukn-eltatawer.com/om/contact/,contact,contact,,79,79,0.0,0,1,1,18,,,,thin_raw,Thin Content,Thin Content,عدد الكلمات 79 أقل من 1000.
6773,page,من نحن,https://rukn-eltatawer.com/om/about/,about,about,,82,82,0.0,0,1,1,18,,,,thin_raw|structural_error,Thin Content | Errors/Placeholders,Thin Content,عدد الكلمات 82 أقل من 1000. كلمات إماراتية متبقية: إمارة
1854,page,Rukn Eltatawer Oman | Cleaning and home services,https://rukn-eltatawer.com/om/en-home/,en-home,en-home,,265,265,0.0,0,1,2,2,,,,thin_raw,Thin Content,Thin Content,عدد الكلمات 265 أقل من 1000.
3,page,سياسة الخصوصية,https://rukn-eltatawer.com/om/privacy-policy/,privacy-policy,privacy-policy,,82,82,0.0,0,4,0,1,,,,thin_raw,Thin Content,Thin Content,عدد الكلمات 82 أقل من 1000.
48,services,تصميم وتنفيذ الديكورات,https://rukn-eltatawer.com/om/services/interior-design/,interior-design,interior-design,,44,44,0.0,0,1,1,18,,,,thin_raw,Thin Content,Thin Content,عدد الكلمات 44 أقل من 1000.
47,services,تركيب الجبس بورد,https://rukn-eltatawer.com/om/services/gypsum-board/,gypsum-board,gypsum-board,,44,44,0.0,0,1,1,18,https://rukn-eltatawer.com/om/services/water-leak-detection/,cross-service-duplicate,8,thin_raw|duplicate_similar,Thin Content | Duplicate/Similar,Thin Content,"عدد الكلمات 44 أقل من 1000. تشابه مرتفع (hamming=8, cross-service-duplicate) مع https://rukn-eltatawer.com/om/services/water-leak-detection/."
46,services,الصبغ والدهانات,https://rukn-eltatawer.com/om/services/painting/,painting,painting,,43,43,0.0,0,1,1,18,https://rukn-eltatawer.com/om/services/roof-insulation/,cross-service-duplicate,4,thin_raw|duplicate_similar,Thin Content | Duplicate/Similar,Thin Content,"عدد الكلمات 43 أقل من 1000. تشابه مرتفع (hamming=4, cross-service-duplicate) مع https://rukn-eltatawer.com/om/services/roof-insulation/."
45,services,إنشاء وصيانة المسابح,https://rukn-eltatawer.com/om/services/swimming-pools/,swimming-pools,swimming-pools,,44,44,0.0,0,1,1,18,https://rukn-eltatawer.com/om/services/water-leak-detection/,cross-service-duplicate,7,thin_raw|duplicate_similar,Thin Content | Duplicate/Similar,Thin Content,"عدد الكلمات 44 أقل من 1000. تشابه مرتفع (hamming=7, cross-service-duplicate) مع https://rukn-eltatawer.com/om/services/water-leak-detection/."
44,services,تنسيق الحدائق,https://rukn-eltatawer.com/om/services/landscaping/,landscaping,landscaping,,43,43,0.0,0,1,1,18,https://rukn-eltatawer.com/om/services/pest-control/,cross-service-duplicate,8,thin_raw|duplicate_similar,Thin Content | Duplicate/Similar,Thin Content,"عدد الكلمات 43 أقل من 1000. تشابه مرتفع (hamming=8, cross-service-duplicate) مع https://rukn-eltatawer.com/om/services/pest-control/."
43,services,مكافحة الحشرات,https://rukn-eltatawer.com/om/services/pest-control/,pest-control,pest-control,,43,43,0.0,0,1,1,18,https://rukn-eltatawer.com/om/services/general-maintenance/,cross-service-duplicate,7,thin_raw|duplicate_similar,Thin Content | Duplicate/Similar,Thin Content,"عدد الكلمات 43 أقل من 1000. تشابه مرتفع (hamming=7, cross-service-duplicate) مع https://rukn-eltatawer.com/om/services/general-maintenance/."
42,services,التنظيف والتعقيم,https://rukn-eltatawer.com/om/services/cleaning-sterilization/,cleaning-sterilization,cleaning-sterilization,,43,43,0.0,0,1,1,18,https://rukn-eltatawer.com/om/services/electrical-works/,cross-service-duplicate,6,thin_raw|duplicate_similar,Thin Content | Duplicate/Similar,Thin Content,"عدد الكلمات 43 أقل من 1000. تشابه مرتفع (hamming=6, cross-service-duplicate) مع https://rukn-eltatawer.com/om/services/electrical-works/."
41,services,تركيب وصيانة التكييف,https://rukn-eltatawer.com/om/services/ac-install-maintenance/,ac-install-maintenance,ac-install-maintenance,,44,44,0.0,0,1,1,18,,,,thin_raw,Thin Content,Thin Content,عدد الكلمات 44 أقل من 1000.
40,services,أعمال الكهرباء,https://rukn-eltatawer.com/om/services/electrical-works/,electrical-works,electrical-works,,43,43,0.0,0,1,1,18,https://rukn-eltatawer.com/om/services/plumbing/,cross-service-duplicate,0,thin_raw|duplicate_similar,Thin Content | Duplicate/Similar,Thin Content,"عدد الكلمات 43 أقل من 1000. تشابه مرتفع (hamming=0, cross-service-duplicate) مع https://rukn-eltatawer.com/om/services/plumbing/."
39,services,تسليك المجاري,https://rukn-eltatawer.com/om/services/sewer-clearing/,sewer-clearing,sewer-clearing,,43,43,0.0,0,1,1,18,https://rukn-eltatawer.com/om/services/cleaning-sterilization/,cross-service-duplicate,7,thin_raw|duplicate_similar,Thin Content | Duplicate/Similar,Thin Content,"عدد الكلمات 43 أقل من 1000. تشابه مرتفع (hamming=7, cross-service-duplicate) مع https://rukn-eltatawer.com/om/services/cleaning-sterilization/."
38,services,أعمال السباكة,https://rukn-eltatawer.com/om/services/plumbing/,plumbing,plumbing,,43,43,0.0,0,1,1,18,https://rukn-eltatawer.com/om/services/electrical-works/,cross-service-duplicate,0,thin_raw|duplicate_similar,Thin Content | Duplicate/Similar,Thin Content,"عدد الكلمات 43 أقل من 1000. تشابه مرتفع (hamming=0, cross-service-duplicate) مع https://rukn-eltatawer.com/om/services/electrical-works/."
37,services,صيانة المباني,https://rukn-eltatawer.com/om/services/building-maintenance/,building-maintenance,building-maintenance,,43,43,0.0,0,1,1,18,,,,thin_raw,Thin Content,Thin Content,عدد الكلمات 43 أقل من 1000.
36,services,الصيانة العامة,https://rukn-eltatawer.com/om/services/general-maintenance/,general-maintenance,general-maintenance,,43,43,0.0,0,1,1,18,https://rukn-eltatawer.com/om/services/roof-insulation/,cross-service-duplicate,6,thin_raw|duplicate_similar,Thin Content | Duplicate/Similar,Thin Content,"عدد الكلمات 43 أقل من 1000. تشابه مرتفع (hamming=6, cross-service-duplicate) مع https://rukn-eltatawer.com/om/services/roof-insulation/."
35,services,العزل المائي والحراري,https://rukn-eltatawer.com/om/services/thermal-waterproof-insulation/,thermal-waterproof-insulation,thermal-waterproof-insulation,,44,44,0.0,0,1,1,18,https://rukn-eltatawer.com/om/services/swimming-pools/,cross-service-duplicate,8,thin_raw|duplicate_similar,Thin Content | Duplicate/Similar,Thin Content,"عدد الكلمات 44 أقل من 1000. تشابه مرتفع (hamming=8, cross-service-duplicate) مع https://rukn-eltatawer.com/om/services/swimming-pools/."
34,services,عزل الأسطح,https://rukn-eltatawer.com/om/services/roof-insulation/,roof-insulation,roof-insulation,,43,43,0.0,0,1,1,18,https://rukn-eltatawer.com/om/services/painting/,cross-service-duplicate,4,thin_raw|duplicate_similar,Thin Content | Duplicate/Similar,Thin Content,"عدد الكلمات 43 أقل من 1000. تشابه مرتفع (hamming=4, cross-service-duplicate) مع https://rukn-eltatawer.com/om/services/painting/."
33,services,كشف تسربات المياه,https://rukn-eltatawer.com/om/services/water-leak-detection/,water-leak-detection,water-leak-detection,,44,44,0.0,0,1,1,18,https://rukn-eltatawer.com/om/services/swimming-pools/,cross-service-duplicate,7,thin_raw|duplicate_similar,Thin Content | Duplicate/Similar,Thin Content,"عدد الكلمات 44 أقل من 1000. تشابه مرتفع (hamming=7, cross-service-duplicate) مع https://rukn-eltatawer.com/om/services/swimming-pools/."
